municipio;id;nome;cod_importacao
1100015;110001505;Alta Floresta D'Oeste;05
1100015;110001515;Filadélfia d'Oeste;15
1100015;110001520;Izidolândia;20
1100015;110001525;Nova Gease d'Oeste;25
1100015;110001530;Rolim de Moura do Guaporé;30
1100015;110001535;Santo Antônio d'Oeste;35
1100023;110002305;Ariquemes;05
1100031;110003105;Cabixi;05
1100049;110004905;Cacoal;05
1100049;110004910;Riozinho;10
1100049;110004915;Divinópolis;15
1100056;110005605;Cerejeiras;05
1100064;110006405;Colorado do Oeste;05
1100072;110007205;Corumbiara;05
1100080;110008005;Costa Marques;05
1100080;110008015;Real Forte Príncipe da Beira;15
1100080;110008035;São Domingos do Guaporé;35
1100098;110009805;Espigão D'Oeste;05
1100098;110009810;Boa Vista do Pacarana;10
1100098;110009812;Novo Paraíso;12
1100098;110009815;Flor da Serra;15
1100098;110009818;Nova Esperança;18
1100106;110010605;Guajará-Mirim;05
1100106;110010612;Iata;12
1100106;110010622;Surpresa;22
1100114;110011405;Jaru;05
1100114;110011410;Bom Jesus;10
1100114;110011420;Santa Cruz da Serra;20
1100114;110011425;Tarilândia;25
1100122;110012205;Ji-Paraná;05
1100122;110012220;Nova Colina;20
1100122;110012225;Nova Londrina;25
1100130;110013005;Machadinho D'Oeste;05
1100130;110013015;Oriente Novo;15
1100130;110013020;Quinto BEC;20
1100130;110013025;Tabajara;25
1100148;110014805;Nova Brasilândia D'Oeste;05
1100155;110015505;Ouro Preto do Oeste;05
1100155;110015525;Rondominas;25
1100189;110018905;Pimenta Bueno;05
1100189;110018915;Marco Rondon;15
1100189;110018920;Itaporanga;20
1100205;110020505;Porto Velho;05
1100205;110020510;Abunã;10
1100205;110020515;Calama;15
1100205;110020516;Demarcação;16
1100205;110020517;Extrema;17
1100205;110020518;Fortaleza do Abunã;18
1100205;110020520;Jaci Paraná;20
1100205;110020525;Mutum Paraná;25
1100205;110020530;Nazaré;30
1100205;110020535;Nova Califórnia;35
1100205;110020540;São Carlos;40
1100205;110020545;Vista Alegre do Abunã;45
1100254;110025405;Presidente Médici;05
1100254;110025415;Estrela de Rondônia;15
1100254;110025420;Novo Riachuelo;20
1100254;110025425;Vila Bandeira Branca;25
1100254;110025430;Vila Camargo;30
1100262;110026205;Rio Crespo;05
1100288;110028805;Rolim de Moura;05
1100296;110029605;Santa Luzia D'Oeste;05
1100304;110030405;Vilhena;05
1100320;110032005;São Miguel do Guaporé;05
1100320;110032020;Santana do Guaporé;20
1100338;110033805;Nova Mamoré;05
1100338;110033810;Araras;10
1100338;110033812;Jacynópolis;12
1100338;110033815;Nova Dimensão;15
1100338;110033820;Palmeiras;20
1100338;110033825;Nova Marechal Rondon;25
1100346;110034605;Alvorada D'Oeste;05
1100346;110034625;Tancredópolis;25
1100346;110034630;Terra Boa;30
1100379;110037905;Alto Alegre dos Parecis;05
1100403;110040305;Alto Paraíso;05
1100452;110045205;Buritis;05
1100502;110050205;Novo Horizonte do Oeste;05
1100502;110050210;Migrantinópolis;10
1100601;110060105;Cacaulândia;05
1100700;110070005;Campo Novo de Rondônia;05
1100809;110080905;Candeias do Jamari;05
1100809;110080920;Rio Preto do Candeias;20
1100908;110090805;Castanheiras;05
1100924;110092405;Chupinguaia;05
1100940;110094005;Cujubim;05
1101005;110100505;Governador Jorge Teixeira;05
1101005;110100515;Colina Verde;15
1101104;110110405;Itapuã do Oeste;05
1101203;110120305;Ministro Andreazza;05
1101302;110130205;Mirante da Serra;05
1101401;110140105;Monte Negro;05
1101435;110143505;Nova União;05
1101450;110145005;Parecis;05
1101468;110146805;Pimenteiras do Oeste;05
1101476;110147605;Primavera de Rondônia;05
1101484;110148405;São Felipe D'Oeste;05
1101492;110149205;São Francisco do Guaporé;05
1101492;110149210;Porto Murtinho;10
1101492;110149215;Pedras Negras;15
1101492;110149220;Santo Antônio do Guaporé;20
1101500;110150005;Seringueiras;05
1101559;110155905;Teixeirópolis;05
1101609;110160905;Theobroma;05
1101708;110170805;Urupá;05
1101757;110175705;Vale do Anari;05
1101807;110180705;Vale do Paraíso;05
1200013;120001305;Acrelândia;05
1200054;120005405;Assis Brasil;05
1200104;120010405;Brasiléia;05
1200138;120013805;Bujari;05
1200179;120017905;Capixaba;05
1200203;120020305;Cruzeiro do Sul;05
1200252;120025205;Epitaciolândia;05
1200302;120030205;Feijó;05
1200328;120032805;Jordão;05
1200336;120033605;Mâncio Lima;05
1200344;120034405;Manoel Urbano;05
1200351;120035105;Marechal Thaumaturgo;05
1200385;120038505;Plácido de Castro;05
1200385;120038510;Campinas;10
1200393;120039305;Porto Walter;05
1200401;120040105;Rio Branco;05
1200427;120042705;Rodrigues Alves;05
1200435;120043505;Santa Rosa do Purus;05
1200450;120045005;Senador Guiomard;05
1200500;120050005;Sena Madureira;05
1200609;120060905;Tarauacá;05
1200708;120070805;Xapuri;05
1200807;120080705;Porto Acre;05
1200807;120080720;Vila do Caquetá;20
1200807;120080723;Vila do Incra;23
1200807;120080725;Vila do V;25
1300029;130002905;Alvarães;05
1300060;130006005;Amaturá;05
1300086;130008605;Anamã;05
1300102;130010205;Anori;05
1300144;130014405;Apuí;05
1300144;130014410;Sucunduri;10
1300201;130020105;Atalaia do Norte;05
1300300;130030005;Autazes;05
1300300;130030010;Murutinga;10
1300409;130040905;Barcelos;05
1300508;130050805;Barreirinha;05
1300508;130050810;Ariaú;10
1300508;130050812;Cametá;12
1300508;130050815;Freguesia do Andirá;15
1300508;130050820;Pedras;20
1300607;130060705;Benjamin Constant;05
1300631;130063105;Beruri;05
1300680;130068005;Boa Vista do Ramos;05
1300680;130068010;Lago Preto;10
1300680;130068015;Massauari;15
1300680;130068020;Do Rio Urubu;20
1300706;130070605;Boca do Acre;05
1300706;130070610;Floriano Peixoto;10
1300805;130080505;Borba;05
1300805;130080520;Canumã;20
1300805;130080525;Axinin;25
1300839;130083905;Caapiranga;05
1300904;130090405;Canutama;05
1300904;130090410;Belo Monte;10
1300904;130090415;Açuanópolis;15
1301001;130100105;Carauari;05
1301100;130110005;Careiro;05
1301100;130110010;Purupuru;10
1301100;130110015;Janauacá;15
1301159;130115905;Careiro da Várzea;05
1301209;130120905;Coari;05
1301308;130130805;Codajás;05
1301308;130130810;Badajós;10
1301407;130140705;Eirunepé;05
1301506;130150605;Envira;05
1301605;130160505;Fonte Boa;05
1301654;130165405;Guajará;05
1301704;130170405;Humaitá;05
1301704;130170410;Realidade;10
1301803;130180305;Ipixuna;05
1301852;130185205;Iranduba;05
1301852;130185210;Ariaú;10
1301852;130185215;Cacau Pirêra;15
1301852;130185220;Lago do Limão;20
1301852;130185225;Paricatuba;25
1301902;130190205;Itacoatiara;05
1301902;130190210;Amatari;10
1301951;130195105;Itamarati;05
1302009;130200905;Itapiranga;05
1302108;130210805;Japurá;05
1302108;130210810;Vila Bitencourt;10
1302207;130220705;Juruá;05
1302306;130230605;Jutaí;05
1302405;130240505;Lábrea;05
1302504;130250405;Manacapuru;05
1302553;130255305;Manaquiri;05
1302603;130260305;Manaus;05
1302702;130270205;Manicoré;05
1302702;130270210;Santo Antônio do Matupi;10
1302801;130280105;Maraã;05
1302900;130290005;Maués;05
1302900;130290010;Osório da Fonseca;10
1302900;130290015;Repartimento;15
1303007;130300705;Nhamundá;05
1303106;130310605;Nova Olinda do Norte;05
1303205;130320505;Novo Airão;05
1303304;130330405;Novo Aripuanã;05
1303403;130340305;Parintins;05
1303403;130340310;Mocambo;10
1303403;130340315;Caburi;15
1303403;130340320;Vila Amazônia;20
1303403;130340325;Tracajá;25
1303403;130340330;Uaicurapá;30
1303502;130350205;Pauini;05
1303536;130353605;Presidente Figueiredo;05
1303536;130353610;Balbina;10
1303569;130356905;Rio Preto da Eva;05
1303601;130360105;Santa Isabel do Rio Negro;05
1303700;130370005;Santo Antônio do Içá;05
1303700;130370015;Alterosa;15
1303809;130380905;São Gabriel da Cachoeira;05
1303809;130380912;Cucui;12
1303809;130380915;Içana;15
1303809;130380920;São Felipe;20
1303908;130390805;São Paulo de Olivença;05
1303908;130390815;Santa Rita;15
1303957;130395705;São Sebastião do Uatumã;05
1303957;130395710;Santana;10
1304005;130400505;Silves;05
1304062;130406205;Tabatinga;05
1304104;130410405;Tapauá;05
1304203;130420305;Tefé;05
1304237;130423705;Tonantins;05
1304260;130426005;Uarini;05
1304302;130430205;Urucará;05
1304401;130440105;Urucurituba;05
1304401;130440110;Augusto Montenegro;10
1304401;130440115;Itapeaçú;15
1400027;140002705;Amajari;05
1400050;140005005;Alto Alegre;05
1400100;140010005;Boa Vista;05
1400159;140015905;Bonfim;05
1400175;140017505;Cantá;05
1400209;140020905;Caracaraí;05
1400233;140023305;Caroebe;05
1400282;140028205;Iracema;05
1400308;140030805;Mucajaí;05
1400407;140040705;Normandia;05
1400456;140045605;Pacaraima;05
1400472;140047205;Rorainópolis;05
1400506;140050605;São João da Baliza;05
1400605;140060505;São Luiz;05
1400704;140070405;Uiramutã;05
1500107;150010705;Abaetetuba;05
1500107;150010710;Beja;10
1500131;150013105;Abel Figueiredo;05
1500206;150020605;Acará;05
1500206;150020610;Guajará-Miri;10
1500206;150020615;Jaguarari;15
1500305;150030505;Afuá;05
1500347;150034705;Água Azul do Norte;05
1500404;150040405;Alenquer;05
1500503;150050305;Almeirim;05
1500503;150050310;Arumanduba;10
1500503;150050315;Monte Dourado;15
1500602;150060205;Altamira;05
1500602;150060206;Cachoeira da Serra;06
1500602;150060207;Castelo dos Sonhos;07
1500701;150070105;Anajás;05
1500800;150080005;Ananindeua;05
1500859;150085905;Anapu;05
1500909;150090905;Augusto Corrêa;05
1500909;150090910;Aturiaí;10
1500909;150090915;Emboraí;15
1500909;150090920;Itapixuna;20
1500958;150095805;Aurora do Pará;05
1501006;150100605;Aveiro;05
1501006;150100610;Brasília Legal;10
1501006;150100615;Pinhel;15
1501105;150110505;Bagre;05
1501105;150110510;Pedreira;10
1501204;150120405;Baião;05
1501204;150120410;Joana Peres;10
1501204;150120420;São Joaquim do Ituquara;20
1501204;150120430;Umarizal do Tocantins;30
1501253;150125305;Bannach;05
1501303;150130305;Barcarena;05
1501303;150130310;Murucupi;10
1501402;150140205;Belém;05
1501402;150140245;Bengui;45
1501402;150140250;Entroncamento;50
1501402;150140255;Guamá;55
1501402;150140260;Icoaraci;60
1501402;150140265;Mosqueiro;65
1501402;150140267;Outeiro;67
1501402;150140275;Sacramenta;75
1501451;150145105;Belterra;05
1501501;150150105;Benevides;05
1501501;150150110;Benfica;10
1501576;150157605;Bom Jesus do Tocantins;05
1501600;150160005;Bonito;05
1501709;150170905;Bragança;05
1501709;150170910;Almoço;10
1501709;150170915;Caratateua;15
1501709;150170920;Nova Mocajuba;20
1501709;150170930;Tijoca;30
1501709;150170940;Treme;40
1501725;150172505;Brasil Novo;05
1501758;150175805;Brejo Grande do Araguaia;05
1501758;150175815;São Raimundo do Araguaia;15
1501782;150178205;Breu Branco;05
1501808;150180805;Breves;05
1501808;150180810;Antônio Lemos;10
1501808;150180815;Curumu;15
1501808;150180820;São Miguel dos Macacos;20
1501907;150190705;Bujaru;05
1501907;150190710;Guajará-Açu;10
1501956;150195605;Cachoeira do Piriá;05
1502004;150200405;Cachoeira do Arari;05
1502103;150210305;Cametá;05
1502103;150210307;Areião;07
1502103;150210310;Carapajó;10
1502103;150210315;Curuçambaba;15
1502103;150210320;Janua Coeli;20
1502103;150210325;Juaba;25
1502103;150210330;Moiraba;30
1502103;150210336;Torres do Cupijó;36
1502103;150210340;Vila do Carmo do Tocantins;40
1502152;150215205;Canaã dos Carajás;05
1502202;150220205;Capanema;05
1502202;150220210;Mirasselvas;10
1502202;150220215;Tauari;15
1502301;150230105;Capitão Poço;05
1502400;150240005;Castanhal;05
1502400;150240010;Apeú;10
1502509;150250905;Chaves;05
1502509;150250910;São Sebastião de Viçosa;10
1502608;150260805;Colares;05
1502707;150270705;Conceição do Araguaia;05
1502756;150275605;Concórdia do Pará;05
1502764;150276405;Cumaru do Norte;05
1502772;150277205;Curionópolis;05
1502806;150280605;Curralinho;05
1502806;150280610;Piriá;10
1502855;150285505;Curuá;05
1502905;150290505;Curuçá;05
1502905;150290520;Lauro Sodré;20
1502905;150290525;Murajá;25
1502905;150290540;Ponta de Ramos;40
1502939;150293905;Dom Eliseu;05
1502954;150295405;Eldorado do Carajás;05
1503002;150300205;Faro;05
1503002;150300208;Nova Maracanã;08
1503044;150304405;Floresta do Araguaia;05
1503044;150304410;Bela Vista;10
1503077;150307705;Garrafão do Norte;05
1503093;150309305;Goianésia do Pará;05
1503101;150310105;Gurupá;05
1503101;150310110;Carrazedo;10
1503101;150310115;Itatupã;15
1503200;150320005;Igarapé-Açu;05
1503200;150320010;Caripi;10
1503309;150330905;Igarapé-Miri;05
1503309;150330910;Maiauatá;10
1503408;150340805;Inhangapi;05
1503457;150345705;Ipixuna do Pará;05
1503507;150350705;Irituia;05
1503606;150360605;Itaituba;05
1503606;150360620;Moraes Almeida;20
1503705;150370505;Itupiranga;05
1503754;150375405;Jacareacanga;05
1503754;150375420;Porto Rico;20
1503804;150380405;Jacundá;05
1503903;150390305;Juruti;05
1504000;150400005;Limoeiro do Ajuru;05
1504059;150405905;Mãe do Rio;05
1504109;150410905;Magalhães Barata;05
1504109;150410910;Cafezal;10
1504208;150420805;Marabá;05
1504307;150430705;Maracanã;05
1504307;150430715;Boa Esperança;15
1504307;150430740;São Roberto;40
1504406;150440605;Marapanim;05
1504406;150440610;Marudá;10
1504406;150440615;Matapiquara;15
1504406;150440620;Monte Alegre do Maú;20
1504406;150440622;Praia de Marudá;22
1504422;150442205;Marituba;05
1504455;150445505;Medicilândia;05
1504455;150445535;União da Floresta;35
1504505;150450505;Melgaço;05
1504505;150450510;Areias;10
1504604;150460405;Mocajuba;05
1504604;150460415;São Pedro de Viseu;15
1504703;150470305;Moju;05
1504703;150470310;Cairari;10
1504752;150475205;Mojuí dos Campos;05
1504802;150480205;Monte Alegre;05
1504901;150490105;Muaná;05
1504901;150490110;São Francisco da Jararaca;10
1504901;150490115;São Miguel do Pracuúba;15
1504950;150495005;Nova Esperança do Piriá;05
1504976;150497605;Nova Ipixuna;05
1505007;150500705;Nova Timboteua;05
1505007;150500710;Timboteua;10
1505031;150503105;Novo Progresso;05
1505031;150503110;Mil;10
1505064;150506405;Novo Repartimento;05
1505064;150506410;Belo Monte do Pará;10
1505064;150506420;Maracajá;20
1505064;150506440;Vitória da Conquista;40
1505106;150510605;Óbidos;05
1505205;150520505;Oeiras do Pará;05
1505304;150530405;Oriximiná;05
1505403;150540305;Ourém;05
1505437;150543705;Ourilândia do Norte;05
1505486;150548605;Pacajá;05
1505486;150548610;Bom Jardim;10
1505494;150549405;Palestina do Pará;05
1505502;150550205;Paragominas;05
1505536;150553605;Parauapebas;05
1505551;150555105;Pau D'Arco;05
1505601;150560105;Peixe-Boi;05
1505601;150560110;Tauarizinho;10
1505635;150563505;Piçarra;05
1505650;150565005;Placas;05
1505700;150570005;Ponta de Pedras;05
1505809;150580905;Portel;05
1505908;150590805;Porto de Moz;05
1505908;150590810;Veiros;10
1505908;150590815;Vilarinho do Monte;15
1506005;150600505;Prainha;05
1506005;150600510;Pacoval;10
1506005;150600525;Santa Maria do Uruará;25
1506104;150610405;Primavera;05
1506112;150611205;Quatipuru;05
1506112;150611210;Boa Vista;10
1506138;150613805;Redenção;05
1506161;150616105;Rio Maria;05
1506187;150618705;Rondon do Pará;05
1506195;150619505;Rurópolis;05
1506195;150619515;Divinópolis;15
1506203;150620305;Salinópolis;05
1506302;150630205;Salvaterra;05
1506302;150630210;Condeixa;10
1506302;150630215;Joanes;15
1506302;150630220;Jubim;20
1506302;150630225;Monsarás;25
1506351;150635105;Santa Bárbara do Pará;05
1506401;150640105;Santa Cruz do Arari;05
1506500;150650005;Santa Izabel do Pará;05
1506500;150650010;Americano;10
1506500;150650015;Caraparu;15
1506559;150655905;Santa Luzia do Pará;05
1506583;150658305;Santa Maria das Barreiras;05
1506583;150658310;Casa de Tábua;10
1506583;150658315;Nova Esperança;15
1506609;150660905;Santa Maria do Pará;05
1506708;150670805;Santana do Araguaia;05
1506807;150680705;Santarém;05
1506807;150680710;Alter do Chão;10
1506807;150680725;Boim;25
1506807;150680730;Curuai;30
1506807;150680740;Arapixuna;40
1506906;150690605;Santarém Novo;05
1507003;150700305;Santo Antônio do Tauá;05
1507003;150700310;Espírito Santo do Tauá;10
1507003;150700315;São Raimundo de Borralhos;15
1507102;150710205;São Caetano de Odivelas;05
1507102;150710210;Perseverança;10
1507151;150715105;São Domingos do Araguaia;05
1507201;150720105;São Domingos do Capim;05
1507300;150730005;São Félix do Xingu;05
1507300;150730020;Sudoeste;20
1507300;150730025;Taboca;25
1507300;150730030;Vila Ladeira Vermelha;30
1507300;150730035;Vila Lindoeste;35
1507300;150730040;Vila Nereu;40
1507409;150740905;São Francisco do Pará;05
1507458;150745805;São Geraldo do Araguaia;05
1507466;150746605;São João da Ponta;05
1507474;150747405;São João de Pirabas;05
1507474;150747410;Japerica;10
1507508;150750805;São João do Araguaia;05
1507508;150750810;Apinagés;10
1507607;150760705;São Miguel do Guamá;05
1507607;150760710;Caju;10
1507607;150760715;Urucuri;15
1507607;150760720;Urucuriteua;20
1507706;150770605;São Sebastião da Boa Vista;05
1507755;150775505;Sapucaia;05
1507805;150780505;Senador José Porfírio;05
1507904;150790405;Soure;05
1507953;150795305;Tailândia;05
1507953;150795310;Palmares;10
1507961;150796105;Terra Alta;05
1507979;150797905;Terra Santa;05
1508001;150800105;Tomé-Açu;05
1508035;150803505;Tracuateua;05
1508050;150805005;Trairão;05
1508084;150808405;Tucumã;05
1508100;150810005;Tucuruí;05
1508126;150812605;Ulianópolis;05
1508159;150815905;Uruará;05
1508159;150815910;Alvorada;10
1508209;150820905;Vigia;05
1508209;150820915;Porto Salvo;15
1508308;150830805;Viseu;05
1508308;150830815;Fernandes Belo;15
1508308;150830820;São José do Gurupi;20
1508308;150830825;São José do Piriá;25
1508357;150835705;Vitória do Xingu;05
1508407;150840705;Xinguara;05
1600055;160005505;Serra do Navio;05
1600055;160005510;Cachaço;10
1600105;160010505;Amapá;05
1600105;160010515;Sucuriju;15
1600154;160015405;Pedra Branca do Amapari;05
1600204;160020405;Calçoene;05
1600204;160020410;Cunani;10
1600204;160020415;Lourenço;15
1600212;160021205;Cutias;05
1600238;160023805;Ferreira Gomes;05
1600253;160025305;Itaubal;05
1600279;160027905;Laranjal do Jari;05
1600303;160030305;Macapá;05
1600303;160030310;Bailique;10
1600303;160030311;Carapanantuba;11
1600303;160030312;Fazendinha;12
1600303;160030324;São Joaquim do Pacuí;24
1600402;160040205;Mazagão;05
1600402;160040208;Carvão;08
1600402;160040215;Mazagão Velho;15
1600501;160050105;Oiapoque;05
1600501;160050110;Clevelândia do Norte;10
1600501;160050115;Vila Velha;15
1600501;160050120;Vila Brasil;20
1600535;160053505;Porto Grande;05
1600550;160055005;Pracuúba;05
1600600;160060005;Santana;05
1600600;160060007;Anauerapucu;07
1600600;160060010;Igarapé do Lago;10
1600600;160060015;Ilha de Santana;15
1600600;160060020;Piaçacá;20
1600600;160060023;Pirativa;23
1600709;160070905;Tartarugalzinho;05
1600808;160080805;Vitória do Jari;05
1700251;170025105;Abreulândia;05
1700301;170030105;Aguiarnópolis;05
1700350;170035005;Aliança do Tocantins;05
1700400;170040005;Almas;05
1700707;170070705;Alvorada;05
1701002;170100205;Ananás;05
1701051;170105105;Angico;05
1701101;170110105;Aparecida do Rio Negro;05
1701309;170130905;Aragominas;05
1701309;170130910;Reunidas;10
1701903;170190305;Araguacema;05
1702000;170200005;Araguaçu;05
1702109;170210905;Araguaína;05
1702158;170215805;Araguanã;05
1702208;170220805;Araguatins;05
1702208;170220810;Natal;10
1702208;170220820;Macaúba;20
1702307;170230705;Arapoema;05
1702406;170240605;Arraias;05
1702406;170240610;Cana Brava;10
1702554;170255405;Augustinópolis;05
1702703;170270305;Aurora do Tocantins;05
1702901;170290105;Axixá do Tocantins;05
1703008;170300805;Babaçulândia;05
1703057;170305705;Bandeirantes do Tocantins;05
1703073;170307305;Barra do Ouro;05
1703107;170310705;Barrolândia;05
1703206;170320605;Bernardo Sayão;05
1703305;170330505;Bom Jesus do Tocantins;05
1703602;170360205;Brasilândia do Tocantins;05
1703701;170370105;Brejinho de Nazaré;05
1703800;170380005;Buriti do Tocantins;05
1703826;170382605;Cachoeirinha;05
1703842;170384205;Campos Lindos;05
1703867;170386705;Cariri do Tocantins;05
1703883;170388305;Carmolândia;05
1703891;170389105;Carrasco Bonito;05
1703909;170390905;Caseara;05
1704105;170410505;Centenário;05
1704600;170460005;Chapada de Areia;05
1705102;170510205;Chapada da Natividade;05
1705508;170550805;Colinas do Tocantins;05
1705557;170555705;Combinado;05
1705607;170560705;Conceição do Tocantins;05
1706001;170600105;Couto Magalhães;05
1706100;170610005;Cristalândia;05
1706258;170625805;Crixás do Tocantins;05
1706506;170650605;Darcinópolis;05
1707009;170700905;Dianópolis;05
1707108;170710805;Divinópolis do Tocantins;05
1707207;170720705;Dois Irmãos do Tocantins;05
1707306;170730605;Dueré;05
1707405;170740505;Esperantina;05
1707553;170755305;Fátima;05
1707652;170765205;Figueirópolis;05
1707702;170770205;Filadélfia;05
1707702;170770210;Bielândia;10
1708205;170820505;Formoso do Araguaia;05
1708254;170825405;Tabocão;05
1708304;170830405;Goianorte;05
1709005;170900505;Goiatins;05
1709005;170900510;Cartucho;10
1709005;170900515;Craolândia;15
1709005;170900525;Alto Lindo;25
1709302;170930205;Guaraí;05
1709500;170950005;Gurupi;05
1709807;170980705;Ipueiras;05
1710508;171050805;Itacajá;05
1710706;171070605;Itaguatins;05
1710904;171090405;Itapiratins;05
1711100;171110005;Itaporã do Tocantins;05
1711506;171150605;Jaú do Tocantins;05
1711803;171180305;Juarina;05
1711902;171190205;Lagoa da Confusão;05
1711951;171195105;Lagoa do Tocantins;05
1712009;171200905;Lajeado;05
1712157;171215705;Lavandeira;05
1712405;171240505;Lizarda;05
1712405;171240510;Alto Bonito;10
1712454;171245405;Luzinópolis;05
1712504;171250405;Marianópolis do Tocantins;05
1712702;171270205;Mateiros;05
1712801;171280105;Maurilândia do Tocantins;05
1713205;171320505;Miracema do Tocantins;05
1713304;171330405;Miranorte;05
1713601;171360105;Monte do Carmo;05
1713700;171370005;Monte Santo do Tocantins;05
1713809;171380905;Palmeiras do Tocantins;05
1713957;171395705;Muricilândia;05
1714203;171420305;Natividade;05
1714203;171420320;Príncipe;20
1714302;171430205;Nazaré;05
1714880;171488005;Nova Olinda;05
1715002;171500205;Nova Rosalândia;05
1715101;171510105;Novo Acordo;05
1715150;171515005;Novo Alegre;05
1715259;171525905;Novo Jardim;05
1715507;171550705;Oliveira de Fátima;05
1715705;171570505;Palmeirante;05
1715754;171575405;Palmeirópolis;05
1716109;171610905;Paraíso do Tocantins;05
1716208;171620805;Paranã;05
1716208;171620810;Bom Jesus da Palma;10
1716208;171620815;Campo Alegre;15
1716307;171630705;Pau D'Arco;05
1716505;171650505;Pedro Afonso;05
1716505;171650510;Porto Real;10
1716604;171660405;Peixe;05
1716653;171665305;Pequizeiro;05
1716703;171670305;Colméia;05
1717008;171700805;Pindorama do Tocantins;05
1717206;171720605;Piraquê;05
1717503;171750305;Pium;05
1717800;171780005;Ponte Alta do Bom Jesus;05
1717909;171790905;Ponte Alta do Tocantins;05
1718006;171800605;Porto Alegre do Tocantins;05
1718204;171820405;Porto Nacional;05
1718204;171820425;Luzimangues;25
1718303;171830305;Praia Norte;05
1718402;171840205;Presidente Kennedy;05
1718451;171845105;Pugmil;05
1718501;171850105;Recursolândia;05
1718550;171855005;Riachinho;05
1718659;171865905;Rio da Conceição;05
1718709;171870905;Rio dos Bois;05
1718758;171875805;Rio Sono;05
1718808;171880805;Sampaio;05
1718840;171884005;Sandolândia;05
1718865;171886505;Santa Fé do Araguaia;05
1718881;171888105;Santa Maria do Tocantins;05
1718899;171889905;Santa Rita do Tocantins;05
1718907;171890705;Santa Rosa do Tocantins;05
1718907;171890710;Cangas;10
1718907;171890715;Morro de São João;15
1719004;171900405;Santa Tereza do Tocantins;05
1720002;172000205;Santa Terezinha do Tocantins;05
1720101;172010105;São Bento do Tocantins;05
1720150;172015005;São Félix do Tocantins;05
1720200;172020005;São Miguel do Tocantins;05
1720259;172025905;São Salvador do Tocantins;05
1720309;172030905;São Sebastião do Tocantins;05
1720499;172049905;São Valério;05
1720655;172065505;Silvanópolis;05
1720804;172080405;Sítio Novo do Tocantins;05
1720853;172085305;Sucupira;05
1720903;172090305;Taguatinga;05
1720937;172093705;Taipas do Tocantins;05
1720978;172097805;Talismã;05
1721000;172100005;Palmas;05
1721000;172100008;Buritirana;08
1721000;172100015;Taquaruçu;15
1721109;172110905;Tocantínia;05
1721208;172120805;Tocantinópolis;05
1721257;172125705;Tupirama;05
1721307;172130705;Tupiratins;05
1722081;172208105;Wanderlândia;05
1722107;172210705;Xambioá;05
2100055;210005505;Açailândia;05
2100105;210010505;Afonso Cunha;05
2100154;210015405;Água Doce do Maranhão;05
2100204;210020405;Alcântara;05
2100204;210020410;São João de Cortes;10
2100303;210030305;Aldeias Altas;05
2100402;210040205;Altamira do Maranhão;05
2100436;210043605;Alto Alegre do Maranhão;05
2100477;210047705;Alto Alegre do Pindaré;05
2100501;210050105;Alto Parnaíba;05
2100501;210050110;Curupá;10
2100550;210055005;Amapá do Maranhão;05
2100600;210060005;Amarante do Maranhão;05
2100709;210070905;Anajatuba;05
2100709;210070910;Porto das Gabarras;10
2100808;210080805;Anapurus;05
2100832;210083205;Apicum-Açu;05
2100873;210087305;Araguanã;05
2100907;210090705;Araioses;05
2100956;210095605;Arame;05
2101004;210100405;Arari;05
2101004;210100410;Bonfim do Arari;10
2101103;210110305;Axixá;05
2101202;210120205;Bacabal;05
2101251;210125105;Bacabeira;05
2101301;210130105;Bacuri;05
2101350;210135005;Bacurituba;05
2101400;210140005;Balsas;05
2101509;210150905;Barão de Grajaú;05
2101608;210160805;Barra do Corda;05
2101707;210170705;Barreirinhas;05
2101731;210173105;Belágua;05
2101772;210177205;Bela Vista do Maranhão;05
2101806;210180605;Benedito Leite;05
2101905;210190505;Bequimão;05
2101939;210193905;Bernardo do Mearim;05
2101970;210197005;Boa Vista do Gurupi;05
2102002;210200205;Bom Jardim;05
2102036;210203605;Bom Jesus das Selvas;05
2102077;210207705;Bom Lugar;05
2102101;210210105;Brejo;05
2102150;210215005;Brejo de Areia;05
2102200;210220005;Buriti;05
2102309;210230905;Buriti Bravo;05
2102309;210230910;Bacatuba;10
2102325;210232505;Buriticupu;05
2102358;210235805;Buritirana;05
2102374;210237405;Cachoeira Grande;05
2102408;210240805;Cajapió;05
2102507;210250705;Cajari;05
2102507;210250710;Boa Vista do Pindaré;10
2102556;210255605;Campestre do Maranhão;05
2102606;210260605;Cândido Mendes;05
2102606;210260610;Barão de Tromaí;10
2102606;210260615;Estandarte;15
2102705;210270505;Cantanhede;05
2102754;210275405;Capinzal do Norte;05
2102804;210280405;Carolina;05
2102903;210290305;Carutapera;05
2103000;210300005;Caxias;05
2103109;210310905;Cedral;05
2103125;210312505;Central do Maranhão;05
2103158;210315805;Centro do Guilherme;05
2103174;210317405;Centro Novo do Maranhão;05
2103208;210320805;Chapadinha;05
2103257;210325705;Cidelândia;05
2103307;210330705;Codó;05
2103307;210330710;Codozinho;10
2103307;210330715;São Raimundo de Codó;15
2103406;210340605;Coelho Neto;05
2103505;210350505;Colinas;05
2103554;210355405;Conceição do Lago-Açu;05
2103604;210360405;Coroatá;05
2103703;210370305;Cururupu;05
2103752;210375205;Davinópolis;05
2103802;210380205;Dom Pedro;05
2103901;210390105;Duque Bacelar;05
2104008;210400805;Esperantinópolis;05
2104057;210405705;Estreito;05
2104073;210407305;Feira Nova do Maranhão;05
2104081;210408105;Fernando Falcão;05
2104099;210409905;Formosa da Serra Negra;05
2104107;210410705;Fortaleza dos Nogueiras;05
2104206;210420605;Fortuna;05
2104305;210430505;Godofredo Viana;05
2104305;210430510;Aurizona;10
2104404;210440405;Gonçalves Dias;05
2104503;210450305;Governador Archer;05
2104552;210455205;Governador Edison Lobão;05
2104602;210460205;Governador Eugênio Barros;05
2104628;210462805;Governador Luiz Rocha;05
2104651;210465105;Governador Newton Bello;05
2104677;210467705;Governador Nunes Freire;05
2104701;210470105;Graça Aranha;05
2104800;210480005;Grajaú;05
2104909;210490905;Guimarães;05
2105005;210500505;Humberto de Campos;05
2105104;210510405;Icatu;05
2105104;210510410;Itapera;10
2105153;210515305;Igarapé do Meio;05
2105203;210520305;Igarapé Grande;05
2105302;210530205;Imperatriz;05
2105351;210535105;Itaipava do Grajaú;05
2105401;210540105;Itapecuru Mirim;05
2105427;210542705;Itinga do Maranhão;05
2105450;210545005;Jatobá;05
2105476;210547605;Jenipapo dos Vieiras;05
2105500;210550005;João Lisboa;05
2105609;210560905;Joselândia;05
2105658;210565805;Junco do Maranhão;05
2105708;210570805;Lago da Pedra;05
2105807;210580705;Lago do Junco;05
2105906;210590605;Lago Verde;05
2105922;210592205;Lagoa do Mato;05
2105948;210594805;Lago dos Rodrigues;05
2105963;210596305;Lagoa Grande do Maranhão;05
2105989;210598905;Lajeado Novo;05
2106003;210600305;Lima Campos;05
2106102;210610205;Loreto;05
2106201;210620105;Luís Domingues;05
2106300;210630005;Magalhães de Almeida;05
2106300;210630010;Custódio Lima;10
2106326;210632605;Maracaçumé;05
2106359;210635905;Marajá do Sena;05
2106375;210637505;Maranhãozinho;05
2106409;210640905;Mata Roma;05
2106508;210650805;Matinha;05
2106607;210660705;Matões;05
2106631;210663105;Matões do Norte;05
2106672;210667205;Milagres do Maranhão;05
2106706;210670605;Mirador;05
2106706;210670610;Ibipira;10
2106755;210675505;Miranda do Norte;05
2106805;210680505;Mirinzal;05
2106904;210690405;Monção;05
2107001;210700105;Montes Altos;05
2107100;210710005;Morros;05
2107209;210720905;Nina Rodrigues;05
2107258;210725805;Nova Colinas;05
2107308;210730805;Nova Iorque;05
2107357;210735705;Nova Olinda do Maranhão;05
2107407;210740705;Olho d'Água das Cunhãs;05
2107456;210745605;Olinda Nova do Maranhão;05
2107506;210750605;Paço do Lumiar;05
2107605;210760505;Palmeirândia;05
2107704;210770405;Paraibano;05
2107803;210780305;Parnarama;05
2107803;210780310;Brejo de São Félix;10
2107902;210790205;Passagem Franca;05
2108009;210800905;Pastos Bons;05
2108009;210800910;Roçado;10
2108058;210805805;Paulino Neves;05
2108108;210810805;Paulo Ramos;05
2108207;210820705;Pedreiras;05
2108207;210820710;Marianópolis;10
2108256;210825605;Pedro do Rosário;05
2108306;210830605;Penalva;05
2108405;210840505;Peri Mirim;05
2108454;210845405;Peritoró;05
2108504;210850405;Pindaré-Mirim;05
2108504;210850410;Pimentel;10
2108603;210860305;Pinheiro;05
2108603;210860310;Roque;10
2108702;210870205;Pio XII;05
2108801;210880105;Pirapemas;05
2108900;210890005;Poção de Pedras;05
2109007;210900705;Porto Franco;05
2109056;210905605;Porto Rico do Maranhão;05
2109106;210910605;Presidente Dutra;05
2109205;210920505;Presidente Juscelino;05
2109239;210923905;Presidente Médici;05
2109270;210927005;Presidente Sarney;05
2109304;210930405;Presidente Vargas;05
2109403;210940305;Primeira Cruz;05
2109452;210945205;Raposa;05
2109502;210950205;Riachão;05
2109551;210955105;Ribamar Fiquene;05
2109601;210960105;Rosário;05
2109700;210970005;Sambaíba;05
2109759;210975905;Santa Filomena do Maranhão;05
2109809;210980905;Santa Helena;05
2109809;210980910;Curva Grande;10
2109908;210990805;Santa Inês;05
2110005;211000505;Santa Luzia;05
2110039;211003905;Santa Luzia do Paruá;05
2110104;211010405;Santa Quitéria do Maranhão;05
2110203;211020305;Santa Rita;05
2110237;211023705;Santana do Maranhão;05
2110278;211027805;Santo Amaro do Maranhão;05
2110302;211030205;Santo Antônio dos Lopes;05
2110401;211040105;São Benedito do Rio Preto;05
2110500;211050005;São Bento;05
2110609;211060905;São Bernardo;05
2110658;211065805;São Domingos do Azeitão;05
2110708;211070805;São Domingos do Maranhão;05
2110807;211080705;São Félix de Balsas;05
2110856;211085605;São Francisco do Brejão;05
2110906;211090605;São Francisco do Maranhão;05
2110906;211090610;Caraíba do Norte;10
2110906;211090615;Ribeirão Azul;15
2111003;211100305;São João Batista;05
2111029;211102905;São João do Carú;05
2111052;211105205;São João do Paraíso;05
2111078;211107805;São João do Soter;05
2111102;211110205;São João dos Patos;05
2111201;211120105;São José de Ribamar;05
2111201;211120110;Mata;10
2111250;211125005;São José dos Basílios;05
2111300;211130005;São Luís;05
2111409;211140905;São Luís Gonzaga do Maranhão;05
2111508;211150805;São Mateus do Maranhão;05
2111532;211153205;São Pedro da Água Branca;05
2111573;211157305;São Pedro dos Crentes;05
2111607;211160705;São Raimundo das Mangabeiras;05
2111631;211163105;São Raimundo do Doca Bezerra;05
2111672;211167205;São Roberto;05
2111706;211170605;São Vicente Ferrer;05
2111722;211172205;Satubinha;05
2111748;211174805;Senador Alexandre Costa;05
2111763;211176305;Senador La Rocque;05
2111789;211178905;Serrano do Maranhão;05
2111805;211180505;Sítio Novo;05
2111904;211190405;Sucupira do Norte;05
2111953;211195305;Sucupira do Riachão;05
2112001;211200105;Tasso Fragoso;05
2112100;211210005;Timbiras;05
2112209;211220905;Timon;05
2112209;211220910;Buriti Cortado;10
2112233;211223305;Trizidela do Vale;05
2112274;211227405;Tufilândia;05
2112308;211230805;Tuntum;05
2112308;211230810;São Joaquim dos Melos;10
2112407;211240705;Turiaçu;05
2112456;211245605;Turilândia;05
2112506;211250605;Tutóia;05
2112506;211250610;Barro Duro;10
2112605;211260505;Urbano Santos;05
2112704;211270405;Vargem Grande;05
2112803;211280305;Viana;05
2112852;211285205;Vila Nova dos Martírios;05
2112902;211290205;Vitória do Mearim;05
2113009;211300905;Vitorino Freire;05
2114007;211400705;Zé Doca;05
2200053;220005305;Acauã;05
2200103;220010305;Agricolândia;05
2200202;220020205;Água Branca;05
2200251;220025105;Alagoinha do Piauí;05
2200277;220027705;Alegrete do Piauí;05
2200301;220030105;Alto Longá;05
2200400;220040005;Altos;05
2200459;220045905;Alvorada do Gurguéia;05
2200509;220050905;Amarante;05
2200608;220060805;Angical do Piauí;05
2200707;220070705;Anísio de Abreu;05
2200806;220080605;Antônio Almeida;05
2200905;220090505;Aroazes;05
2200954;220095405;Aroeiras do Itaim;05
2201002;220100205;Arraial;05
2201051;220105105;Assunção do Piauí;05
2201101;220110105;Avelino Lopes;05
2201150;220115005;Baixa Grande do Ribeiro;05
2201176;220117605;Barra D'Alcântara;05
2201200;220120005;Barras;05
2201309;220130905;Barreiras do Piauí;05
2201408;220140805;Barro Duro;05
2201507;220150705;Batalha;05
2201556;220155605;Bela Vista do Piauí;05
2201572;220157205;Belém do Piauí;05
2201606;220160605;Beneditinos;05
2201705;220170505;Bertolínia;05
2201739;220173905;Betânia do Piauí;05
2201770;220177005;Boa Hora;05
2201804;220180405;Bocaina;05
2201903;220190305;Bom Jesus;05
2201919;220191905;Bom Princípio do Piauí;05
2201929;220192905;Bonfim do Piauí;05
2201945;220194505;Boqueirão do Piauí;05
2201960;220196005;Brasileira;05
2201988;220198805;Brejo do Piauí;05
2202000;220200005;Buriti dos Lopes;05
2202026;220202605;Buriti dos Montes;05
2202059;220205905;Cabeceiras do Piauí;05
2202075;220207505;Cajazeiras do Piauí;05
2202083;220208305;Cajueiro da Praia;05
2202091;220209105;Caldeirão Grande do Piauí;05
2202109;220210905;Campinas do Piauí;05
2202117;220211705;Campo Alegre do Fidalgo;05
2202133;220213305;Campo Grande do Piauí;05
2202174;220217405;Campo Largo do Piauí;05
2202208;220220805;Campo Maior;05
2202251;220225105;Canavieira;05
2202307;220230705;Canto do Buriti;05
2202406;220240605;Capitão de Campos;05
2202455;220245505;Capitão Gervásio Oliveira;05
2202505;220250505;Caracol;05
2202539;220253905;Caraúbas do Piauí;05
2202554;220255405;Caridade do Piauí;05
2202604;220260405;Castelo do Piauí;05
2202653;220265305;Caxingó;05
2202703;220270305;Cocal;05
2202711;220271105;Cocal de Telha;05
2202729;220272905;Cocal dos Alves;05
2202737;220273705;Coivaras;05
2202752;220275205;Colônia do Gurguéia;05
2202778;220277805;Colônia do Piauí;05
2202802;220280205;Conceição do Canindé;05
2202851;220285105;Coronel José Dias;05
2202901;220290105;Corrente;05
2203008;220300805;Cristalândia do Piauí;05
2203107;220310705;Cristino Castro;05
2203206;220320605;Curimatá;05
2203230;220323005;Currais;05
2203255;220325505;Curralinhos;05
2203271;220327105;Curral Novo do Piauí;05
2203305;220330505;Demerval Lobão;05
2203354;220335405;Dirceu Arcoverde;05
2203404;220340405;Dom Expedito Lopes;05
2203420;220342005;Domingos Mourão;05
2203453;220345305;Dom Inocêncio;05
2203503;220350305;Elesbão Veloso;05
2203602;220360205;Eliseu Martins;05
2203701;220370105;Esperantina;05
2203750;220375005;Fartura do Piauí;05
2203800;220380005;Flores do Piauí;05
2203859;220385905;Floresta do Piauí;05
2203909;220390905;Floriano;05
2204006;220400605;Francinópolis;05
2204105;220410505;Francisco Ayres;05
2204154;220415405;Francisco Macedo;05
2204204;220420405;Francisco Santos;05
2204303;220430305;Fronteiras;05
2204352;220435205;Geminiano;05
2204402;220440205;Gilbués;05
2204501;220450105;Guadalupe;05
2204550;220455005;Guaribas;05
2204600;220460005;Hugo Napoleão;05
2204659;220465905;Ilha Grande;05
2204709;220470905;Inhuma;05
2204808;220480805;Ipiranga do Piauí;05
2204907;220490705;Isaías Coelho;05
2205003;220500305;Itainópolis;05
2205102;220510205;Itaueira;05
2205151;220515105;Jacobina do Piauí;05
2205201;220520105;Jaicós;05
2205250;220525005;Jardim do Mulato;05
2205276;220527605;Jatobá do Piauí;05
2205300;220530005;Jerumenha;05
2205359;220535905;João Costa;05
2205409;220540905;Joaquim Pires;05
2205458;220545805;Joca Marques;05
2205508;220550805;José de Freitas;05
2205516;220551605;Juazeiro do Piauí;05
2205524;220552405;Júlio Borges;05
2205532;220553205;Jurema;05
2205540;220554005;Lagoinha do Piauí;05
2205557;220555705;Lagoa Alegre;05
2205565;220556505;Lagoa do Barro do Piauí;05
2205573;220557305;Lagoa de São Francisco;05
2205581;220558105;Lagoa do Piauí;05
2205599;220559905;Lagoa do Sítio;05
2205607;220560705;Landri Sales;05
2205706;220570605;Luiz Correia;05
2205805;220580505;Luzilândia;05
2205854;220585405;Madeiro;05
2205904;220590405;Manoel Emídio;05
2205953;220595305;Marcolândia;05
2206001;220600105;Marcos Parente;05
2206050;220605005;Massapê do Piauí;05
2206100;220610005;Matias Olímpio;05
2206209;220620905;Miguel Alves;05
2206308;220630805;Miguel Leão;05
2206357;220635705;Milton Brandão;05
2206407;220640705;Monsenhor Gil;05
2206506;220650605;Monsenhor Hipólito;05
2206605;220660505;Monte Alegre do Piauí;05
2206654;220665405;Morro Cabeça no Tempo;05
2206670;220667005;Morro do Chapéu do Piauí;05
2206696;220669605;Murici dos Portelas;05
2206704;220670405;Nazaré do Piauí;05
2206720;220672005;Nazária;05
2206753;220675305;Nossa Senhora de Nazaré;05
2206803;220680305;Nossa Senhora dos Remédios;05
2206902;220690205;Novo Oriente do Piauí;05
2206951;220695105;Novo Santo Antônio;05
2207009;220700905;Oeiras;05
2207108;220710805;Olho D'Água do Piauí;05
2207207;220720705;Padre Marcos;05
2207306;220730605;Paes Landim;05
2207355;220735505;Pajeú do Piauí;05
2207405;220740505;Palmeira do Piauí;05
2207504;220750405;Palmeirais;05
2207553;220755305;Paquetá;05
2207603;220760305;Parnaguá;05
2207702;220770205;Parnaíba;05
2207751;220775105;Passagem Franca do Piauí;05
2207777;220777705;Patos do Piauí;05
2207793;220779305;Pau D'Arco do Piauí;05
2207801;220780105;Paulistana;05
2207850;220785005;Pavussu;05
2207900;220790005;Pedro II;05
2207934;220793405;Pedro Laurentino;05
2207959;220795905;Nova Santa Rita;05
2208007;220800705;Picos;05
2208106;220810605;Pimenteiras;05
2208205;220820505;Pio IX;05
2208304;220830405;Piracuruca;05
2208403;220840305;Piripiri;05
2208502;220850205;Porto;05
2208551;220855105;Porto Alegre do Piauí;05
2208601;220860105;Prata do Piauí;05
2208650;220865005;Queimada Nova;05
2208700;220870005;Redenção do Gurguéia;05
2208809;220880905;Regeneração;05
2208858;220885805;Riacho Frio;05
2208874;220887405;Ribeira do Piauí;05
2208908;220890805;Ribeiro Gonçalves;05
2209005;220900505;Rio Grande do Piauí;05
2209104;220910405;Santa Cruz do Piauí;05
2209153;220915305;Santa Cruz dos Milagres;05
2209203;220920305;Santa Filomena;05
2209302;220930205;Santa Luz;05
2209351;220935105;Santana do Piauí;05
2209377;220937705;Santa Rosa do Piauí;05
2209401;220940105;Santo Antônio de Lisboa;05
2209450;220945005;Santo Antônio dos Milagres;05
2209500;220950005;Santo Inácio do Piauí;05
2209559;220955905;São Braz do Piauí;05
2209609;220960905;São Félix do Piauí;05
2209658;220965805;São Francisco de Assis do Piauí;05
2209708;220970805;São Francisco do Piauí;05
2209757;220975705;São Gonçalo do Gurguéia;05
2209807;220980705;São Gonçalo do Piauí;05
2209856;220985605;São João da Canabrava;05
2209872;220987205;São João da Fronteira;05
2209906;220990605;São João da Serra;05
2209955;220995505;São João da Varjota;05
2209971;220997105;São João do Arraial;05
2210003;221000305;São João do Piauí;05
2210052;221005205;São José do Divino;05
2210102;221010205;São José do Peixe;05
2210201;221020105;São José do Piauí;05
2210300;221030005;São Julião;05
2210359;221035905;São Lourenço do Piauí;05
2210375;221037505;São Luis do Piauí;05
2210383;221038305;São Miguel da Baixa Grande;05
2210391;221039105;São Miguel do Fidalgo;05
2210409;221040905;São Miguel do Tapuio;05
2210508;221050805;São Pedro do Piauí;05
2210607;221060705;São Raimundo Nonato;05
2210623;221062305;Sebastião Barros;05
2210631;221063105;Sebastião Leal;05
2210656;221065605;Sigefredo Pacheco;05
2210706;221070605;Simões;05
2210805;221080505;Simplício Mendes;05
2210904;221090405;Socorro do Piauí;05
2210938;221093805;Sussuapara;05
2210953;221095305;Tamboril do Piauí;05
2210979;221097905;Tanque do Piauí;05
2211001;221100105;Teresina;05
2211100;221110005;União;05
2211209;221120905;Uruçuí;05
2211308;221130805;Valença do Piauí;05
2211357;221135705;Várzea Branca;05
2211407;221140705;Várzea Grande;05
2211506;221150605;Vera Mendes;05
2211605;221160505;Vila Nova do Piauí;05
2211704;221170405;Wall Ferraz;05
2300101;230010105;Abaiara;05
2300101;230010120;São José;20
2300101;230010125;Oitis;25
2300101;230010130;Triângulo;30
2300101;230010135;Olho D'Água de Pedras;35
2300150;230015005;Acarape;05
2300200;230020005;Acaraú;05
2300200;230020010;Aranaú;10
2300200;230020030;Juritianha;30
2300200;230020040;Lagoa do Carneiro;40
2300309;230030905;Acopiara;05
2300309;230030907;Barra do Ingá;07
2300309;230030910;Ebron;10
2300309;230030915;Isidoro;15
2300309;230030920;Quincoê;20
2300309;230030925;Santa Felícia;25
2300309;230030930;Santo Antônio;30
2300309;230030931;São Paulinho;31
2300309;230030933;Solidão;33
2300309;230030935;Trussu;35
2300408;230040805;Aiuaba;05
2300408;230040810;Barra;10
2300507;230050705;Alcântaras;05
2300507;230050710;Ventura;10
2300606;230060605;Altaneira;05
2300606;230060610;São Romão;10
2300705;230070505;Alto Santo;05
2300705;230070508;Baixio Grande;08
2300705;230070510;Castanhão;10
2300705;230070512;Batoque;12
2300705;230070515;Boa Fé;15
2300705;230070520;Bom Jesus;20
2300705;230070525;Cabrito;25
2300754;230075405;Amontada;05
2300754;230075410;Aracatiara;10
2300754;230075412;Garças;12
2300754;230075415;Icaraí;15
2300754;230075420;Lagoa Grande;20
2300754;230075425;Moitas;25
2300754;230075428;Mosquito;28
2300754;230075430;Nascente;30
2300754;230075435;Poço Comprido;35
2300754;230075440;Sabiaguaba;40
2300804;230080405;Antonina do Norte;05
2300804;230080410;Taboleiro;10
2300903;230090305;Apuiarés;05
2300903;230090310;Canafístula;10
2300903;230090315;Vila Soares;15
2301000;230100005;Aquiraz;05
2301000;230100007;Camará;07
2301000;230100008;Caponga da Bernarda;08
2301000;230100015;Jacaúna;15
2301000;230100017;João de Castro;17
2301000;230100020;Justiniano de Serpa;20
2301000;230100025;Patacas;25
2301000;230100030;Tapera;30
2301109;230110905;Aracati;05
2301109;230110907;Barreira dos Vianas;07
2301109;230110910;Cabreiro;10
2301109;230110916;Córrego dos Fernandes;16
2301109;230110924;Jirau;24
2301109;230110935;Mata Fresca;35
2301109;230110940;Santa Tereza;40
2301208;230120805;Aracoiaba;05
2301208;230120815;Ideal;15
2301208;230120816;Jaguarão;16
2301208;230120817;Jenipapeiro;17
2301208;230120819;Lagoa de São João;19
2301208;230120821;Milton Belo;21
2301208;230120823;Pedra Branca;23
2301208;230120824;Plácido Martins;24
2301208;230120825;Vazantes;25
2301257;230125705;Ararendá;05
2301257;230125715;Santo Antonio;15
2301257;230125720;Ramadinha;20
2301307;230130705;Araripe;05
2301307;230130710;Alagoinha;10
2301307;230130715;Brejinho;15
2301307;230130720;Pajeú;20
2301307;230130725;Riacho Grande;25
2301406;230140605;Aratuba;05
2301406;230140620;Pai João;20
2301505;230150505;Arneiroz;05
2301505;230150510;Cachoeira de Fora;10
2301505;230150520;Planalto;20
2301505;230150525;Novo Horizonte;25
2301604;230160405;Assaré;05
2301604;230160410;Amaro;10
2301604;230160415;Aratama;15
2301604;230160425;Genezaré;25
2301604;230160430;Cajazeiras dos Simiões;30
2301703;230170305;Aurora;05
2301703;230170310;Ingazeiras;10
2301703;230170312;Santa Vitória;12
2301703;230170315;Tipi;15
2301703;230170320;Cachoeira;20
2301802;230180205;Baixio;05
2301851;230185105;Banabuiú;05
2301851;230185112;Laranjeiras;12
2301851;230185114;Pedras Brancas;14
2301851;230185115;Rinaré;15
2301851;230185120;Sitiá;20
2301901;230190105;Barbalha;05
2301901;230190110;Arajara;10
2301901;230190112;Caldas;12
2301901;230190115;Estrela;15
2301950;230195005;Barreira;05
2301950;230195010;Córrego;10
2301950;230195015;Lagoa do Barro;15
2301950;230195025;Lagoa Grande;25
2302008;230200805;Barro;05
2302008;230200808;Brejinho;08
2302008;230200810;Cuncas;10
2302008;230200812;Engenho Velho;12
2302008;230200815;Iara;15
2302008;230200817;Monte Alegre;17
2302008;230200820;Santo Antônio;20
2302008;230200825;Serrota;25
2302008;230200830;Riachão;30
2302057;230205705;Barroquinha;05
2302057;230205710;Araras;10
2302057;230205715;Bitupitá;15
2302107;230210705;Baturité;05
2302107;230210710;Boa Vista;10
2302107;230210740;São Sebastião;40
2302206;230220605;Beberibe;05
2302206;230220608;Forquilha;08
2302206;230220610;Itapeim;10
2302206;230220615;Parajuru;15
2302206;230220620;Paripueira;20
2302206;230220622;Serra do Félix;22
2302206;230220625;Sucatinga;25
2302305;230230505;Bela Cruz;05
2302305;230230510;Prata;10
2302404;230240405;Boa Viagem;05
2302404;230240407;Águas Belas;07
2302404;230240408;Boqueirão;08
2302404;230240410;Domingos da Costa;10
2302404;230240415;Guia;15
2302404;230240420;Ibuaçu;20
2302404;230240422;Ipiranga;22
2302404;230240425;Jacampari;25
2302404;230240430;Massapê dos Paes;30
2302404;230240431;Olho D'Água do Bezerril;31
2302404;230240432;Olho d'Água dos Facundos;32
2302404;230240435;Poço da Pedra;35
2302404;230240440;Várzea da Ipueira;40
2302503;230250305;Brejo Santo;05
2302503;230250310;Poço;10
2302503;230250315;São Filipe;15
2302602;230260205;Camocim;05
2302602;230260210;Amarelas;10
2302602;230260225;Guriú;25
2302701;230270105;Campos Sales;05
2302701;230270110;Barão de Aquiraz;10
2302701;230270115;Carmelópolis;15
2302701;230270120;Itaguá;20
2302701;230270123;Monte Castelo;23
2302701;230270125;Quixariú;25
2302701;230270135;Poço das Pedras;35
2302800;230280005;Canindé;05
2302800;230280010;Bonito;10
2302800;230280011;Campos;11
2302800;230280012;Caiçara;12
2302800;230280013;Capitão Pedro Sampaio;13
2302800;230280015;Esperança;15
2302800;230280017;Iguaçu;17
2302800;230280020;Ipueiras dos Gomes;20
2302800;230280025;Monte Alegre;25
2302800;230280030;Targinos;30
2302800;230280035;Ubiraçu;35
2302800;230280040;Vazante do Curú;40
2302909;230290905;Capistrano;05
2303006;230300605;Caridade;05
2303006;230300610;Campos Belos;10
2303006;230300615;São Domingos;15
2303105;230310505;Cariré;05
2303105;230310510;Arariús;10
2303105;230310515;Cacimbas;15
2303105;230310520;Jucá;20
2303105;230310535;Tapuio;35
2303204;230320405;Caririaçu;05
2303204;230320410;Feitosa;10
2303204;230320415;Valência;15
2303204;230320420;Miragem;20
2303204;230320425;Cachoeirinha;25
2303204;230320430;Primavera;30
2303303;230330305;Cariús;05
2303303;230330307;Bela Vista;07
2303303;230330310;Caipu;10
2303303;230330315;São Bartolomeu;15
2303303;230330320;São Sebastião;20
2303402;230340205;Carnaubal;05
2303501;230350105;Cascavel;05
2303501;230350110;Caponga;10
2303501;230350112;Cristais;12
2303501;230350115;Guanacés;15
2303501;230350120;Jacarecoara;20
2303501;230350130;Pitombeiras;30
2303600;230360005;Catarina;05
2303659;230365905;Catunda;05
2303659;230365920;Paraíso;20
2303659;230365925;Video;25
2303709;230370905;Caucaia;05
2303709;230370907;Bom Princípio;07
2303709;230370910;Catuana;10
2303709;230370915;Guararu;15
2303709;230370917;Jurema;17
2303709;230370920;Mirambé;20
2303709;230370925;Sítios Novos;25
2303709;230370930;Tucunduba;30
2303808;230380805;Cedro;05
2303808;230380807;Assunção;07
2303808;230380810;Várzea da Conceição;10
2303808;230380820;Candeias;20
2303808;230380830;Lagedo;30
2303808;230380840;Santo Antônio;40
2303808;230380850;São Miguel;50
2303907;230390705;Chaval;05
2303907;230390710;Passagem;10
2303931;230393105;Choró;05
2303931;230393108;Barbada;08
2303931;230393110;Caiçarinha;10
2303931;230393120;Maravilha;20
2303931;230393125;Monte Castelo;25
2303931;230393135;Santa Rita;35
2303956;230395605;Chorozinho;05
2303956;230395610;Campestre;10
2303956;230395615;Cedro;15
2303956;230395625;Patos dos Liberatos;25
2303956;230395635;Timbaúba dos Marinheiros;35
2303956;230395640;Triângulo;40
2304004;230400405;Coreaú;05
2304004;230400410;Araquém;10
2304004;230400415;Aroeiras;15
2304004;230400417;Canto;17
2304004;230400420;Ubaúna;20
2304103;230410305;Crateús;05
2304103;230410307;Assis;07
2304103;230410309;Curral Velho;09
2304103;230410310;Ibiapaba;10
2304103;230410315;Irapuá;15
2304103;230410317;Lagoa das Pedras;17
2304103;230410320;Montenebo;20
2304103;230410325;Oiticica;25
2304103;230410330;Poti;30
2304103;230410333;Realejo;33
2304103;230410335;Santo Antônio;35
2304103;230410337;Santana;37
2304103;230410340;Tucuns;40
2304202;230420205;Crato;05
2304202;230420206;Baixio das Palmeiras;06
2304202;230420207;Belmonte;07
2304202;230420209;Campo Alegre;09
2304202;230420210;Dom Quintino;10
2304202;230420218;Monte Alverne;18
2304202;230420222;Bela Vista;22
2304202;230420225;Ponta da Serra;25
2304202;230420230;Santa Fé;30
2304202;230420240;Santa Rosa;40
2304236;230423605;Croatá;05
2304236;230423610;Barra do Sotero;10
2304236;230423620;Betânia;20
2304236;230423625;Lagoa da Cruz;25
2304236;230423635;Repartição;35
2304236;230423640;Santa Tereza;40
2304236;230423645;Vista Alegre;45
2304236;230423650;São Roque;50
2304251;230425105;Cruz;05
2304251;230425110;Caiçara;10
2304269;230426905;Deputado Irapuan Pinheiro;05
2304269;230426906;Aurora;06
2304269;230426907;Baixio;07
2304269;230426910;Betânia;10
2304269;230426920;Maratoã;20
2304269;230426925;Velame;25
2304277;230427705;Ereré;05
2304277;230427720;São João;20
2304277;230427725;Tomé Vieira;25
2304285;230428505;Eusébio;05
2304301;230430105;Farias Brito;05
2304301;230430110;Cariutaba;10
2304301;230430115;Nova Betânia;15
2304301;230430120;Quincuncá;20
2304350;230435005;Forquilha;05
2304350;230435020;Salgado dos Mendes;20
2304350;230435025;Trapiá;25
2304350;230435030;Cacimbinha;30
2304400;230440005;Fortaleza;05
2304459;230445905;Fortim;05
2304459;230445910;Barra;10
2304459;230445915;Campestre;15
2304459;230445920;Guajiru;20
2304459;230445925;Maceió;25
2304459;230445930;Viçosa;30
2304509;230450905;Frecheirinha;05
2304608;230460805;General Sampaio;05
2304657;230465705;Graça;05
2304657;230465720;Lapa;20
2304707;230470705;Granja;05
2304707;230470710;Adrianópolis;10
2304707;230470715;Ibuguaçu;15
2304707;230470720;Parazinho;20
2304707;230470725;Pessoa Anta;25
2304707;230470730;Sambaíba;30
2304707;230470735;Timonha;35
2304806;230480605;Granjeiro;05
2304806;230480610;Serrinha;10
2304806;230480615;Canabrava dos Ferreiras;15
2304905;230490505;Groaíras;05
2304905;230490515;Itamaracá;15
2304954;230495405;Guaiúba;05
2304954;230495410;Água Verde;10
2304954;230495411;Baú;11
2304954;230495413;Dourado;13
2304954;230495415;Itacima;15
2304954;230495425;Núcleo Colonial Pio XII (São Gerônimo);25
2305001;230500105;Guaraciaba do Norte;05
2305001;230500120;Várzea dos Espinhos;20
2305001;230500122;Martinslândia;22
2305001;230500125;Morrinhos Novos;25
2305001;230500127;Mucambo;27
2305001;230500130;Sussuanha;30
2305100;230510005;Guaramiranga;05
2305100;230510010;Pernambuquinho;10
2305209;230520905;Hidrolândia;05
2305209;230520910;Betânia;10
2305209;230520915;Conceição;15
2305209;230520920;Irajá;20
2305233;230523305;Horizonte;05
2305233;230523307;Aningas;07
2305233;230523312;Dourados;12
2305233;230523330;Queimados;30
2305266;230526605;Ibaretama;05
2305266;230526620;Nova-Vida;20
2305266;230526625;Oiticica;25
2305266;230526627;Pedra e Cal;27
2305266;230526630;Piranji;30
2305308;230530805;Ibiapina;05
2305308;230530807;Alto Lindo;07
2305308;230530808;Betânia;08
2305308;230530810;Santo Antônio da Pindoba;10
2305332;230533205;Ibicuitinga;05
2305332;230533210;Açude dos Pinheiros;10
2305332;230533215;Canindezinho;15
2305332;230533220;Chile;20
2305332;230533230;Viçosa;30
2305357;230535705;Icapuí;05
2305357;230535710;Ibicuitaba;10
2305357;230535715;Manibú;15
2305407;230540705;Icó;05
2305407;230540710;Cruzeirinho;10
2305407;230540715;Icozinho;15
2305407;230540720;Lima Campos;20
2305407;230540725;Pedrinhas;25
2305407;230540730;São Vicente;30
2305506;230550605;Iguatu;05
2305506;230550610;Barreiras;10
2305506;230550613;Barro Alto;13
2305506;230550615;Baú;15
2305506;230550625;José de Alencar;25
2305506;230550635;Gadelha;35
2305506;230550636;Riacho Vermelho;36
2305506;230550640;Suassurana;40
2305605;230560505;Independência;05
2305605;230560520;Ematuba;20
2305605;230560525;Iapi;25
2305605;230560530;Jandrangoeira;30
2305605;230560534;Monte Sinai;34
2305605;230560545;Tranqueiras;45
2305605;230560550;Cachoeira do Fogo;50
2305605;230560555;Várzea Grande;55
2305654;230565405;Ipaporanga;05
2305654;230565410;Sacramento;10
2305654;230565415;Lagoa do Barro;15
2305654;230565420;Mulungú;20
2305654;230565425;Torrões;25
2305654;230565430;Sítio Araras;30
2305654;230565435;Cajás dos Jorges;35
2305654;230565440;Água Branca;40
2305704;230570405;Ipaumirim;05
2305704;230570410;Felizardo;10
2305704;230570420;Canaúna;20
2305803;230580305;Ipu;05
2305803;230580308;Abílio Martins;08
2305803;230580315;Flores;15
2305803;230580318;Ingazeiras;18
2305803;230580323;Recanto;23
2305803;230580325;Várzea do Giló;25
2305902;230590205;Ipueiras;05
2305902;230590207;Alazans;07
2305902;230590210;América;10
2305902;230590212;Balseiros;12
2305902;230590215;Engenheiro João Tomé;15
2305902;230590220;Gázea;20
2305902;230590225;Livramento;25
2305902;230590230;Matriz;30
2305902;230590235;Nova Fátima;35
2305902;230590237;São José;37
2305902;230590240;São José das Lontras;40
2305902;230590245;Barrocas;45
2305902;230590250;Nova Graça;50
2306009;230600905;Iracema;05
2306009;230600907;Bastiões;07
2306009;230600915;Ema;15
2306009;230600925;São José;25
2306108;230610805;Irauçuba;05
2306108;230610810;Boa Vista do Caxitoré;10
2306108;230610815;Juá;15
2306108;230610820;Missi;20
2306207;230620705;Itaiçaba;05
2306256;230625605;Itaitinga;05
2306306;230630605;Itapajé;05
2306306;230630607;Aguaí;07
2306306;230630610;Baixa Grande;10
2306306;230630620;Cruz;20
2306306;230630625;Iratinga;25
2306306;230630630;Pitombeira;30
2306306;230630632;São Tomé;32
2306306;230630634;Serrote do Meio;34
2306306;230630635;Soledade;35
2306405;230640505;Itapipoca;05
2306405;230640520;Arapari;20
2306405;230640522;Ipu Mazagão;22
2306405;230640525;Assunção;25
2306405;230640527;Baleia;27
2306405;230640530;Barrento;30
2306405;230640535;Bela Vista;35
2306405;230640536;Calugi;36
2306405;230640540;Cruxati;40
2306405;230640547;Deserto;47
2306405;230640549;Lagoa das Mercês;49
2306405;230640550;Marinheiros;50
2306504;230650405;Itapiúna;05
2306504;230650410;Caio Prado;10
2306504;230650415;Itans;15
2306504;230650420;Palmatória;20
2306553;230655305;Itarema;05
2306553;230655310;Almofala;10
2306553;230655315;Carvoeiro;15
2306603;230660305;Itatira;05
2306603;230660310;Bandeira;10
2306603;230660312;Cachoeira;12
2306603;230660315;Lagoa do Mato;15
2306603;230660320;Morro Branco;20
2306702;230670205;Jaguaretama;05
2306801;230680105;Jaguaribara;05
2306900;230690005;Jaguaribe;05
2306900;230690010;Aquinópolis;10
2306900;230690015;Feiticeiro;15
2306900;230690020;Mapuá;20
2306900;230690025;Nova Floresta;25
2307007;230700705;Jaguaruana;05
2307007;230700710;Borges;10
2307007;230700715;Giqui;15
2307007;230700718;Santa Luzia;18
2307007;230700720;São José do Lagamar;20
2307007;230700725;Saquinho;25
2307007;230700730;Figueiredo;30
2307007;230700735;Jurema;35
2307106;230710605;Jardim;05
2307106;230710607;Corrente;07
2307106;230710610;Jardimirim;10
2307106;230710615;Fazenda Nova;15
2307106;230710620;Taquari;20
2307205;230720505;Jati;05
2307205;230720510;Balanças;10
2307205;230720515;Carnaúba;15
2307205;230720520;Baixa Grande;20
2307205;230720525;Mãe D'Água;25
2307254;230725405;Jijoca de Jericoacoara;05
2307304;230730405;Juazeiro do Norte;05
2307304;230730410;Marrocos;10
2307304;230730415;Padre Cícero;15
2307403;230740305;Jucás;05
2307403;230740310;Baixio da Donana;10
2307403;230740315;Canafístula;15
2307403;230740320;Mel;20
2307403;230740325;Poço Grande;25
2307403;230740330;São Pedro do Norte;30
2307502;230750205;Lavras da Mangabeira;05
2307502;230750210;Amaniutuba;10
2307502;230750215;Arrojado;15
2307502;230750220;Iborepi;20
2307502;230750225;Mangabeira;25
2307502;230750230;Quitaiús;30
2307601;230760105;Limoeiro do Norte;05
2307601;230760110;Bixopá;10
2307635;230763505;Madalena;05
2307635;230763510;Macaoca;10
2307635;230763515;Cacimba Nova;15
2307635;230763520;Cajazeiras;20
2307635;230763530;Paus Branco;30
2307635;230763545;União;45
2307650;230765005;Maracanaú;05
2307650;230765030;Pajuçara;30
2307700;230770005;Maranguape;05
2307700;230770010;Amanari;10
2307700;230770015;Antônio Marques;15
2307700;230770017;Cachoeira;17
2307700;230770020;Itapebussu;20
2307700;230770025;Jubaia;25
2307700;230770026;Ladeira Grande;26
2307700;230770027;Lages;27
2307700;230770029;Lagoa do Juvenal;29
2307700;230770031;Manoel Guedes;31
2307700;230770032;Papara;32
2307700;230770033;Penedo;33
2307700;230770035;Sapupara;35
2307700;230770037;São João do Amanari;37
2307700;230770040;Tanques;40
2307700;230770042;Umarizeiras;42
2307700;230770045;Vertentes do Lagedo;45
2307809;230780905;Marco;05
2307809;230780910;Panacuí;10
2307809;230780915;Mocambo;15
2307908;230790805;Martinópole;05
2308005;230800505;Massapê;05
2308005;230800510;Aiuá;10
2308005;230800513;Ipaguaçu;13
2308005;230800515;Mumbaba;15
2308005;230800520;Padre Linhares;20
2308005;230800522;Tangente;22
2308005;230800525;Tuína;25
2308104;230810405;Mauriti;05
2308104;230810410;Anauá;10
2308104;230810412;Buritizinho;12
2308104;230810415;Coité;15
2308104;230810420;Nova Santa Cruz;20
2308104;230810425;São Félix;25
2308104;230810427;Palestina do Cariri;27
2308104;230810429;São Miguel;29
2308104;230810430;Umburanas;30
2308104;230810435;Olho D'água;35
2308203;230820305;Meruoca;05
2308203;230820307;Anil;07
2308203;230820310;Camilos;10
2308203;230820315;Palestina do Norte;15
2308203;230820320;Santo Antônio dos Fernandes;20
2308203;230820325;São Francisco;25
2308302;230830205;Milagres;05
2308302;230830210;Rosário;10
2308302;230830215;Café da Linha;15
2308302;230830220;Fronteiro;20
2308302;230830225;Padre Cícero;25
2308351;230835105;Milhã;05
2308351;230835106;Baixa Verde;06
2308351;230835108;Barra;08
2308351;230835110;Carnaubinha;10
2308351;230835115;Ipueira;15
2308351;230835120;Monte Grave;20
2308377;230837705;Miraíma;05
2308377;230837710;Brotas;10
2308377;230837720;Poço da Onça;20
2308377;230837725;Riachão;25
2308377;230837730;Juremal;30
2308377;230837735;Bom Jesus;35
2308401;230840105;Missão Velha;05
2308401;230840115;Jamacaru;15
2308401;230840120;Missão Nova;20
2308401;230840125;Quimami;25
2308500;230850005;Mombaça;05
2308500;230850007;Açudinho dos Costas;07
2308500;230850010;Boa Vista;10
2308500;230850015;Cangati;15
2308500;230850020;Carnaúbas;20
2308500;230850025;Catolé;25
2308500;230850026;Cipó;26
2308500;230850027;Manoel Correia;27
2308500;230850030;Morada Nova;30
2308500;230850035;São Vicente;35
2308500;230850040;Cacimbas;40
2308500;230850045;Nova União;45
2308609;230860905;Monsenhor Tabosa;05
2308609;230860910;Barreiros;10
2308609;230860915;Nossa Senhora do Livramento;15
2308708;230870805;Morada Nova;05
2308708;230870810;Aruaru;10
2308708;230870815;Boa Água;15
2308708;230870825;Juazeiro de Baixo;25
2308708;230870827;Lagoa Grande;27
2308708;230870830;Pedras;30
2308708;230870835;Roldão;35
2308708;230870840;Uiraponga;40
2308807;230880705;Moraújo;05
2308807;230880707;Boa Esperança;07
2308807;230880710;Várzea da Volta;10
2308906;230890605;Morrinhos;05
2308906;230890640;Sítio Alegre;40
2309003;230900305;Mucambo;05
2309003;230900310;Carqueijo;10
2309003;230900315;Poço Verde;15
2309102;230910205;Mulungu;05
2309201;230920105;Nova Olinda;05
2309201;230920130;Triunfo;30
2309300;230930005;Nova Russas;05
2309300;230930015;Canindezinho;15
2309300;230930019;Espacinha;19
2309300;230930025;Major Simplício;25
2309300;230930030;Nova Betânia;30
2309300;230930045;São Pedro;45
2309300;230930050;Irapuá;50
2309300;230930055;Moringue;55
2309300;230930060;Miguel Antônio;60
2309409;230940905;Novo Oriente;05
2309409;230940915;Emaús;15
2309409;230940920;Palestina;20
2309409;230940924;Santa Maria;24
2309409;230940925;São Raimundo;25
2309409;230940930;Três Irmãos;30
2309458;230945805;Ocara;05
2309458;230945807;Arisco dos Marianos;07
2309458;230945810;Curupira;10
2309458;230945820;Novo Horizonte;20
2309458;230945830;Sereno de Cima;30
2309458;230945840;Serragem;40
2309508;230950805;Orós;05
2309508;230950810;Guassussê;10
2309508;230950815;Igarói;15
2309508;230950820;Palestina;20
2309508;230950830;Santarém;30
2309607;230960705;Pacajus;05
2309607;230960720;Itaipaba;20
2309607;230960730;Pascoal;30
2309706;230970605;Pacatuba;05
2309706;230970633;Monguba;33
2309706;230970635;Pavuna;35
2309706;230970650;Senador Carlos Jereissati;50
2309805;230980505;Pacoti;05
2309805;230980510;Colina;10
2309805;230980515;Fátima;15
2309805;230980520;Santa Ana;20
2309904;230990405;Pacujá;05
2310001;231000105;Palhano;05
2310001;231000110;São José;10
2310100;231010005;Palmácia;05
2310100;231010010;Gado;10
2310100;231010015;Gados dos Rodrigues;15
2310209;231020905;Paracuru;05
2310209;231020910;Jardim;10
2310209;231020920;Poço Doce;20
2310258;231025805;Paraipaba;05
2310258;231025810;Boa Vista;10
2310258;231025815;Camboas;15
2310258;231025820;Lagoinha;20
2310308;231030805;Parambu;05
2310308;231030810;Cococi;10
2310308;231030812;Gavião;12
2310308;231030814;Miranda;14
2310308;231030815;Monte Sion;15
2310308;231030820;Novo Assis;20
2310308;231030830;Oiticica;30
2310308;231030835;Riachão;35
2310308;231030840;Campo Grande;40
2310407;231040705;Paramoti;05
2310407;231040710;Água Boa;10
2310506;231050605;Pedra Branca;05
2310506;231050607;Capitão Mor;07
2310506;231050610;Mineirolândia;10
2310506;231050615;Santa Cruz do Banabuiú;15
2310506;231050620;Tróia;20
2310605;231060505;Penaforte;05
2310605;231060515;Juá;15
2310605;231060525;Santo André;25
2310704;231070405;Pentecoste;05
2310704;231070410;Matias;10
2310704;231070415;Porfírio Sampaio;15
2310704;231070420;Sebastião de Abreu;20
2310803;231080305;Pereiro;05
2310803;231080310;Crioulos;10
2310852;231085205;Pindoretama;05
2310852;231085210;Capim de Roça;10
2310852;231085215;Caponguinha;15
2310852;231085220;Ema;20
2310852;231085225;Pratiús;25
2310902;231090205;Piquet Carneiro;05
2310902;231090207;Catolé da Pista;07
2310902;231090210;Ibicuã;10
2310902;231090215;Mulungu;15
2310951;231095105;Pires Ferreira;05
2310951;231095110;Santo Izidro;10
2310951;231095115;Donato;15
2310951;231095120;Otavilândia;20
2311009;231100905;Poranga;05
2311009;231100907;Buritizal;07
2311009;231100908;Cachoeira Grande;08
2311009;231100910;Macambira;10
2311108;231110805;Porteiras;05
2311108;231110830;Simão;30
2311207;231120705;Potengi;05
2311207;231120710;Barreiros;10
2311231;231123105;Potiretama;05
2311231;231123110;Canindezinho;10
2311264;231126405;Quiterianópolis;05
2311264;231126410;Algodões;10
2311264;231126420;São Francisco;20
2311306;231130605;Quixadá;05
2311306;231130618;Califórnia;18
2311306;231130625;Cipó dos Anjos;25
2311306;231130630;Custódio;30
2311306;231130635;Daniel de Queiróz;35
2311306;231130640;Dom Maurício;40
2311306;231130643;Juá;43
2311306;231130650;Juatama;50
2311306;231130652;Riacho Verde;52
2311306;231130657;São Bernardo;57
2311306;231130659;São João dos Queirozes;59
2311306;231130665;Tapuiará;65
2311306;231130670;Várzea da Onça;70
2311355;231135505;Quixelô;05
2311355;231135507;Antonico;07
2311405;231140505;Quixeramobim;05
2311405;231140507;Belém;07
2311405;231140508;Berilândia;08
2311405;231140510;Encantado;10
2311405;231140515;Lacerda;15
2311405;231140530;Manituba;30
2311405;231140532;Nenelândia;32
2311405;231140535;Passagem;35
2311405;231140540;Damião Carneiro;40
2311405;231140545;São Miguel;45
2311405;231140550;Uruquê;50
2311504;231150405;Quixeré;05
2311504;231150407;Água Fria;07
2311504;231150410;Lagoinha;10
2311504;231150420;Tomé;20
2311603;231160305;Redenção;05
2311603;231160315;Antônio Diogo;15
2311603;231160321;Faísca;21
2311603;231160325;Guassi;25
2311603;231160330;Barra Nova;30
2311702;231170205;Reriutaba;05
2311702;231170210;Amanaiara;10
2311702;231170220;Campo Lindo;20
2311801;231180105;Russas;05
2311801;231180110;Bonhu;10
2311801;231180115;Flores;15
2311801;231180117;Lagoa Grande;17
2311801;231180119;Peixe;19
2311801;231180120;São João de Deus;20
2311801;231180125;Timbaúba de Nossa Senhora das Dores;25
2311900;231190005;Saboeiro;05
2311900;231190008;Barrinha;08
2311900;231190009;Felipe;09
2311900;231190010;Flamengo;10
2311900;231190030;Malhada;30
2311900;231190050;São José;50
2311959;231195905;Salitre;05
2311959;231195910;Caldeirão;10
2311959;231195920;Lagoa dos Crioulos;20
2312007;231200705;Santana do Acaraú;05
2312007;231200707;Bahia;07
2312007;231200708;Baixa Fria;08
2312007;231200709;Barro Preto;09
2312007;231200710;João Cordeiro;10
2312007;231200715;Mutambeiras;15
2312007;231200720;Parapuí;20
2312007;231200725;Sapó;25
2312106;231210605;Santana do Cariri;05
2312106;231210610;Anjinhos;10
2312106;231210615;Araporanga;15
2312106;231210620;Brejo Grande;20
2312106;231210625;Dom Leme;25
2312106;231210640;Pontal da Santa Cruz;40
2312205;231220505;Santa Quitéria;05
2312205;231220510;Lisieux;10
2312205;231220520;Logradouro;20
2312205;231220525;Macaraú;25
2312205;231220530;Malhada Grande;30
2312205;231220535;Saco do Belém;35
2312205;231220540;Raimundo Martins;40
2312205;231220545;Trapiá;45
2312205;231220550;Riacho da Pedras;50
2312205;231220555;Sangradouro;55
2312205;231220560;Areal;60
2312304;231230405;São Benedito;05
2312304;231230409;Barreiros;09
2312304;231230415;Inhuçu;15
2312403;231240305;São Gonçalo do Amarante;05
2312403;231240308;Cágado;08
2312403;231240310;Croatá;10
2312403;231240315;Pecém;15
2312403;231240320;Serrote;20
2312403;231240325;Siupé;25
2312403;231240327;Taiba;27
2312403;231240330;Umarituba;30
2312502;231250205;São João do Jaguaribe;05
2312601;231260105;São Luís do Curu;05
2312700;231270005;Senador Pompeu;05
2312700;231270006;Bonfim;06
2312700;231270008;Codia;08
2312700;231270010;Engenheiro José Lopes;10
2312700;231270015;São Joaquim do Salgado;15
2312700;231270020;Lagoa Nova;20
2312809;231280905;Senador Sá;05
2312809;231280910;Salão;10
2312809;231280915;Serrota;15
2312908;231290805;Sobral;05
2312908;231290807;Aprazível;07
2312908;231290810;Aracatiaçu;10
2312908;231290815;Bonfim;15
2312908;231290820;Caioca;20
2312908;231290825;Caracará;25
2312908;231290835;Jaibaras;35
2312908;231290840;Jordão;40
2312908;231290845;Rafael Arruda;45
2312908;231290847;Patos;47
2312908;231290850;Patriarca;50
2312908;231290853;São José do Torto;53
2312908;231290855;Taperuaba;55
2312908;231290865;Baracho;65
2312908;231290870;Bilheira;70
2312908;231290875;Pedra de Fogo;75
2312908;231290880;Salgado dos Machados;80
2313005;231300505;Solonópole;05
2313005;231300510;Assunção;10
2313005;231300515;Cangati;15
2313005;231300530;Pasta;30
2313005;231300532;Prefeita Suely Pinheiro;32
2313005;231300535;São José de Solonópole;35
2313104;231310405;Tabuleiro do Norte;05
2313104;231310410;Olho-d'Água da Bica;10
2313104;231310415;Peixe Gordo;15
2313203;231320305;Tamboril;05
2313203;231320307;Açudinho;07
2313203;231320310;Boa Esperança;10
2313203;231320315;Carvalho;15
2313203;231320320;Curatis;20
2313203;231320325;Holanda;25
2313203;231320330;Oliveiras;30
2313203;231320335;Sucesso;35
2313252;231325205;Tarrafas;05
2313252;231325210;Vila Nova;10
2313252;231325215;Caiçara;15
2313302;231330205;Tauá;05
2313302;231330210;Barra Nova;10
2313302;231330215;Carrapateiras;15
2313302;231330220;Inhamuns;20
2313302;231330225;Marrecas;25
2313302;231330230;Marruás;30
2313302;231330233;Santa Tereza;33
2313302;231330235;Trici;35
2313351;231335105;Tejuçuoca;05
2313351;231335110;Caxitoré;10
2313401;231340105;Tianguá;05
2313401;231340110;Arapá;10
2313401;231340115;Caruataí;15
2313401;231340120;Pindoguaba;20
2313401;231340125;Tabainha;25
2313401;231340130;Bela Vista;30
2313500;231350005;Trairi;05
2313500;231350006;Córrego Fundo;06
2313500;231350007;Canaan;07
2313500;231350008;Fleicheiras;08
2313500;231350009;Gualdrapas;09
2313500;231350010;Mundaú;10
2313500;231350011;Munguba;11
2313559;231355905;Tururu;05
2313559;231355910;Cemoaba;10
2313559;231355915;Conceição;15
2313559;231355925;São Pedro do Gavião;25
2313609;231360905;Ubajara;05
2313609;231360910;Araticum;10
2313609;231360915;Jaburuna;15
2313609;231360925;Nova Veneza;25
2313708;231370805;Umari;05
2313708;231370815;Pio X;15
2313757;231375705;Umirim;05
2313757;231375720;Caxitoré;20
2313757;231375730;São Joaquim;30
2313807;231380705;Uruburetama;05
2313807;231380709;Itacolomy;09
2313807;231380711;Mundaú;11
2313807;231380713;Retiro;13
2313807;231380715;Santa Luzia;15
2313906;231390605;Uruoca;05
2313906;231390610;Campánario;10
2313906;231390615;Paracuá;15
2313955;231395505;Varjota;05
2313955;231395515;Croatá;15
2314003;231400305;Várzea Alegre;05
2314003;231400310;Calabaça;10
2314003;231400315;Canindezinho;15
2314003;231400320;Ibicatu;20
2314003;231400325;Naraniú;25
2314003;231400330;Riacho Verde;30
2314102;231410205;Viçosa do Ceará;05
2314102;231410210;General Tibúrcio;10
2314102;231410212;Juá dos Vieiras;12
2314102;231410215;Lambedouro;15
2314102;231410217;Manhoso;17
2314102;231410220;Padre Vieira;20
2314102;231410223;Passagem da Onça;23
2314102;231410225;Quatiguaba;25
2400109;240010905;Acari;05
2400208;240020805;Açu;05
2400307;240030705;Afonso Bezerra;05
2400406;240040605;Água Nova;05
2400505;240050505;Alexandria;05
2400604;240060405;Almino Afonso;05
2400703;240070305;Alto do Rodrigues;05
2400802;240080205;Angicos;05
2400901;240090105;Antônio Martins;05
2401008;240100805;Apodi;05
2401107;240110705;Areia Branca;05
2401206;240120605;Arês;05
2401305;240130505;Campo Grande;05
2401404;240140405;Baía Formosa;05
2401453;240145305;Baraúna;05
2401503;240150305;Barcelona;05
2401602;240160205;Bento Fernandes;05
2401602;240160210;Belo Horizonte;10
2401651;240165105;Bodó;05
2401701;240170105;Bom Jesus;05
2401800;240180005;Brejinho;05
2401859;240185905;Caiçara do Norte;05
2401909;240190905;Caiçara do Rio do Vento;05
2402006;240200605;Caicó;05
2402105;240210505;Campo Redondo;05
2402204;240220405;Canguaretama;05
2402303;240230305;Caraúbas;05
2402303;240230310;São Geraldo;10
2402402;240240205;Carnaúba dos Dantas;05
2402501;240250105;Carnaubais;05
2402600;240260005;Ceará-Mirim;05
2402709;240270905;Cerro Corá;05
2402808;240280805;Coronel Ezequiel;05
2402907;240290705;Coronel João Pessoa;05
2403004;240300405;Cruzeta;05
2403103;240310305;Currais Novos;05
2403202;240320205;Doutor Severiano;05
2403251;240325105;Parnamirim;05
2403251;240325110;Pium;10
2403251;240325115;Cotovelo;15
2403251;240325120;Pirangi do Norte;20
2403301;240330105;Encanto;05
2403400;240340005;Equador;05
2403509;240350905;Espírito Santo;05
2403608;240360805;Extremoz;05
2403707;240370705;Felipe Guerra;05
2403756;240375605;Fernando Pedroza;05
2403806;240380605;Florânia;05
2403905;240390505;Francisco Dantas;05
2404002;240400205;Frutuoso Gomes;05
2404101;240410105;Galinhos;05
2404200;240420005;Goianinha;05
2404309;240430905;Governador Dix-Sept Rosado;05
2404408;240440805;Grossos;05
2404507;240450705;Guamaré;05
2404606;240460605;Ielmo Marinho;05
2404705;240470505;Ipanguaçu;05
2404804;240480405;Ipueira;05
2404853;240485305;Itajá;05
2404903;240490305;Itaú;05
2405009;240500905;Jaçanã;05
2405108;240510805;Jandaíra;05
2405207;240520705;Janduís;05
2405306;240530605;Januário Cicco;05
2405306;240530610;Córrego de São Mateus;10
2405405;240540505;Japi;05
2405504;240550405;Jardim de Angicos;05
2405603;240560305;Jardim de Piranhas;05
2405702;240570205;Jardim do Seridó;05
2405801;240580105;João Câmara;05
2405900;240590005;João Dias;05
2405900;240590010;Rosário;10
2406007;240600705;José da Penha;05
2406007;240600710;Major Felipe;10
2406106;240610605;Jucurutu;05
2406155;240615505;Jundiá;05
2406205;240620505;Lagoa d'Anta;05
2406304;240630405;Lagoa de Pedras;05
2406403;240640305;Lagoa de Velhos;05
2406502;240650205;Lagoa Nova;05
2406601;240660105;Lagoa Salgada;05
2406700;240670005;Lajes;05
2406700;240670010;Firmamento;10
2406809;240680905;Lajes Pintadas;05
2406908;240690805;Lucrécia;05
2407005;240700505;Luís Gomes;05
2407005;240700515;São Bernardo;15
2407104;240710405;Macaíba;05
2407104;240710410;Cana Brava;10
2407104;240710415;Traíras;15
2407104;240710420;Mangabeira;20
2407104;240710425;Cajazeiras;25
2407203;240720305;Macau;05
2407252;240725205;Major Sales;05
2407302;240730205;Marcelino Vieira;05
2407401;240740105;Martins;05
2407401;240740110;Salva Vida;10
2407500;240750005;Maxaranguape;05
2407609;240760905;Messias Targino;05
2407708;240770805;Montanhas;05
2407807;240780705;Monte Alegre;05
2407906;240790605;Monte das Gameleiras;05
2408003;240800305;Mossoró;05
2408102;240810205;Natal;05
2408201;240820105;Nísia Floresta;05
2408300;240830005;Nova Cruz;05
2408409;240840905;Olho d'Água do Borges;05
2408508;240850805;Ouro Branco;05
2408607;240860705;Paraná;05
2408706;240870605;Paraú;05
2408805;240880505;Parazinho;05
2408904;240890405;Parelhas;05
2408953;240895305;Rio do Fogo;05
2409100;240910005;Passa e Fica;05
2409209;240920905;Passagem;05
2409308;240930805;Patu;05
2409332;240933205;Santa Maria;05
2409407;240940705;Pau dos Ferros;05
2409506;240950605;Pedra Grande;05
2409605;240960505;Pedra Preta;05
2409704;240970405;Pedro Avelino;05
2409803;240980305;Pedro Velho;05
2409902;240990205;Pendências;05
2410009;241000905;Pilões;05
2410108;241010805;Poço Branco;05
2410207;241020705;Portalegre;05
2410256;241025605;Porto do Mangue;05
2410306;241030605;Serra Caiada;05
2410405;241040505;Pureza;05
2410504;241050405;Rafael Fernandes;05
2410603;241060305;Rafael Godeiro;05
2410702;241070205;Riacho da Cruz;05
2410801;241080105;Riacho de Santana;05
2410900;241090005;Riachuelo;05
2411007;241100705;Rodolfo Fernandes;05
2411056;241105605;Tibau;05
2411106;241110605;Ruy Barbosa;05
2411205;241120505;Santa Cruz;05
2411403;241140305;Santana do Matos;05
2411403;241140310;Barão de Serra Branca;10
2411403;241140320;Santa Teresa;20
2411403;241140325;São José da Passagem;25
2411429;241142905;Santana do Seridó;05
2411502;241150205;Santo Antônio;05
2411601;241160105;São Bento do Norte;05
2411700;241170005;São Bento do Trairí;05
2411809;241180905;São Fernando;05
2411908;241190805;São Francisco do Oeste;05
2412005;241200505;São Gonçalo do Amarante;05
2412104;241210405;São João do Sabugi;05
2412203;241220305;São José de Mipibu;05
2412302;241230205;São José do Campestre;05
2412302;241230210;Ipiranga;10
2412401;241240105;São José do Seridó;05
2412500;241250005;São Miguel;05
2412559;241255905;São Miguel do Gostoso;05
2412609;241260905;São Paulo do Potengi;05
2412708;241270805;São Pedro;05
2412807;241280705;São Rafael;05
2412906;241290605;São Tomé;05
2413003;241300305;São Vicente;05
2413102;241310205;Senador Elói de Souza;05
2413201;241320105;Senador Georgino Avelino;05
2413201;241320110;Carnaúba;10
2413300;241330005;Serra de São Bento;05
2413359;241335905;Serra do Mel;05
2413409;241340905;Serra Negra do Norte;05
2413508;241350805;Serrinha;05
2413557;241355705;Serrinha dos Pintos;05
2413607;241360705;Severiano Melo;05
2413706;241370605;Sítio Novo;05
2413706;241370610;Serra da Tapuia;10
2413805;241380505;Taboleiro Grande;05
2413904;241390405;Taipu;05
2413904;241390410;Gameleira;10
2414001;241400105;Tangará;05
2414001;241400110;Trairi;10
2414100;241410005;Tenente Ananias;05
2414100;241410010;Mata de São Braz;10
2414159;241415905;Tenente Laurentino Cruz;05
2414209;241420905;Tibau do Sul;05
2414308;241430805;Timbaúba dos Batistas;05
2414407;241440705;Touros;05
2414456;241445605;Triunfo Potiguar;05
2414506;241450605;Umarizal;05
2414605;241460505;Upanema;05
2414704;241470405;Várzea;05
2414753;241475305;Venha-Ver;05
2414803;241480305;Vera Cruz;05
2414902;241490205;Viçosa;05
2415008;241500805;Vila Flor;05
2500106;250010605;Água Branca;05
2500205;250020505;Aguiar;05
2500304;250030405;Alagoa Grande;05
2500403;250040305;Alagoa Nova;05
2500502;250050205;Alagoinha;05
2500536;250053605;Alcantil;05
2500577;250057705;Algodão de Jandaíra;05
2500601;250060105;Alhandra;05
2500700;250070005;São João do Rio do Peixe;05
2500700;250070015;Umari;15
2500734;250073405;Amparo;05
2500775;250077505;Aparecida;05
2500809;250080905;Araçagi;05
2500908;250090805;Arara;05
2501005;250100505;Araruna;05
2501104;250110405;Areia;05
2501104;250110410;Cepilho;10
2501104;250110415;Mata Limpa;15
2501104;250110420;Muquém;20
2501153;250115305;Areia de Baraúnas;05
2501203;250120305;Areial;05
2501302;250130205;Aroeiras;05
2501302;250130220;Pedro Velho;20
2501351;250135105;Assunção;05
2501401;250140105;Baía da Traição;05
2501500;250150005;Bananeiras;05
2501500;250150010;Maia;10
2501500;250150020;Taboleiro;20
2501500;250150030;Roma;30
2501534;250153405;Baraúna;05
2501575;250157505;Barra de Santana;05
2501609;250160905;Barra de Santa Rosa;05
2501708;250170805;Barra de São Miguel;05
2501807;250180705;Bayeux;05
2501906;250190605;Belém;05
2501906;250190610;Rua Nova;10
2502003;250200305;Belém do Brejo do Cruz;05
2502052;250205205;Bernardino Batista;05
2502102;250210205;Boa Ventura;05
2502151;250215105;Boa Vista;05
2502201;250220105;Bom Jesus;05
2502300;250230005;Bom Sucesso;05
2502409;250240905;Bonito de Santa Fé;05
2502409;250240930;Viana;30
2502508;250250805;Boqueirão;05
2502508;250250830;Marinho;30
2502607;250260705;Igaracy;05
2502706;250270605;Borborema;05
2502805;250280505;Brejo do Cruz;05
2502904;250290405;Brejo dos Santos;05
2503001;250300105;Caaporã;05
2503001;250300115;Cupissura;15
2503100;250310005;Cabaceiras;05
2503100;250310008;Ribeira;08
2503209;250320905;Cabedelo;05
2503209;250320925;Renascer;25
2503308;250330805;Cachoeira dos Índios;05
2503308;250330810;Balanços;10
2503308;250330815;Fátima;15
2503308;250330820;São José de Marimbas;20
2503407;250340705;Cacimba de Areia;05
2503506;250350605;Cacimba de Dentro;05
2503506;250350610;Logradouro de São Francisco;10
2503555;250355505;Cacimbas;05
2503555;250355510;São Sebastião;10
2503605;250360505;Caiçara;05
2503704;250370405;Cajazeiras;05
2503704;250370410;Engenheiro Ávidos;10
2503704;250370415;Divinópolis;15
2503753;250375305;Cajazeirinhas;05
2503803;250380305;Caldas Brandão;05
2503902;250390205;Camalaú;05
2503902;250390210;Pindurão;10
2504009;250400905;Campina Grande;05
2504009;250400915;Catolé;15
2504009;250400920;Galante;20
2504009;250400925;São José da Mata;25
2504033;250403305;Capim;05
2504033;250403315;Olho D'Água do Serrão;15
2504074;250407405;Caraúbas;05
2504108;250410805;Carrapateira;05
2504157;250415705;Casserengue;05
2504207;250420705;Catingueira;05
2504207;250420710;Itajubatiba;10
2504306;250430605;Catolé do Rocha;05
2504306;250430610;Coronel Maia;10
2504306;250430625;Picos;25
2504355;250435505;Caturité;05
2504405;250440505;Conceição;05
2504405;250440510;Cardoso;10
2504405;250440515;Montevidéo;15
2504405;250440525;Cabaças dos Martins;25
2504405;250440530;Mata Grande;30
2504504;250450405;Condado;05
2504603;250460305;Conde;05
2504603;250460316;Jacumã;16
2504702;250470205;Congo;05
2504801;250480105;Coremas;05
2504850;250485005;Coxixola;05
2504900;250490005;Cruz do Espírito Santo;05
2504900;250490010;Nova Massangana;10
2505006;250500605;Cubati;05
2505105;250510505;Cuité;05
2505105;250510510;Melo;10
2505204;250520405;Cuitegi;05
2505238;250523805;Cuité de Mamanguape;05
2505279;250527905;Curral de Cima;05
2505303;250530305;Curral Velho;05
2505352;250535205;Damião;05
2505402;250540205;Desterro;05
2505501;250550105;Vista Serrana;05
2505600;250560005;Diamante;05
2505600;250560010;Vazante;10
2505709;250570905;Dona Inês;05
2505808;250580805;Duas Estradas;05
2505907;250590705;Emas;05
2506004;250600405;Esperança;05
2506103;250610305;Fagundes;05
2506202;250620205;Frei Martinho;05
2506251;250625105;Gado Bravo;05
2506301;250630105;Guarabira;05
2506301;250630110;Cachoeira;10
2506400;250640005;Gurinhém;05
2506509;250650905;Gurjão;05
2506608;250660805;Ibiara;05
2506608;250660810;Cachoeirinha;10
2506707;250670705;Imaculada;05
2506707;250670715;Palmeira;15
2506806;250680605;Ingá;05
2506806;250680607;Pontina;07
2506905;250690505;Itabaiana;05
2506905;250690510;Campo Grande;10
2506905;250690515;Guarita;15
2507002;250700205;Itaporanga;05
2507101;250710105;Itapororoca;05
2507200;250720005;Itatuba;05
2507309;250730905;Jacaraú;05
2507309;250730910;Timbó;10
2507408;250740805;Jericó;05
2507507;250750705;João Pessoa;05
2507606;250760605;Juarez Távora;05
2507705;250770505;Juazeirinho;05
2507804;250780405;Junco do Seridó;05
2507903;250790305;Juripiranga;05
2508000;250800005;Juru;05
2508109;250810905;Lagoa;05
2508208;250820805;Lagoa de Dentro;05
2508307;250830705;Lagoa Seca;05
2508406;250840605;Lastro;05
2508505;250850505;Livramento;05
2508554;250855405;Logradouro;05
2508604;250860405;Lucena;05
2508604;250860415;Praia de Fagundes;15
2508703;250870305;Mãe d'Água;05
2508802;250880205;Malta;05
2508901;250890105;Mamanguape;05
2508901;250890125;Pitanga da Estrada;25
2509008;250900805;Manaíra;05
2509008;250900810;Pelo Sinal;10
2509057;250905705;Marcação;05
2509057;250905710;Camurupim;10
2509107;250910705;Mari;05
2509156;250915605;Marizópolis;05
2509206;250920605;Massaranduba;05
2509305;250930505;Mataraca;05
2509305;250930510;Barra de Camaratuba;10
2509339;250933905;Matinhas;05
2509370;250937005;Mato Grosso;05
2509396;250939605;Maturéia;05
2509404;250940405;Mogeiro;05
2509404;250940420;Gameleira;20
2509503;250950305;Montadas;05
2509602;250960205;Monte Horebe;05
2509701;250970105;Monteiro;05
2509800;250980005;Mulungu;05
2509800;250980010;Leal-Lândia;10
2509909;250990905;Natuba;05
2509909;250990910;Pirauá;10
2510006;251000605;Nazarezinho;05
2510105;251010505;Nova Floresta;05
2510204;251020405;Nova Olinda;05
2510303;251030305;Nova Palmeira;05
2510402;251040205;Olho d'Água;05
2510402;251040230;Socorro;30
2510501;251050105;Olivedos;05
2510600;251060005;Ouro Velho;05
2510659;251065905;Parari;05
2510709;251070905;Passagem;05
2510808;251080805;Patos;05
2510808;251080810;Santa Gertrudes;10
2510907;251090705;Paulista;05
2510907;251090707;Ipueiras;07
2510907;251090710;Mimoso;10
2511004;251100405;Pedra Branca;05
2511103;251110305;Pedra Lavrada;05
2511202;251120205;Pedras de Fogo;05
2511301;251130105;Piancó;05
2511400;251140005;Picuí;05
2511509;251150905;Pilar;05
2511608;251160805;Pilões;05
2511707;251170705;Pilõezinhos;05
2511806;251180605;Pirpirituba;05
2511905;251190505;Pitimbu;05
2512002;251200205;Pocinhos;05
2512002;251200210;Nazaré;10
2512036;251203605;Poço Dantas;05
2512077;251207705;Poço de José de Moura;05
2512101;251210105;Pombal;05
2512101;251210115;Várzea Comprida;15
2512200;251220005;Prata;05
2512309;251230905;Princesa Isabel;05
2512408;251240805;Puxinanã;05
2512507;251250705;Queimadas;05
2512606;251260605;Quixaba;05
2512705;251270505;Remígio;05
2512721;251272105;Pedro Régis;05
2512747;251274705;Riachão;05
2512754;251275405;Riachão do Bacamarte;05
2512762;251276205;Riachão do Poço;05
2512788;251278805;Riacho de Santo Antônio;05
2512804;251280405;Riacho dos Cavalos;05
2512903;251290305;Rio Tinto;05
2512903;251290307;Barra do Mamanguape;07
2512903;251290320;Salema;20
2513000;251300005;Salgadinho;05
2513000;251300030;São José da Batalha;30
2513109;251310905;Salgado de São Félix;05
2513109;251310907;Dois Riachos;07
2513109;251310908;Feira Nova;08
2513158;251315805;Santa Cecília;05
2513208;251320805;Santa Cruz;05
2513307;251330705;Santa Helena;05
2513356;251335605;Santa Inês;05
2513406;251340605;Santa Luzia;05
2513505;251350505;Santana de Mangueira;05
2513604;251360405;Santana dos Garrotes;05
2513604;251360420;Pitombeira de Dentro;20
2513653;251365305;Joca Claudino;05
2513703;251370305;Santa Rita;05
2513703;251370310;Nossa Senhora do Livramento;10
2513802;251380205;Santa Teresinha;05
2513851;251385105;Santo André;05
2513901;251390105;São Bento;05
2513927;251392705;São Bentinho;05
2513943;251394305;São Domingos do Cariri;05
2513968;251396805;São Domingos;05
2513984;251398405;São Francisco;05
2514008;251400805;São João do Cariri;05
2514107;251410705;São João do Tigre;05
2514107;251410710;Santa Maria;10
2514206;251420605;São José da Lagoa Tapada;05
2514305;251430505;São José de Caiana;05
2514404;251440405;São José de Espinharas;05
2514453;251445305;São José dos Ramos;05
2514503;251450305;São José de Piranhas;05
2514503;251450310;Bom Jesus;10
2514552;251455205;São José de Princesa;05
2514602;251460205;São José do Bonfim;05
2514651;251465105;São José do Brejo do Cruz;05
2514701;251470105;São José do Sabugi;05
2514800;251480005;São José dos Cordeiros;05
2514909;251490905;São Mamede;05
2515005;251500505;São Miguel de Taipu;05
2515104;251510405;São Sebastião de Lagoa de Roça;05
2515203;251520305;São Sebastião do Umbuzeiro;05
2515302;251530205;Sapé;05
2515302;251530220;Renascença;20
2515401;251540105;Seridó;05
2515401;251540110;São Vicente do Seridó;10
2515500;251550005;Serra Branca;05
2515500;251550015;Santa Luzia do Cariri;15
2515500;251550020;Sucuru;20
2515609;251560905;Serra da Raiz;05
2515708;251570805;Serra Grande;05
2515807;251580705;Serra Redonda;05
2515906;251590605;Serraria;05
2515930;251593005;Sertãozinho;05
2515971;251597105;Sobrado;05
2516003;251600305;Solânea;05
2516102;251610205;Soledade;05
2516102;251610210;Bom Sucesso;10
2516151;251615105;Sossêgo;05
2516201;251620105;Sousa;05
2516300;251630005;Sumé;05
2516300;251630015;Pio X;15
2516409;251640905;Tacima;05
2516508;251650805;Taperoá;05
2516607;251660705;Tavares;05
2516706;251670605;Teixeira;05
2516755;251675505;Tenório;05
2516805;251680505;Triunfo;05
2516904;251690405;Uiraúna;05
2517001;251700105;Umbuzeiro;05
2517001;251700110;Mata Virgem;10
2517100;251710005;Várzea;05
2517209;251720905;Vieirópolis;05
2517407;251740705;Zabelê;05
2600054;260005405;Abreu e Lima;05
2600054;260005410;Distrito Industrial;10
2600104;260010405;Afogados da Ingazeira;05
2600203;260020305;Afrânio;05
2600203;260020310;Arizona;10
2600203;260020315;Cachoeira do Roberto;15
2600203;260020320;Poção de Afrânio;20
2600302;260030205;Agrestina;05
2600302;260030210;Barra do Chata;10
2600302;260030215;Barra do Jardim;15
2600401;260040105;Água Preta;05
2600401;260040110;Santa Terezinha;10
2600500;260050005;Águas Belas;05
2600500;260050010;Curral Novo;10
2600609;260060905;Alagoinha;05
2600609;260060910;Perpétuo Socorro;10
2600708;260070805;Aliança;05
2600708;260070810;Macujê;10
2600708;260070815;Tupaoca;15
2600708;260070820;Upatininga;20
2600807;260080705;Altinho;05
2600807;260080710;Ituguaçu;10
2600906;260090605;Amaraji;05
2601003;260100305;Angelim;05
2601052;260105205;Araçoiaba;05
2601102;260110205;Araripina;05
2601102;260110208;Gergelim;08
2601102;260110210;Lagoa do Barro;10
2601102;260110215;Morais;15
2601102;260110220;Nascente;20
2601102;260110225;Bom Jardim do Araripe;25
2601102;260110230;Serrânia;30
2601201;260120105;Arcoverde;05
2601300;260130005;Barra de Guabiraba;05
2601409;260140905;Barreiros;05
2601409;260140910;Carimã;10
2601508;260150805;Belém de Maria;05
2601508;260150810;Batateira;10
2601607;260160705;Belém de São Francisco;05
2601607;260160710;Ibó;10
2601607;260160715;Riacho Pequeno;15
2601706;260170605;Belo Jardim;05
2601706;260170610;Água Fria;10
2601706;260170615;Serra do Vento;15
2601706;260170620;Xucuru;20
2601805;260180505;Betânia;05
2601805;260180510;São Caetano do Navio;10
2601904;260190405;Bezerros;05
2601904;260190410;Boas Novas;10
2601904;260190415;Sapucarana;15
2602001;260200105;Bodocó;05
2602001;260200110;Claranã;10
2602001;260200115;Feitoria;15
2602100;260210005;Bom Conselho;05
2602100;260210010;Barra do Brejo;10
2602100;260210015;Caldeirões;15
2602100;260210020;Lagoa de São José;20
2602100;260210025;Rainha Isabel;25
2602209;260220905;Bom Jardim;05
2602209;260220910;Bizarra;10
2602209;260220913;Encruzilhada;13
2602209;260220915;Tamboatá;15
2602209;260220920;Umari;20
2602308;260230805;Bonito;05
2602308;260230810;Bentevi;10
2602308;260230815;Alto Bonito;15
2602407;260240705;Brejão;05
2602506;260250605;Brejinho;05
2602605;260260505;Brejo da Madre de Deus;05
2602605;260260507;Barra do Farias;07
2602605;260260510;Fazenda Nova;10
2602605;260260520;Mandaçaia;20
2602605;260260530;São Domingos;30
2602704;260270405;Buenos Aires;05
2602803;260280305;Buíque;05
2602803;260280310;Carneiro;10
2602803;260280315;Catimbau;15
2602803;260280320;Guanumbi;20
2602902;260290205;Cabo de Santo Agostinho;05
2602902;260290210;Juçaral;10
2602902;260290215;Ponte dos Carvalhos;15
2602902;260290220;Santo Agostinho;20
2603009;260300905;Cabrobó;05
2603108;260310805;Cachoeirinha;05
2603108;260310810;Cabanas;10
2603207;260320705;Caetés;05
2603306;260330605;Calçado;05
2603405;260340505;Calumbi;05
2603454;260345405;Camaragibe;05
2603504;260350405;Camocim de São Félix;05
2603603;260360305;Camutanga;05
2603702;260370205;Canhotinho;05
2603702;260370210;Olho d'Água de Dentro;10
2603702;260370215;Paquevira;15
2603801;260380105;Capoeiras;05
2603900;260390005;Carnaíba;05
2603900;260390010;Ibitiranga;10
2603926;260392605;Carnaubeira da Penha;05
2604007;260400705;Carpina;05
2604106;260410605;Caruaru;05
2604106;260410610;Carapotós;10
2604106;260410615;Gonçalves Ferreira;15
2604106;260410620;Lajedo do Cedro;20
2604155;260415505;Casinhas;05
2604205;260420505;Catende;05
2604205;260420510;Laje Grande;10
2604304;260430405;Cedro;05
2604403;260440305;Chã de Alegria;05
2604502;260450205;Chã Grande;05
2604601;260460105;Condado;05
2604700;260470005;Correntes;05
2604700;260470010;Poço Comprido;10
2604809;260480905;Cortês;05
2604908;260490805;Cumaru;05
2604908;260490810;Ameixas;10
2605004;260500405;Cupira;05
2605004;260500410;Laje de São José;10
2605103;260510305;Custódia;05
2605103;260510310;Maravilha;10
2605103;260510315;Quitimbu;15
2605152;260515205;Dormentes;05
2605152;260515210;Caatinga Grande;10
2605152;260515215;Lagoa de Fora;15
2605152;260515218;Lagoas;18
2605152;260515220;Monte Orebe;20
2605202;260520205;Escada;05
2605202;260520210;Frexeiras;10
2605301;260530105;Exu;05
2605301;260530110;Tabocas;10
2605301;260530115;Timorante;15
2605301;260530120;Viração;20
2605301;260530125;Zé Gomes;25
2605400;260540005;Feira Nova;05
2605459;260545905;Fernando de Noronha;05
2605509;260550905;Ferreiros;05
2605608;260560805;Flores;05
2605608;260560808;Fátima;08
2605608;260560810;Sítio dos Nunes;10
2605707;260570705;Floresta;05
2605707;260570710;Airi;10
2605707;260570720;Nazaré do Pico;20
2605806;260580605;Frei Miguelinho;05
2605806;260580610;Lagoa de João Carlos;10
2605905;260590505;Gameleira;05
2605905;260590510;Cuiambuca;10
2605905;260590515;José da Costa;15
2606002;260600205;Garanhuns;05
2606002;260600210;Iratama;10
2606002;260600215;São Pedro;15
2606002;260600220;Miracica;20
2606101;260610105;Glória do Goitá;05
2606101;260610110;Apoti;10
2606200;260620005;Goiana;05
2606200;260620010;Ponta de Pedras;10
2606200;260620015;Tejucopapo;15
2606309;260630905;Granito;05
2606408;260640805;Gravatá;05
2606408;260640810;Mandacaru;10
2606408;260640815;Uruçu-Mirim;15
2606507;260650705;Iati;05
2606606;260660605;Ibimirim;05
2606606;260660610;Moxotó;10
2606705;260670505;Ibirajuba;05
2606804;260680405;Igarassu;05
2606804;260680420;Nova Cruz;20
2606804;260680425;Três Ladeiras;25
2606903;260690305;Iguaracy;05
2606903;260690310;Irajaí;10
2606903;260690315;Jabitacá;15
2607000;260700005;Inajá;05
2607109;260710905;Ingazeira;05
2607208;260720805;Ipojuca;05
2607208;260720810;Camela;10
2607208;260720815;Nossa Senhora do Ó;15
2607307;260730705;Ipubi;05
2607307;260730710;Serra Branca;10
2607307;260730715;Serrolândia;15
2607406;260740605;Itacuruba;05
2607505;260750505;Itaíba;05
2607505;260750515;Negras;15
2607604;260760405;Ilha de Itamaracá;05
2607653;260765305;Itambé;05
2607653;260765310;Caricé;10
2607653;260765315;Ibiranga;15
2607703;260770305;Itapetim;05
2607703;260770310;São Vicente;10
2607752;260775205;Itapissuma;05
2607802;260780205;Itaquitinga;05
2607901;260790105;Jaboatão dos Guararapes;05
2607901;260790110;Cavaleiro;10
2607901;260790115;Jaboatão;15
2607901;260790120;Curado;20
2607901;260790125;Jardim Jordão;25
2607950;260795005;Jaqueira;05
2608008;260800805;Jataúba;05
2608008;260800807;Jacu;07
2608008;260800808;Jundiá;08
2608008;260800810;Passagem do Tó;10
2608008;260800820;Riacho do Meio;20
2608057;260805705;Jatobá;05
2608057;260805720;Volta do Moxotó;20
2608107;260810705;João Alfredo;05
2608206;260820605;Joaquim Nabuco;05
2608255;260825505;Jucati;05
2608305;260830505;Jupi;05
2608404;260840405;Jurema;05
2608404;260840410;Santo Antônio das Queimadas;10
2608453;260845305;Lagoa do Carro;05
2608503;260850305;Lagoa de Itaenga;05
2608602;260860205;Lagoa do Ouro;05
2608602;260860210;Igapó;10
2608701;260870105;Lagoa dos Gatos;05
2608701;260870110;Entroncamento;10
2608701;260870115;Igarapeassu;15
2608701;260870120;Lagoa do Souza;20
2608750;260875005;Lagoa Grande;05
2608750;260875015;Jutaí;15
2608750;260875020;Vermelho;20
2608800;260880005;Lajedo;05
2608909;260890905;Limoeiro;05
2608909;260890910;Urucuba;10
2609006;260900605;Macaparana;05
2609105;260910505;Machados;05
2609154;260915405;Manari;05
2609204;260920405;Maraial;05
2609204;260920415;Sertãozinho de Baixo;15
2609303;260930305;Mirandiba;05
2609303;260930310;Tupanaci;10
2609402;260940205;Moreno;05
2609402;260940210;Bonança;10
2609501;260950105;Nazaré da Mata;05
2609600;260960005;Olinda;05
2609709;260970905;Orobó;05
2609709;260970910;Chã do Rocha;10
2609709;260970915;Umburetama;15
2609808;260980805;Orocó;05
2609907;260990705;Ouricuri;05
2609907;260990710;Barra de São Pedro;10
2610004;261000405;Palmares;05
2610004;261000410;Santo Antônio dos Palmares;10
2610103;261010305;Palmeirina;05
2610202;261020205;Panelas;05
2610202;261020210;Cruzes;10
2610202;261020215;São José;15
2610202;261020220;São Lázaro;20
2610301;261030105;Paranatama;05
2610400;261040005;Parnamirim;05
2610400;261040010;Icaiçara;10
2610400;261040015;Veneza;15
2610509;261050905;Passira;05
2610509;261050910;Bengalas;10
2610608;261060805;Paudalho;05
2610707;261070705;Paulista;05
2610806;261080605;Pedra;05
2610806;261080607;Horizonte Alegre;07
2610806;261080609;Poço do Boi;09
2610806;261080610;São Pedro do Cordeiro;10
2610806;261080615;Santo Antônio;15
2610905;261090505;Pesqueira;05
2610905;261090510;Cimbres;10
2610905;261090515;Mimoso;15
2610905;261090520;Mutuca;20
2610905;261090525;Papagaio;25
2610905;261090530;Salobro;30
2611002;261100205;Petrolândia;05
2611002;261100215;Icó-Mandantes;15
2611101;261110105;Petrolina;05
2611101;261110110;Cristália;10
2611101;261110115;Curral Queimado;15
2611101;261110130;Rajada;30
2611200;261120005;Poção;05
2611200;261120010;Pão de Açúcar de Poção;10
2611309;261130905;Pombos;05
2611309;261130910;Dois Leões;10
2611309;261130915;Nossa Senhora do Carmo;15
2611408;261140805;Primavera;05
2611507;261150705;Quipapá;05
2611507;261150710;Pau Ferro;10
2611507;261150715;Vila do Cruzeiro;15
2611533;261153305;Quixaba;05
2611533;261153310;Lagoa da Cruz;10
2611606;261160605;Recife;05
2611705;261170505;Riacho das Almas;05
2611705;261170510;Couro d'Antas;10
2611705;261170512;Pinhões;12
2611705;261170515;Trapiá;15
2611705;261170520;Vitorino;20
2611804;261180405;Ribeirão;05
2611804;261180410;Aripibu;10
2611804;261180415;José Mariano;15
2611903;261190305;Rio Formoso;05
2611903;261190310;Cocaú;10
2612000;261200005;Sairé;05
2612109;261210905;Salgadinho;05
2612208;261220805;Salgueiro;05
2612208;261220810;Conceição das Crioulas;10
2612208;261220815;Umãs;15
2612208;261220820;Vasques;20
2612208;261220825;Pau Ferro;25
2612307;261230705;Saloá;05
2612307;261230710;Iatecá;10
2612406;261240605;Sanharó;05
2612406;261240610;Jenipapo;10
2612406;261240615;Mulungu;15
2612455;261245505;Santa Cruz;05
2612471;261247105;Santa Cruz da Baixa Verde;05
2612505;261250505;Santa Cruz do Capibaribe;05
2612505;261250510;Pará;10
2612505;261250515;Poço Fundo;15
2612554;261255405;Santa Filomena;05
2612554;261255410;Campo Santo;10
2612554;261255415;Socorro;15
2612554;261255420;Poço Comprido;20
2612554;261255425;Livramento;25
2612604;261260405;Santa Maria da Boa Vista;05
2612604;261260408;Caraíbas;08
2612604;261260425;Urimamã;25
2612703;261270305;Santa Maria do Cambucá;05
2612802;261280205;Santa Terezinha;05
2612901;261290105;São Benedito do Sul;05
2612901;261290110;Igarapeba;10
2613008;261300805;São Bento do Una;05
2613008;261300810;Espírito Santo;10
2613107;261310705;São Caitano;05
2613107;261310710;Maniçoba;10
2613107;261310715;Tapiraim;15
2613206;261320605;São João;05
2613305;261330505;São Joaquim do Monte;05
2613305;261330510;Barra do Riachão;10
2613305;261330515;Santana de São Joaquim;15
2613404;261340405;São José da Coroa Grande;05
2613503;261350305;São José do Belmonte;05
2613503;261350310;Bom Nome;10
2613503;261350315;Carmo;15
2613602;261360205;São José do Egito;05
2613602;261360210;Bonfim;10
2613602;261360215;Riacho do Meio;15
2613701;261370105;São Lourenço da Mata;05
2613701;261370115;Nossa Senhora da Luz;15
2613800;261380005;São Vicente Férrer;05
2613800;261380010;Siriji;10
2613909;261390905;Serra Talhada;05
2613909;261390910;Bernardo Vieira;10
2613909;261390915;Caiçarinha da Penha;15
2613909;261390918;Logradouro;18
2613909;261390920;Luanda;20
2613909;261390925;Pajeú;25
2613909;261390928;Santa Rita;28
2613909;261390930;Tauapiranga;30
2613909;261390935;Varzinha;35
2614006;261400605;Serrita;05
2614006;261400610;Ipuera;10
2614006;261400615;Ori;15
2614105;261410505;Sertânia;05
2614105;261410510;Albuquerque Né;10
2614105;261410515;Algodões;15
2614105;261410520;Henrique Dias;20
2614105;261410525;Rio da Barra;25
2614204;261420405;Sirinhaém;05
2614204;261420410;Barra do Sirinhaém;10
2614204;261420415;Ibiratinga;15
2614303;261430305;Moreilândia;05
2614303;261430310;Caririmirim;10
2614402;261440205;Solidão;05
2614501;261450105;Surubim;05
2614501;261450112;Chéus;12
2614600;261460005;Tabira;05
2614709;261470905;Tacaimbó;05
2614709;261470910;Riacho Fechado;10
2614808;261480805;Tacaratu;05
2614808;261480810;Caraibeiras;10
2614857;261485705;Tamandaré;05
2614857;261485715;Sauê;15
2615003;261500305;Taquaritinga do Norte;05
2615003;261500310;Gravatá do Ibiapina;10
2615003;261500315;Pão de Açucar;15
2615102;261510205;Terezinha;05
2615201;261520105;Terra Nova;05
2615201;261520110;Guarani;10
2615300;261530005;Timbaúba;05
2615300;261530010;Cruanji;10
2615300;261530015;Livramento do Tiúma;15
2615409;261540905;Toritama;05
2615508;261550805;Tracunhaém;05
2615607;261560705;Trindade;05
2615607;261560710;Bonita;10
2615607;261560715;Mangueira;15
2615607;261560720;Saco Verde;20
2615706;261570605;Triunfo;05
2615706;261570610;Canaã;10
2615706;261570615;Jericó;15
2615805;261580505;Tupanatinga;05
2615904;261590405;Tuparetama;05
2615904;261590410;Santa Rita;10
2616001;261600105;Venturosa;05
2616001;261600110;Grotão;10
2616100;261610005;Verdejante;05
2616183;261618305;Vertente do Lério;05
2616209;261620905;Vertentes;05
2616308;261630805;Vicência;05
2616308;261630810;Murupé;10
2616407;261640705;Vitória de Santo Antão;05
2616407;261640710;Pirituba;10
2616506;261650605;Xexéu;05
2700102;270010205;Água Branca;05
2700201;270020105;Anadia;05
2700300;270030005;Arapiraca;05
2700409;270040905;Atalaia;05
2700409;270040910;Sapucaia;10
2700508;270050805;Barra de Santo Antônio;05
2700607;270060705;Barra de São Miguel;05
2700706;270070605;Batalha;05
2700805;270080505;Belém;05
2700904;270090405;Belo Monte;05
2701001;270100105;Boca da Mata;05
2701100;270110005;Branquinha;05
2701209;270120905;Cacimbinhas;05
2701308;270130805;Cajueiro;05
2701357;270135705;Campestre;05
2701407;270140705;Campo Alegre;05
2701506;270150605;Campo Grande;05
2701605;270160505;Canapi;05
2701704;270170405;Capela;05
2701704;270170410;Santa Efigênia;10
2701803;270180305;Carneiros;05
2701902;270190205;Chã Preta;05
2702009;270200905;Coité do Nóia;05
2702108;270210805;Colônia Leopoldina;05
2702207;270220705;Coqueiro Seco;05
2702306;270230605;Coruripe;05
2702306;270230610;Poxim;10
2702355;270235505;Craíbas;05
2702405;270240505;Delmiro Gouveia;05
2702504;270250405;Dois Riachos;05
2702553;270255305;Estrela de Alagoas;05
2702603;270260305;Feira Grande;05
2702702;270270205;Feliz Deserto;05
2702801;270280105;Flexeiras;05
2702900;270290005;Girau do Ponciano;05
2703007;270300705;Ibateguara;05
2703106;270310605;Igaci;05
2703205;270320505;Igreja Nova;05
2703304;270330405;Inhapi;05
2703403;270340305;Jacaré dos Homens;05
2703502;270350205;Jacuípe;05
2703601;270360105;Japaratinga;05
2703700;270370005;Jaramataia;05
2703759;270375905;Jequiá da Praia;05
2703809;270380905;Joaquim Gomes;05
2703908;270390805;Jundiá;05
2704005;270400505;Junqueiro;05
2704104;270410405;Lagoa da Canoa;05
2704203;270420305;Limoeiro de Anadia;05
2704302;270430205;Maceió;05
2704401;270440105;Major Isidoro;05
2704401;270440110;Riacho do Sertão;10
2704500;270450005;Maragogi;05
2704500;270450010;Barra Grande;10
2704609;270460905;Maravilha;05
2704708;270470805;Marechal Deodoro;05
2704807;270480705;Maribondo;05
2704906;270490605;Mar Vermelho;05
2705002;270500205;Mata Grande;05
2705101;270510105;Matriz de Camaragibe;05
2705200;270520005;Messias;05
2705309;270530905;Minador do Negrão;05
2705408;270540805;Monteirópolis;05
2705507;270550705;Murici;05
2705606;270560605;Novo Lino;05
2705705;270570505;Olho d'Água das Flores;05
2705804;270580405;Olho d'Água do Casado;05
2705903;270590305;Olho d'Água Grande;05
2706000;270600005;Olivença;05
2706109;270610905;Ouro Branco;05
2706208;270620805;Palestina;05
2706307;270630705;Palmeira dos Índios;05
2706307;270630710;Caldeirões de Cima;10
2706307;270630715;Canafístula;15
2706406;270640605;Pão de Açúcar;05
2706406;270640610;Limoeiro;10
2706422;270642205;Pariconha;05
2706448;270644805;Paripueira;05
2706505;270650505;Passo de Camaragibe;05
2706604;270660405;Paulo Jacinto;05
2706703;270670305;Penedo;05
2706802;270680205;Piaçabuçu;05
2706802;270680210;Pontal do Peba;10
2706901;270690105;Pilar;05
2707008;270700805;Pindoba;05
2707107;270710705;Piranhas;05
2707107;270710710;Entremontes;10
2707206;270720605;Poço das Trincheiras;05
2707305;270730505;Porto Calvo;05
2707404;270740405;Porto de Pedras;05
2707404;270740410;Tatuamunha;10
2707503;270750305;Porto Real do Colégio;05
2707602;270760205;Quebrangulo;05
2707701;270770105;Rio Largo;05
2707800;270780005;Roteiro;05
2707909;270790905;Santa Luzia do Norte;05
2708006;270800605;Santana do Ipanema;05
2708105;270810505;Santana do Mundaú;05
2708105;270810510;Munguba;10
2708204;270820405;São Brás;05
2708303;270830305;São José da Laje;05
2708402;270840205;São José da Tapera;05
2708501;270850105;São Luís do Quitunde;05
2708600;270860005;São Miguel dos Campos;05
2708709;270870905;São Miguel dos Milagres;05
2708808;270880805;São Sebastião;05
2708907;270890705;Satuba;05
2708956;270895605;Senador Rui Palmeira;05
2709004;270900405;Tanque d'Arca;05
2709103;270910305;Taquarana;05
2709152;270915205;Teotônio Vilela;05
2709202;270920205;Traipu;05
2709301;270930105;União dos Palmares;05
2709301;270930110;Rocha Cavalcante;10
2709400;270940005;Viçosa;05
2709400;270940010;Anel;10
2800100;280010005;Amparo do São Francisco;05
2800209;280020905;Aquidabã;05
2800308;280030805;Aracaju;05
2800407;280040705;Arauá;05
2800506;280050605;Areia Branca;05
2800605;280060505;Barra dos Coqueiros;05
2800670;280067005;Boquim;05
2800704;280070405;Brejo Grande;05
2801009;280100905;Campo do Brito;05
2801108;280110805;Canhoba;05
2801207;280120705;Canindé de São Francisco;05
2801306;280130605;Capela;05
2801306;280130610;Barracas;10
2801306;280130615;Miranda;15
2801306;280130620;Pedras;20
2801405;280140505;Carira;05
2801405;280140510;Altos Verdes;10
2801504;280150405;Carmópolis;05
2801603;280160305;Cedro de São João;05
2801702;280170205;Cristinápolis;05
2801900;280190005;Cumbe;05
2802007;280200705;Divina Pastora;05
2802106;280210605;Estância;05
2802205;280220505;Feira Nova;05
2802304;280230405;Frei Paulo;05
2802403;280240305;Gararu;05
2802403;280240310;Lagoa Funda;10
2802403;280240315;São Mateus da Palestina;15
2802502;280250205;General Maynard;05
2802601;280260105;Graccho Cardoso;05
2802700;280270005;Ilha das Flores;05
2802809;280280905;Indiaroba;05
2802908;280290805;Itabaiana;05
2803005;280300505;Itabaianinha;05
2803104;280310405;Itabi;05
2803203;280320305;Itaporanga d'Ajuda;05
2803302;280330205;Japaratuba;05
2803401;280340105;Japoatã;05
2803500;280350005;Lagarto;05
2803609;280360905;Laranjeiras;05
2803708;280370805;Macambira;05
2803807;280380705;Malhada dos Bois;05
2803906;280390605;Malhador;05
2804003;280400305;Maruim;05
2804102;280410205;Moita Bonita;05
2804201;280420105;Monte Alegre de Sergipe;05
2804300;280430005;Muribeca;05
2804409;280440905;Neópolis;05
2804458;280445805;Nossa Senhora Aparecida;05
2804508;280450805;Nossa Senhora da Glória;05
2804607;280460705;Nossa Senhora das Dores;05
2804706;280470605;Nossa Senhora de Lourdes;05
2804805;280480505;Nossa Senhora do Socorro;05
2804805;280480506;Bita;06
2804805;280480507;Calumbi;07
2804805;280480508;Camaratuba;08
2804805;280480509;Distrito Industrial da Taiçoca;09
2804805;280480510;Lavandeira;10
2804805;280480511;Oiteiro;11
2804805;280480512;Palestina;12
2804805;280480513;Porto Grande;13
2804805;280480514;Quissamã;14
2804805;280480515;São Brás;15
2804805;280480516;Sobrado;16
2804805;280480517;Taboca;17
2804805;280480518;Taiçoca de Dentro;18
2804805;280480519;Taiçoca de Fora;19
2804904;280490405;Pacatuba;05
2805000;280500005;Pedra Mole;05
2805109;280510905;Pedrinhas;05
2805208;280520805;Pinhão;05
2805307;280530705;Pirambu;05
2805406;280540605;Poço Redondo;05
2805505;280550505;Poço Verde;05
2805604;280560405;Porto da Folha;05
2805703;280570305;Propriá;05
2805802;280580205;Riachão do Dantas;05
2805802;280580210;Palmares;10
2805901;280590105;Riachuelo;05
2806008;280600805;Ribeirópolis;05
2806107;280610705;Rosário do Catete;05
2806206;280620605;Salgado;05
2806305;280630505;Santa Luzia do Itanhy;05
2806404;280640405;Santana do São Francisco;05
2806503;280650305;Santa Rosa de Lima;05
2806602;280660205;Santo Amaro das Brotas;05
2806701;280670105;São Cristóvão;05
2806800;280680005;São Domingos;05
2806909;280690905;São Francisco;05
2807006;280700605;São Miguel do Aleixo;05
2807105;280710505;Simão Dias;05
2807204;280720405;Siriri;05
2807303;280730305;Telha;05
2807402;280740205;Tobias Barreto;05
2807402;280740210;Samambaia;10
2807402;280740215;Monte Coelhos;15
2807501;280750105;Tomar do Geru;05
2807600;280760005;Umbaúba;05
2900108;290010805;Abaíra;05
2900108;290010810;Catolés;10
2900207;290020705;Abaré;05
2900207;290020710;Ibó;10
2900306;290030605;Acajutiba;05
2900355;290035505;Adustina;05
2900405;290040505;Água Fria;05
2900405;290040510;Pataíba;10
2900504;290050405;Érico Cardoso;05
2900603;290060305;Aiquara;05
2900702;290070205;Alagoinhas;05
2900702;290070215;Boa União;15
2900702;290070220;Riacho da Guia;20
2900801;290080105;Alcobaça;05
2900801;290080125;São José;25
2900900;290090005;Almadina;05
2901007;290100705;Amargosa;05
2901007;290100710;Corta Mão;10
2901007;290100715;Diógenes Sampaio;15
2901007;290100720;Itachama;20
2901106;290110605;Amélia Rodrigues;05
2901106;290110610;Inhatá;10
2901106;290110615;Mata da Aliança;15
2901155;290115505;América Dourada;05
2901155;290115510;Belo Campo;10
2901155;290115515;Prevenido;15
2901155;290115520;Soares;20
2901205;290120505;Anagé;05
2901205;290120510;Coquinhos;10
2901304;290130405;Andaraí;05
2901304;290130410;Igatu;10
2901304;290130420;Ubiraitá;20
2901353;290135305;Andorinha;05
2901353;290135310;Sítio da Baraúna;10
2901353;290135315;Tanquinho do Poço;15
2901403;290140305;Angical;05
2901403;290140315;Missão de Aricobé;15
2901502;290150205;Anguera;05
2901601;290160105;Antas;05
2901700;290170005;Antônio Cardoso;05
2901700;290170012;Oleiro;12
2901700;290170015;Poço;15
2901700;290170020;Santo Estevão Velho;20
2901809;290180905;Antônio Gonçalves;05
2901908;290190805;Aporá;05
2901908;290190810;Itamira;10
2901957;290195705;Apuarema;05
2902005;290200505;Aracatu;05
2902054;290205405;Araçás;05
2902104;290210405;Araci;05
2902203;290220305;Aramari;05
2902252;290225205;Arataca;05
2902252;290225210;Itatingui;10
2902302;290230205;Aratuípe;05
2902302;290230210;Maragogipinho;10
2902401;290240105;Aurelino Leal;05
2902401;290240110;Laje do Banco;10
2902401;290240115;Poço Central;15
2902500;290250005;Baianópolis;05
2902500;290250010;Várzeas;10
2902609;290260905;Baixa Grande;05
2902658;290265805;Banzaê;05
2902708;290270805;Barra;05
2902708;290270815;Ibiraba;15
2902708;290270820;Igarité;20
2902807;290280705;Barra da Estiva;05
2902807;290280710;Triunfo do Sincorá;10
2902906;290290605;Barra do Choça;05
2902906;290290610;Barra Nova;10
2903003;290300305;Barra do Mendes;05
2903003;290300307;Antari;07
2903003;290300310;Minas do Espírito Santo;10
2903102;290310205;Barra do Rocha;05
2903201;290320105;Barreiras;05
2903235;290323505;Barro Alto;05
2903235;290323510;Lagoa do Boi;10
2903235;290323515;Lagoa Funda;15
2903276;290327605;Barrocas;05
2903300;290330005;Barro Preto;05
2903409;290340905;Belmonte;05
2903409;290340910;Boca do Córrego;10
2903409;290340915;Mogiquiçaba;15
2903508;290350805;Belo Campo;05
2903607;290360705;Biritinga;05
2903706;290370605;Boa Nova;05
2903805;290380505;Boa Vista do Tupim;05
2903805;290380510;Terra Boa;10
2903904;290390405;Bom Jesus da Lapa;05
2903904;290390407;Favelândia;07
2903904;290390410;Formoso;10
2903953;290395305;Bom Jesus da Serra;05
2903953;290395310;Água Bela;10
2904001;290400105;Boninal;05
2904001;290400110;Bastião;10
2904050;290405005;Bonito;05
2904100;290410005;Boquira;05
2904100;290410010;Bucuituba;10
2904209;290420905;Botuporã;05
2904308;290430805;Brejões;05
2904407;290440705;Brejolândia;05
2904506;290450605;Brotas de Macaúbas;05
2904506;290450610;Ouricuri do Ouro;10
2904506;290450615;Saudável;15
2904605;290460505;Brumado;05
2904605;290460510;Cristalândia;10
2904605;290460515;Itaquaraí;15
2904605;290460520;Ubiraçaba;20
2904704;290470405;Buerarema;05
2904753;290475305;Buritirama;05
2904803;290480305;Caatiba;05
2904852;290485205;Cabaceiras do Paraguaçu;05
2904852;290485210;Geolândia;10
2904902;290490205;Cachoeira;05
2904902;290490210;Belém da Cachoeira;10
2904902;290490215;Santiago do Iguape;15
2905008;290500805;Caculé;05
2905107;290510705;Caém;05
2905156;290515605;Caetanos;05
2905156;290515610;Alegre;10
2905156;290515615;Caldeirão;15
2905206;290520605;Caetité;05
2905206;290520610;Brejinho das Ametistas;10
2905206;290520615;Caldeiras;15
2905206;290520625;Maniaçu;25
2905206;290520630;Pajeú do Vento;30
2905305;290530505;Cafarnaum;05
2905305;290530510;Canal;10
2905404;290540405;Cairu;05
2905404;290540410;Galeão;10
2905404;290540415;Gamboa;15
2905404;290540420;Velha Boipeba;20
2905503;290550305;Caldeirão Grande;05
2905602;290560205;Camacan;05
2905602;290560220;São João do Panelinha;20
2905701;290570105;Camaçari;05
2905701;290570110;Abrantes;10
2905701;290570120;Monte Gordo;20
2905800;290580005;Camamu;05
2905800;290580010;Barcelos do Sul;10
2905800;290580020;Tapuia;20
2905800;290580021;Travessão;21
2905909;290590905;Campo Alegre de Lourdes;05
2905909;290590910;Peixe;10
2906006;290600605;Campo Formoso;05
2906006;290600615;Laje dos Negros;15
2906105;290610505;Canápolis;05
2906204;290620405;Canarana;05
2906204;290620420;Paz de Salobro;20
2906303;290630305;Canavieiras;05
2906303;290630315;Ouricana;15
2906303;290630320;Poxim do Sul;20
2906402;290640205;Candeal;05
2906501;290650105;Candeias;05
2906501;290650110;Caboto;10
2906501;290650115;Caroba;15
2906501;290650120;Madeira;20
2906501;290650125;Menino Jesus;25
2906501;290650130;Passagem dos Teixeiras;30
2906501;290650135;Passé;35
2906600;290660005;Candiba;05
2906600;290660015;Pilões;15
2906709;290670905;Cândido Sales;05
2906709;290670915;Lagoa Grande;15
2906709;290670920;Quaraçu;20
2906808;290680805;Cansanção;05
2906824;290682405;Canudos;05
2906824;290682410;Bedengó;10
2906857;290685705;Capela do Alto Alegre;05
2906873;290687305;Capim Grosso;05
2906899;290689905;Caraíbas;05
2906899;290689940;Vila Mariana;40
2906907;290690705;Caravelas;05
2906907;290690710;Juerana;10
2906907;290690715;Ponta da Areia;15
2906907;290690720;Santo Antônio de Barcelona;20
2907004;290700405;Cardeal da Silva;05
2907103;290710305;Carinhanha;05
2907103;290710310;Barra da Parateca;10
2907202;290720205;Casa Nova;05
2907202;290720210;Bem-Bom;10
2907202;290720215;Luís Viana;15
2907202;290720220;Pau a Pique;20
2907202;290720225;Sobrado;25
2907301;290730105;Castro Alves;05
2907301;290730115;Crussai;15
2907301;290730125;Petim;25
2907301;290730130;Sítio do Meio;30
2907400;290740005;Catolândia;05
2907509;290750905;Catu;05
2907509;290750910;Bela Flor;10
2907509;290750915;Sítio Novo;15
2907558;290755805;Caturama;05
2907608;290760805;Central;05
2907707;290770705;Chorrochó;05
2907806;290780605;Cícero Dantas;05
2907806;290780615;São João da Fortaleza;15
2907905;290790505;Cipó;05
2908002;290800205;Coaraci;05
2908002;290800210;Itamotinga;10
2908002;290800220;São Roque;20
2908101;290810105;Cocos;05
2908200;290820005;Conceição da Feira;05
2908309;290830905;Conceição do Almeida;05
2908309;290830910;Comércio;10
2908309;290830915;Rio da Dona;15
2908408;290840805;Conceição do Coité;05
2908408;290840806;Bandiaçu;06
2908408;290840808;Joazeiro;08
2908408;290840809;São João;09
2908408;290840810;Salgadália;10
2908408;290840815;Aroeira;15
2908507;290850705;Conceição do Jacuípe;05
2908606;290860605;Conde;05
2908705;290870505;Condeúba;05
2908705;290870508;Alegre;08
2908804;290880405;Contendas do Sincorá;05
2908804;290880410;Caraibuna;10
2908903;290890305;Coração de Maria;05
2908903;290890310;Itacava;10
2908903;290890330;Retiro;30
2909000;290900005;Cordeiros;05
2909109;290910905;Coribe;05
2909109;290910910;Descoberto;10
2909208;290920805;Coronel João Sá;05
2909307;290930705;Correntina;05
2909307;290930710;São Manoel do Norte;10
2909307;290930715;Rosário;15
2909406;290940605;Cotegipe;05
2909406;290940610;Jupaguá;10
2909406;290940615;Taguá;15
2909505;290950505;Cravolândia;05
2909604;290960405;Crisópolis;05
2909604;290960410;Buril;10
2909703;290970305;Cristópolis;05
2909802;290980205;Cruz das Almas;05
2909901;290990105;Curaçá;05
2909901;290990110;Barro Vermelho;10
2909901;290990115;Patamuté;15
2909901;290990120;Poço de Fora;20
2909901;290990125;Riacho Seco;25
2910008;291000805;Dário Meira;05
2910057;291005705;Dias d'Ávila;05
2910107;291010705;Dom Basílio;05
2910206;291020605;Dom Macedo Costa;05
2910305;291030505;Elísio Medrado;05
2910305;291030510;Monte Cruzeiro;10
2910404;291040405;Encruzilhada;05
2910404;291040420;Vila do Cafe;20
2910503;291050305;Entre Rios;05
2910503;291050310;Ibatuí;10
2910503;291050315;Subaúma;15
2910602;291060205;Esplanada;05
2910602;291060210;Palame;10
2910602;291060220;São José do Mucambo;20
2910701;291070105;Euclides da Cunha;05
2910701;291070107;Aribicé;07
2910701;291070109;Caimbé;09
2910701;291070115;Massacará;15
2910727;291072705;Eunápolis;05
2910750;291075005;Fátima;05
2910776;291077605;Feira da Mata;05
2910776;291077620;Ramalho;20
2910800;291080005;Feira de Santana;05
2910800;291080010;Bonfim da Feira;10
2910800;291080015;Humildes;15
2910800;291080020;Governador Dr. João Durval Carneiro;20
2910800;291080025;Jaguara;25
2910800;291080030;Jaíba;30
2910800;291080035;Maria Quitéria;35
2910800;291080038;Matinha;38
2910800;291080040;Tiquaruçu;40
2910859;291085905;Filadélfia;05
2910909;291090905;Firmino Alves;05
2910909;291090910;Itaiá;10
2911006;291100605;Floresta Azul;05
2911105;291110505;Formosa do Rio Preto;05
2911204;291120405;Gandu;05
2911253;291125305;Gavião;05
2911303;291130305;Gentio do Ouro;05
2911303;291130310;Gameleira do Assuruá;10
2911303;291130315;Ibitunane;15
2911303;291130320;Itajubaquara;20
2911303;291130323;Pituba;23
2911303;291130325;Santo Inácio;25
2911402;291140205;Glória;05
2911501;291150105;Gongogi;05
2911501;291150110;Tapirama;10
2911600;291160005;Governador Mangabeira;05
2911659;291165905;Guajeru;05
2911709;291170905;Guanambi;05
2911709;291170910;Ceraíma;10
2911709;291170912;Morrinhos;12
2911709;291170915;Mutãs;15
2911808;291180805;Guaratinga;05
2911808;291180810;Buranhém;10
2911857;291185705;Heliópolis;05
2911907;291190705;Iaçu;05
2911907;291190710;João Amaro;10
2911907;291190715;Lajedo Alto;15
2912004;291200405;Ibiassucê;05
2912103;291210305;Ibicaraí;05
2912202;291220205;Ibicoara;05
2912202;291220215;Cascavel;15
2912301;291230105;Ibicuí;05
2912301;291230110;Água Doce;10
2912301;291230115;Ibitupã;15
2912400;291240005;Ibipeba;05
2912400;291240010;Iguitu;10
2912400;291240015;Lagoa Grande;15
2912400;291240020;Mirorós;20
2912509;291250905;Ibipitanga;05
2912608;291260805;Ibiquera;05
2912707;291270705;Ibirapitanga;05
2912806;291280605;Ibirapuã;05
2912905;291290505;Ibirataia;05
2912905;291290510;Algodão;10
2913002;291300205;Ibitiara;05
2913002;291300208;Mocambo;08
2913002;291300210;Olhos d'Água do Seco;10
2913101;291310105;Ibititá;05
2913101;291310120;Canoão;20
2913101;291310130;Feira Nova;30
2913200;291320005;Ibotirama;05
2913200;291320010;Boa Vista do Lagamar;10
2913309;291330905;Ichu;05
2913408;291340805;Igaporã;05
2913457;291345705;Igrapiúna;05
2913507;291350705;Iguaí;05
2913507;291350710;Iguaibi;10
2913606;291360605;Ilhéus;05
2913606;291360610;Aritaguá;10
2913606;291360615;Banco Central;15
2913606;291360625;Castelo Novo;25
2913606;291360630;Coutos;30
2913606;291360635;Inema;35
2913606;291360640;Japu;40
2913606;291360645;Olivença;45
2913606;291360650;Pimenteira;50
2913606;291360655;Banco do Pedro;55
2913606;291360665;Sambaituba;65
2913705;291370505;Inhambupe;05
2913804;291380405;Ipecaetá;05
2913804;291380410;Cavunge;10
2913903;291390305;Ipiaú;05
2914000;291400005;Ipirá;05
2914000;291400015;Bonfim de Ipirá;15
2914000;291400025;Malhador;25
2914109;291410905;Ipupiara;05
2914109;291410910;Ibipetum;10
2914208;291420805;Irajuba;05
2914307;291430705;Iramaia;05
2914307;291430710;Novo Acre;10
2914406;291440605;Iraquara;05
2914406;291440610;Iraporanga;10
2914505;291450505;Irará;05
2914505;291450510;Bento Simões;10
2914604;291460405;Irecê;05
2914604;291460425;Angical;25
2914604;291460430;Conquista;30
2914604;291460435;Itapicuru;35
2914653;291465305;Itabela;05
2914703;291470305;Itaberaba;05
2914802;291480205;Itabuna;05
2914901;291490105;Itacaré;05
2914901;291490110;Taboquinhas;10
2915007;291500705;Itaeté;05
2915106;291510605;Itagi;05
2915205;291520505;Itagibá;05
2915205;291520510;Japomirim;10
2915304;291530405;Itagimirim;05
2915353;291535305;Itaguaçu da Bahia;05
2915403;291540305;Itaju do Colônia;05
2915403;291540320;Palmira;20
2915502;291550205;Itajuípe;05
2915502;291550210;Bandeira do Almada;10
2915601;291560105;Itamaraju;05
2915700;291570005;Itamari;05
2915809;291580905;Itambé;05
2915809;291580910;Catolezinho;10
2915809;291580915;São José do Colônia;15
2915908;291590805;Itanagra;05
2916005;291600505;Itanhém;05
2916005;291600510;Batinga;10
2916005;291600515;Ibirajá;15
2916104;291610405;Itaparica;05
2916203;291620305;Itapé;05
2916302;291630205;Itapebi;05
2916302;291630210;Caiubi;10
2916401;291640105;Itapetinga;05
2916401;291640110;Bandeira do Colônia;10
2916500;291650005;Itapicuru;05
2916500;291650010;Sambaíba;10
2916500;291650015;Lagoa Redonda;15
2916609;291660905;Itapitanga;05
2916708;291670805;Itaquara;05
2916807;291680705;Itarantim;05
2916807;291680710;Ribeirão do Salto;10
2916856;291685605;Itatim;05
2916906;291690605;Itiruçu;05
2917003;291700305;Itiúba;05
2917003;291700306;Engenheiro Rômulo Campos;06
2917003;291700307;Jacurici da Leste;07
2917003;291700308;Piaus;08
2917003;291700309;Bela Vista de Covas;09
2917102;291710205;Itororó;05
2917102;291710210;Itati;10
2917102;291710215;Rio do Meio;15
2917201;291720105;Ituaçu;05
2917201;291720130;Tranqueiras;30
2917300;291730005;Ituberá;05
2917334;291733405;Iuiu;05
2917359;291735905;Jaborandi;05
2917409;291740905;Jacaraci;05
2917409;291740910;Irundiara;10
2917409;291740915;Paiol;15
2917508;291750805;Jacobina;05
2917508;291750810;Caatinga do Moura;10
2917508;291750815;Itaitu;15
2917508;291750820;Itapeipu;20
2917508;291750826;Junco;26
2917607;291760705;Jaguaquara;05
2917607;291760715;Ipiúna;15
2917706;291770605;Jaguarari;05
2917706;291770608;Pilar;08
2917706;291770610;Juacema;10
2917805;291780505;Jaguaripe;05
2917805;291780510;Camassandi;10
2917805;291780515;Cunhangi;15
2917805;291780520;Jacuruna;20
2917805;291780526;Pirajuia;26
2917904;291790405;Jandaíra;05
2917904;291790410;Abadia;10
2917904;291790415;Itanhi;15
2917904;291790420;Mangue Seco;20
2918001;291800105;Jequié;05
2918001;291800110;Baixão;10
2918001;291800115;Boaçu;15
2918001;291800118;Florestal;18
2918001;291800120;Itaibó;20
2918001;291800125;Itajuru;25
2918001;291800128;Monte Branco;28
2918001;291800130;Oriente Novo;30
2918100;291810005;Jeremoabo;05
2918100;291810010;Canché;10
2918209;291820905;Jiquiriçá;05
2918308;291830805;Jitaúna;05
2918357;291835705;João Dourado;05
2918407;291840705;Juazeiro;05
2918407;291840707;Abóbora;07
2918407;291840710;Carnaíba do Sertão;10
2918407;291840715;Itamotinga;15
2918407;291840720;Junco;20
2918407;291840725;Juremal;25
2918407;291840730;Massaroca;30
2918407;291840735;Pinhões;35
2918407;291840740;Maniçoba;40
2918407;291840741;Distrito de Mandacaru;41
2918456;291845605;Jucuruçu;05
2918506;291850605;Jussara;05
2918506;291850607;Queimada Nova;07
2918506;291850610;Recife;10
2918555;291855505;Jussari;05
2918605;291860505;Jussiape;05
2918605;291860510;Caraguataí;10
2918704;291870405;Lafaiete Coutinho;05
2918753;291875305;Lagoa Real;05
2918803;291880305;Laje;05
2918803;291880310;Capão;10
2918803;291880315;Engenheiro Pontes;15
2918902;291890205;Lajedão;05
2919009;291900905;Lajedinho;05
2919058;291905805;Lajedo do Tabocal;05
2919108;291910805;Lamarão;05
2919157;291915705;Lapão;05
2919207;291920705;Lauro de Freitas;05
2919306;291930605;Lençóis;05
2919306;291930610;Afrânio Peixoto;10
2919306;291930615;Coronel Octaviano Alves;15
2919405;291940505;Licínio de Almeida;05
2919405;291940510;Tauape;10
2919504;291950405;Livramento de Nossa Senhora;05
2919504;291950410;Iguatemi;10
2919504;291950415;Itanagé;15
2919504;291950420;São Timóteo;20
2919553;291955305;Luís Eduardo Magalhães;05
2919603;291960305;Macajuba;05
2919603;291960321;Nova Cruz;21
2919603;291960326;Santa Luzia;26
2919702;291970205;Macarani;05
2919801;291980105;Macaúbas;05
2919801;291980110;Canatiba;10
2919801;291980115;Lagoa Clara;15
2919900;291990005;Macururé;05
2919926;291992605;Madre de Deus;05
2919959;291995905;Maetinga;05
2920007;292000705;Maiquinique;05
2920106;292010605;Mairi;05
2920106;292010610;Angico;10
2920205;292020505;Malhada;05
2920205;292020510;Canabrava;10
2920205;292020515;Parateca;15
2920304;292030405;Malhada de Pedras;05
2920403;292040305;Manoel Vitorino;05
2920403;292040310;Catingal;10
2920452;292045205;Mansidão;05
2920452;292045210;Aroeiras;10
2920502;292050205;Maracás;05
2920601;292060105;Maragogipe;05
2920601;292060110;Coqueiros;10
2920601;292060115;Guaí;15
2920601;292060120;Guapira;20
2920601;292060125;Nagé;25
2920601;292060130;São Roque do Paraguaçu;30
2920700;292070005;Maraú;05
2920700;292070010;Ibiaçu;10
2920700;292070015;Piabanha;15
2920809;292080905;Marcionílio Souza;05
2920809;292080910;Juraci;10
2920908;292090805;Mascote;05
2920908;292090811;Pimenta;11
2920908;292090816;São João do Paraíso;16
2920908;292090825;Teixeira do Progresso;25
2921005;292100505;Mata de São João;05
2921005;292100510;Açu da Torre;10
2921005;292100515;Amado Bahia;15
2921054;292105405;Matina;05
2921104;292110405;Medeiros Neto;05
2921104;292110410;Itupeva;10
2921104;292110415;Nova Lídice;15
2921203;292120305;Miguel Calmon;05
2921203;292120310;Itapura;10
2921203;292120315;Tapiranga;15
2921302;292130205;Milagres;05
2921302;292130210;Tartaruga;10
2921401;292140105;Mirangaba;05
2921401;292140110;Nuguaçu;10
2921401;292140113;Canabrava;13
2921401;292140115;Taquarandi;15
2921450;292145005;Mirante;05
2921500;292150005;Monte Santo;05
2921609;292160905;Morpará;05
2921609;292160910;Quixaba;10
2921708;292170805;Morro do Chapéu;05
2921708;292170810;Camirim;10
2921708;292170815;Dias Coelho;15
2921708;292170820;Duas Barras do Morro;20
2921708;292170822;Icó;22
2921708;292170824;Tamboril;24
2921708;292170830;Ventura;30
2921807;292180705;Mortugaba;05
2921906;292190605;Mucugê;05
2921906;292190610;Guiné;10
2921906;292190615;João Correia;15
2922003;292200305;Mucuri;05
2922003;292200310;Ibiranhém;10
2922003;292200312;Itabatã;12
2922003;292200315;Taquarinha;15
2922052;292205205;Mulungu do Morro;05
2922052;292205210;Canudos;10
2922052;292205215;Várzea do Cerco;15
2922102;292210205;Mundo Novo;05
2922102;292210210;Alto Bonito;10
2922102;292210215;Ibiaporã;15
2922102;292210220;Indaí;20
2922201;292220105;Muniz Ferreira;05
2922201;292220110;Onha;10
2922250;292225005;Muquém do São Francisco;05
2922300;292230005;Muritiba;05
2922300;292230020;Itaporã;20
2922409;292240905;Mutuípe;05
2922508;292250805;Nazaré;05
2922607;292260705;Nilo Peçanha;05
2922607;292260715;São Benedito;15
2922656;292265605;Nordestina;05
2922706;292270605;Nova Canaã;05
2922706;292270610;Itajaí;10
2922730;292273005;Nova Fátima;05
2922755;292275505;Nova Ibiá;05
2922805;292280505;Nova Itarana;05
2922854;292285405;Nova Redenção;05
2922904;292290405;Nova Soure;05
2923001;292300105;Nova Viçosa;05
2923001;292300110;Argolo;10
2923001;292300115;Helvécia;15
2923001;292300125;Posto da Mata;25
2923035;292303505;Novo Horizonte;05
2923035;292303510;Brejo Luiza de Brito;10
2923035;292303515;Remédios;15
2923050;292305005;Novo Triunfo;05
2923100;292310005;Olindina;05
2923209;292320905;Oliveira dos Brejinhos;05
2923209;292320910;Bom Sossego;10
2923209;292320915;Ipuçaba;15
2923308;292330805;Ouriçangas;05
2923357;292335705;Ourolândia;05
2923357;292335710;Alagadiço;10
2923357;292335711;Alazão;11
2923407;292340705;Palmas de Monte Alto;05
2923407;292340715;Espraiado;15
2923407;292340720;Pinga Fogo;20
2923407;292340725;Rancho das Mães;25
2923506;292350605;Palmeiras;05
2923506;292350610;Caeté-Açu;10
2923605;292360505;Paramirim;05
2923605;292360510;Canabravinha;10
2923704;292370405;Paratinga;05
2923704;292370410;Águas do Paulista;10
2923803;292380305;Paripiranga;05
2923803;292380310;Conceição de Campinas;10
2923902;292390205;Pau Brasil;05
2924009;292400905;Paulo Afonso;05
2924058;292405805;Pé de Serra;05
2924108;292410805;Pedrão;05
2924207;292420705;Pedro Alexandre;05
2924306;292430605;Piatã;05
2924306;292430610;Cabrália;10
2924306;292430615;Inúbia;15
2924405;292440505;Pilão Arcado;05
2924405;292440510;Baluarte;10
2924405;292440515;Brejo da Serra;15
2924405;292440520;Saldanha;20
2924504;292450405;Pindaí;05
2924504;292450410;Guirapá;10
2924603;292460305;Pindobaçu;05
2924603;292460310;Bananeiras;10
2924603;292460315;Carnaíba de Baixo;15
2924603;292460325;Várzea Grande;25
2924652;292465205;Pintadas;05
2924678;292467805;Piraí do Norte;05
2924702;292470205;Piripá;05
2924801;292480105;Piritiba;05
2924801;292480110;França;10
2924801;292480115;Largo;15
2924801;292480125;Porto Feliz;25
2924900;292490005;Planaltino;05
2924900;292490010;Ibitiguira;10
2924900;292490015;Nova Itaípe;15
2925006;292500605;Planalto;05
2925006;292500610;Lucaia;10
2925105;292510505;Poções;05
2925204;292520405;Pojuca;05
2925204;292520410;Miranga;10
2925253;292525305;Ponto Novo;05
2925253;292525306;Barracas;06
2925253;292525307;Nova Represa;07
2925303;292530305;Porto Seguro;05
2925303;292530307;Arraial D'Ajuda;07
2925303;292530310;Caraíva;10
2925303;292530315;Vale Verde;15
2925303;292530320;Trancoso;20
2925402;292540205;Potiraguá;05
2925402;292540210;Gurupá Mirim;10
2925501;292550105;Prado;05
2925501;292550110;Cumuruxatiba;10
2925600;292560005;Presidente Dutra;05
2925600;292560010;Campo Formoso;10
2925709;292570905;Presidente Jânio Quadros;05
2925758;292575805;Presidente Tancredo Neves;05
2925808;292580805;Queimadas;05
2925808;292580808;Coronel João Borges;08
2925907;292590705;Quijingue;05
2925907;292590710;Algodões;10
2925931;292593105;Quixabeira;05
2925956;292595605;Rafael Jambeiro;05
2925956;292595610;Argoim;10
2925956;292595615;Cajueiro;15
2925956;292595625;Paraguassú;25
2926004;292600405;Remanso;05
2926004;292600410;Poços;10
2926103;292610305;Retirolândia;05
2926202;292620205;Riachão das Neves;05
2926202;292620210;Cariparé;10
2926202;292620215;São José do Rio Grande;15
2926301;292630105;Riachão do Jacuípe;05
2926301;292630107;Barreiros;07
2926301;292630116;Chapada;16
2926301;292630117;Vila Aparecida;17
2926400;292640005;Riacho de Santana;05
2926400;292640010;Botuquara;10
2926509;292650905;Ribeira do Amparo;05
2926608;292660805;Ribeira do Pombal;05
2926657;292665705;Ribeirão do Largo;05
2926657;292665710;Nova Brasília;10
2926707;292670705;Rio de Contas;05
2926707;292670710;Arapiranga;10
2926707;292670715;Marcolino Moura;15
2926806;292680605;Rio do Antônio;05
2926806;292680610;Ibitira;10
2926905;292690505;Rio do Pires;05
2926905;292690510;Ibiajara;10
2927002;292700205;Rio Real;05
2927101;292710105;Rodelas;05
2927200;292720005;Ruy Barbosa;05
2927200;292720010;Morro das Flores;10
2927200;292720015;Tapiraípe;15
2927309;292730905;Salinas da Margarida;05
2927408;292740805;Salvador;05
2927507;292750705;Santa Bárbara;05
2927606;292760605;Santa Brígida;05
2927705;292770505;Santa Cruz Cabrália;05
2927804;292780405;Santa Cruz da Vitória;05
2927903;292790305;Santa Inês;05
2928000;292800005;Santaluz;05
2928000;292800020;Pereira;20
2928059;292805905;Santa Luzia;05
2928109;292810905;Santa Maria da Vitória;05
2928109;292810910;Açudina;10
2928109;292810915;Inhaúmas;15
2928208;292820805;Santana;05
2928208;292820810;Porto Novo;10
2928307;292830705;Santanópolis;05
2928307;292830710;Boa Espera;10
2928406;292840605;Santa Rita de Cássia;05
2928406;292840615;Malhada Grande;15
2928505;292850505;Santa Terezinha;05
2928604;292860405;Santo Amaro;05
2928604;292860410;Acupe;10
2928604;292860415;Campinhos;15
2928703;292870305;Santo Antônio de Jesus;05
2928802;292880205;Santo Estêvão;05
2928901;292890105;São Desidério;05
2928901;292890110;Sítio Grande;10
2928950;292895005;São Domingos;05
2928950;292895025;Santo Antônio;25
2929008;292900805;São Félix;05
2929008;292900810;Outeiro Redondo;10
2929057;292905705;São Félix do Coribe;05
2929107;292910705;São Felipe;05
2929107;292910710;Caraípe;10
2929206;292920605;São Francisco do Conde;05
2929206;292920610;Mataripe;10
2929206;292920615;Monte Recôncavo;15
2929255;292925505;São Gabriel;05
2929255;292925515;Gameleira do Jacaré;15
2929305;292930505;São Gonçalo dos Campos;05
2929305;292930510;Afligidos;10
2929305;292930515;Sergi;15
2929354;292935405;São José da Vitória;05
2929370;292937005;São José do Jacuípe;05
2929370;292937015;Itatiaia do Alto Bonito;15
2929404;292940405;São Miguel das Matas;05
2929503;292950305;São Sebastião do Passé;05
2929503;292950310;Maracangalha;10
2929503;292950315;Jacuípe;15
2929503;292950320;Lamarão do Passé;20
2929602;292960205;Sapeaçu;05
2929602;292960210;Baixa do Palmeira;10
2929701;292970105;Sátiro Dias;05
2929750;292975005;Saubara;05
2929750;292975010;Bom Jesus dos Pobres;10
2929750;292975015;Cabuçu;15
2929800;292980005;Saúde;05
2929909;292990905;Seabra;05
2929909;292990910;Baraúnas;10
2929909;292990915;Várzea do Caldas;15
2930006;293000605;Sebastião Laranjeiras;05
2930006;293000610;Mandiroba;10
2930105;293010505;Senhor do Bonfim;05
2930105;293010515;Carrapichel;15
2930105;293010520;Igara;20
2930105;293010525;Tijuaçu;25
2930154;293015405;Serra do Ramalho;05
2930204;293020405;Sento Sé;05
2930204;293020410;Amaniú;10
2930204;293020415;Américo Alves;15
2930204;293020420;Piçarrão;20
2930204;293020425;Cajuí;25
2930204;293020430;Minas do Mimoso;30
2930204;293020435;Piri;35
2930303;293030305;Serra Dourada;05
2930402;293040205;Serra Preta;05
2930501;293050105;Serrinha;05
2930600;293060005;Serrolândia;05
2930709;293070905;Simões Filho;05
2930758;293075805;Sítio do Mato;05
2930758;293075810;Gameleira da Lapa;10
2930766;293076605;Sítio do Quinto;05
2930774;293077405;Sobradinho;05
2930808;293080805;Souto Soares;05
2930808;293080810;Cisterna;10
2930808;293080825;Segrêdo;25
2930907;293090705;Tabocas do Brejo Velho;05
2930907;293090710;Mariquita;10
2931004;293100405;Tanhaçu;05
2931004;293100410;Sussuarana;10
2931053;293105305;Tanque Novo;05
2931103;293110305;Tanquinho;05
2931202;293120205;Taperoá;05
2931202;293120210;Camurugi;10
2931301;293130105;Tapiramutá;05
2931301;293130110;Volta Grande;10
2931350;293135005;Teixeira de Freitas;05
2931350;293135010;Cachoeira do Mato;10
2931400;293140005;Teodoro Sampaio;05
2931400;293140010;Buracica;10
2931400;293140015;Lustosa;15
2931509;293150905;Teofilândia;05
2931608;293160805;Teolândia;05
2931707;293170705;Terra Nova;05
2931707;293170710;Jacu;10
2931707;293170715;Rio Fundo;15
2931806;293180605;Tremedal;05
2931806;293180615;Lagoa Preta;15
2931905;293190505;Tucano;05
2931905;293190510;Rua Nova;10
2932002;293200205;Uauá;05
2932002;293200210;Caldeirão;10
2932002;293200215;Serra da Canabrava;15
2932002;293200216;Lagoa dos Pires;16
2932101;293210105;Ubaíra;05
2932101;293210110;Baixinha;10
2932101;293210115;Engenheiro Franca;15
2932200;293220005;Ubaitaba;05
2932200;293220010;Faisqueira;10
2932200;293220025;Piraúna;25
2932309;293230905;Ubatã;05
2932408;293240805;Uibaí;05
2932408;293240810;Hidrolândia;10
2932457;293245705;Umburanas;05
2932457;293245710;Delfino;10
2932507;293250705;Una;05
2932507;293250720;Colônia;20
2932507;293250725;Comandatuba;25
2932507;293250735;Pedras de Una;35
2932507;293250740;Vila Brasil;40
2932606;293260605;Urandi;05
2932705;293270505;Uruçuca;05
2932705;293270525;Serra Grande;25
2932804;293280405;Utinga;05
2932804;293280410;Riachão do Utinga;10
2932903;293290305;Valença;05
2932903;293290308;Guaibim;08
2932903;293290310;Guerém;10
2932903;293290315;Maricoabo;15
2932903;293290320;Serra Grande;20
2933000;293300005;Valente;05
2933000;293300010;Valilândia;10
2933000;293300015;Santa Rita de Cássia;15
2933059;293305905;Várzea da Roça;05
2933109;293310905;Várzea do Poço;05
2933158;293315805;Várzea Nova;05
2933174;293317405;Varzedo;05
2933174;293317425;Taboleiro do Castro;25
2933208;293320805;Vera Cruz;05
2933208;293320810;Cacha Pregos;10
2933208;293320815;Jiribatuba;15
2933208;293320820;Mar Grande;20
2933257;293325705;Vereda;05
2933307;293330705;Vitória da Conquista;05
2933307;293330706;Bate-Pé;06
2933307;293330707;Cabeceira da Jiboia;07
2933307;293330708;Cercadinho;08
2933307;293330709;Dantilândia;09
2933307;293330710;Iguá;10
2933307;293330715;Inhobim;15
2933307;293330720;José Gonçalves;20
2933307;293330730;Pradoso;30
2933307;293330733;São João da Vitória;33
2933307;293330735;São Sebastião;35
2933307;293330740;Veredinha;40
2933406;293340605;Wagner;05
2933455;293345505;Wanderley;05
2933505;293350505;Wenceslau Guimarães;05
2933604;293360405;Xique-Xique;05
2933604;293360410;Copixaba;10
2933604;293360415;Iguira;15
3100104;310010405;Abadia dos Dourados;05
3100203;310020305;Abaeté;05
3100302;310030205;Abre Campo;05
3100302;310030210;Granada;10
3100401;310040105;Acaiaca;05
3100500;310050005;Açucena;05
3100500;310050010;Aramirim;10
3100500;310050015;Felicina;15
3100500;310050020;Gama;20
3100500;310050028;Naque-Nanuque;28
3100609;310060905;Água Boa;05
3100609;310060915;Palmeira de Resplendor;15
3100609;310060920;Novo Bonfim;20
3100609;310060925;Catequeses;25
3100708;310070805;Água Comprida;05
3100807;310080705;Aguanil;05
3100807;310080710;Boticão;10
3100906;310090605;Águas Formosas;05
3100906;310090607;Água Quente;07
3101003;310100305;Águas Vermelhas;05
3101003;310100320;Itamarati;20
3101003;310100330;Machado Mineiro;30
3101102;310110205;Aimorés;05
3101102;310110210;Alto do Capim;10
3101102;310110215;Conceição do Capim;15
3101102;310110220;Expedicionário Alício;20
3101102;310110225;Mundo Novo de Minas;25
3101102;310110230;Penha do Capim;30
3101102;310110233;Santo Antônio do Rio Doce;33
3101102;310110235;São Sebastião da Vala;35
3101102;310110240;Tabaúna;40
3101102;310110245;São José do Limoeiro;45
3101201;310120105;Aiuruoca;05
3101300;310130005;Alagoa;05
3101409;310140905;Albertina;05
3101508;310150805;Além Paraíba;05
3101508;310150810;Angustura;10
3101607;310160705;Alfenas;05
3101607;310160710;Barranco Alto;10
3101631;310163105;Alfredo Vasconcelos;05
3101631;310163125;São José de Pouso Alegre;25
3101631;310163130;Potreiro;30
3101706;310170605;Almenara;05
3101706;310170620;Pedra Grande;20
3101805;310180505;Alpercata;05
3101904;310190405;Alpinópolis;05
3102001;310200105;Alterosa;05
3102001;310200110;Divino Espírito Santo;10
3102050;310205005;Alto Caparaó;05
3102100;310210005;Alto Rio Doce;05
3102100;310210010;Abreus;10
3102100;310210015;Missionário;15
3102100;310210020;Vitorinos;20
3102209;310220905;Alvarenga;05
3102308;310230805;Alvinópolis;05
3102308;310230807;Barretos de Alvinópolis;07
3102308;310230810;Fonseca;10
3102308;310230815;Major Ezequiel;15
3102407;310240705;Alvorada de Minas;05
3102407;310240710;Itapanhoacanga;10
3102506;310250605;Amparo do Serra;05
3102506;310250610;Padre Felisberto;10
3102605;310260505;Andradas;05
3102605;310260510;Gramínea;10
3102605;310260515;Campestrinho;15
3102704;310270405;Cachoeira de Pajeú;05
3102704;310270410;Águas Altas;10
3102704;310270415;Tancredo Neves;15
3102704;310270420;Cateriangongo;20
3102803;310280305;Andrelândia;05
3102852;310285205;Angelândia;05
3102902;310290205;Antônio Carlos;05
3102902;310290206;Curral Novo de Minas;06
3102902;310290207;Dr. Sá Fortes;07
3102902;310290215;São Sebastião de Campolide;15
3103009;310300905;Antônio Dias;05
3103009;310300910;Hematita;10
3103108;310310805;Antônio Prado de Minas;05
3103207;310320705;Araçaí;05
3103306;310330605;Aracitaba;05
3103405;310340505;Araçuaí;05
3103405;310340510;Engenheiro Schnoor;10
3103405;310340515;Itira;15
3103504;310350405;Araguari;05
3103504;310350410;Amanhece;10
3103504;310350415;Florestina;15
3103504;310350420;Piracaíba;20
3103603;310360305;Arantina;05
3103702;310370205;Araponga;05
3103702;310370210;Estêvão de Araújo;10
3103751;310375105;Araporã;05
3103801;310380105;Arapuá;05
3103900;310390005;Araújos;05
3104007;310400705;Araxá;05
3104007;310400715;Itaipu de Araxá;15
3104106;310410605;Arceburgo;05
3104205;310420505;Arcos;05
3104304;310430405;Areado;05
3104403;310440305;Argirita;05
3104452;310445205;Aricanduva;05
3104502;310450205;Arinos;05
3104502;310450215;Pic Sagarana;15
3104502;310450220;Vila Bom Jesus;20
3104601;310460105;Astolfo Dutra;05
3104601;310460110;Santana do Campestre;10
3104601;310460115;Sobral Pinto;15
3104700;310470005;Ataléia;05
3104700;310470010;Fidelândia;10
3104700;310470015;Novo Horizonte;15
3104700;310470030;Tipiti;30
3104700;310470035;São Miguel;35
3104809;310480905;Augusto de Lima;05
3104908;310490805;Baependi;05
3105004;310500405;Baldim;05
3105004;310500410;Amanda;10
3105004;310500415;São Vicente;15
3105004;310500420;Vargem Grande da Serra;20
3105103;310510305;Bambuí;05
3105202;310520205;Bandeira;05
3105301;310530105;Bandeira do Sul;05
3105400;310540005;Barão de Cocais;05
3105400;310540010;Cocais;10
3105509;310550905;Barão do Monte Alto;05
3105509;310550910;Cachoeira Alegre;10
3105509;310550915;Silveira Carvalho;15
3105608;310560805;Barbacena;05
3105608;310560807;Colônia Rodrigo Silva;07
3105608;310560810;Correia de Almeida;10
3105608;310560812;Costas da Mantiqueira;12
3105608;310560814;Faria;14
3105608;310560815;Padre Brito;15
3105608;310560816;Galego;16
3105608;310560819;Mantiqueira do Palmital;19
3105608;310560820;Senhora das Dores;20
3105608;310560823;Pinheiro Grosso;23
3105608;310560825;Ponte do Cosme;25
3105608;310560827;Ponto Chique do Martelo;27
3105608;310560830;São Sebastião dos Torres;30
3105707;310570705;Barra Longa;05
3105707;310570715;Bonfim da Barra;15
3105905;310590505;Barroso;05
3106002;310600205;Bela Vista de Minas;05
3106101;310610105;Belmiro Braga;05
3106101;310610110;Porto das Flores;10
3106101;310610113;Sobragi;13
3106101;310610115;Três Ilhas;15
3106200;310620005;Belo Horizonte;05
3106200;310620025;Barreiro;25
3106200;310620060;Venda Nova;60
3106309;310630905;Belo Oriente;05
3106309;310630906;Bom Jesus do Bagre;06
3106309;310630910;Perpétuo Socorro;10
3106309;310630920;São Sebastião de Braúnas;20
3106408;310640805;Belo Vale;05
3106408;310640810;Santana do Paraopeba;10
3106408;310640815;Boa Morte;15
3106408;310640820;Chácara dos Cordeiros;20
3106408;310640825;Roças Novas dos Bandeirantes;25
3106408;310640830;São Sebastião das Lajes;30
3106507;310650705;Berilo;05
3106507;310650720;Lelivéldia;20
3106606;310660605;Bertópolis;05
3106606;310660620;Umburaninha;20
3106655;310665505;Berizal;05
3106655;310665510;Serra do Anastácio;10
3106705;310670505;Betim;05
3106804;310680405;Bias Fortes;05
3106903;310690305;Bicas;05
3106903;310690310;Santa Helena de Bicas;10
3107000;310700005;Biquinhas;05
3107109;310710905;Boa Esperança;05
3107208;310720805;Bocaina de Minas;05
3107208;310720810;Mirantão;10
3107208;310720815;Santo Antônio do Alto Rio Grande;15
3107307;310730705;Bocaiúva;05
3107307;310730720;Alto Belo;20
3107307;310730725;Terra Branca;25
3107307;310730730;Engenheiro Dolabela;30
3107307;310730735;Sentinela;35
3107307;310730740;Pedregulho do Vale;40
3107307;310730745;Machados Serrano;45
3107307;310730750;Camilo Prates;50
3107406;310740605;Bom Despacho;05
3107406;310740610;Engenho do Ribeiro;10
3107505;310750505;Bom Jardim de Minas;05
3107505;310750510;Tabuão;10
3107604;310760405;Bom Jesus da Penha;05
3107703;310770305;Bom Jesus do Amparo;05
3107802;310780205;Bom Jesus do Galho;05
3107802;310780210;Passa Dez;10
3107802;310780215;Quartel do Sacramento;15
3107802;310780220;Revés do Belém;20
3107901;310790105;Bom Repouso;05
3108008;310800805;Bom Sucesso;05
3108008;310800810;Macaia;10
3108008;310800815;Machados de Bom Sucesso;15
3108107;310810705;Bonfim;05
3108107;310810710;Santo Antônio da Vargem Alegre;10
3108206;310820605;Bonfinópolis de Minas;05
3108255;310825505;Bonito de Minas;05
3108255;310825510;Raizama;10
3108255;310825515;São José do Gibão;15
3108305;310830505;Borda da Mata;05
3108305;310830510;Cervo;10
3108305;310830515;Sertãozinho;15
3108404;310840405;Botelhos;05
3108404;310840410;Palmeiral;10
3108404;310840415;São Gonçalo de Botelhos;15
3108503;310850305;Botumirim;05
3108503;310850310;Adão Colares;10
3108503;310850315;Santa Cruz de Botumirim;15
3108503;310850320;Canta Galo de Botumirim;20
3108552;310855205;Brasilândia de Minas;05
3108602;310860205;Brasília de Minas;05
3108602;310860210;Angicos de Minas;10
3108602;310860220;Fernão Dias;20
3108602;310860235;Retiro de Santo Antônio;35
3108602;310860240;Vargem Grande do Bom Jesus;40
3108602;310860245;Vila de Fátima;45
3108701;310870105;Brás Pires;05
3108701;310870125;Ribeirão de Santo Antônio;25
3108800;310880005;Braúnas;05
3108909;310890905;Brazópolis;05
3108909;310890910;Dias;10
3108909;310890915;Luminosa;15
3108909;310890920;Cruz Vera;20
3108909;310890925;Bom Sucesso da Mantiqueira;25
3109006;310900605;Brumadinho;05
3109006;310900610;Aranha;10
3109006;310900615;Conceição de Itaguá;15
3109006;310900620;Piedade do Paraopeba;20
3109006;310900625;São José do Paraopeba;25
3109105;310910505;Bueno Brandão;05
3109204;310920405;Buenópolis;05
3109204;310920410;Curimataí;10
3109253;310925305;Bugre;05
3109303;310930305;Buritis;05
3109303;310930310;Serra Bonita;10
3109303;310930320;São Pedro do Passa Três;20
3109303;310930325;Vila Serrana;25
3109402;310940205;Buritizeiro;05
3109402;310940210;Cachoeira do Manteiga;10
3109402;310940215;Paredão de Minas;15
3109402;310940220;Sambaíba de Minas;20
3109451;310945105;Cabeceira Grande;05
3109451;310945120;Palmital de Minas;20
3109501;310950105;Cabo Verde;05
3109501;310950110;Serra dos Lemes;10
3109501;310950115;São Bartolomeu de Minas;15
3109600;310960005;Cachoeira da Prata;05
3109709;310970905;Cachoeira de Minas;05
3109709;310970910;Itaim;10
3109808;310980805;Cachoeira Dourada;05
3109907;310990705;Caetanópolis;05
3110004;311000405;Caeté;05
3110004;311000410;Antônio dos Santos;10
3110004;311000415;Morro Vermelho;15
3110004;311000420;Penedia;20
3110004;311000425;Roças Novas;25
3110004;311000430;Rancho Novo;30
3110103;311010305;Caiana;05
3110202;311020205;Cajuri;05
3110202;311020210;Paraguai;10
3110301;311030105;Caldas;05
3110301;311030107;Laranjeiras de Caldas;07
3110301;311030110;Santana de Caldas;10
3110301;311030115;São Pedro de Caldas;15
3110400;311040005;Camacho;05
3110509;311050905;Camanducaia;05
3110509;311050910;Monte Verde;10
3110509;311050915;São Mateus de Minas;15
3110608;311060805;Cambuí;05
3110707;311070705;Cambuquira;05
3110806;311080605;Campanário;05
3110905;311090505;Campanha;05
3111002;311100205;Campestre;05
3111002;311100210;Posses de São Sebastião;10
3111101;311110105;Campina Verde;05
3111101;311110110;Honorópolis;10
3111150;311115005;Campo Azul;05
3111150;311115010;Vila São José;10
3111200;311120005;Campo Belo;05
3111200;311120010;Porto dos Mendes;10
3111309;311130905;Campo do Meio;05
3111408;311140805;Campo Florido;05
3111507;311150705;Campos Altos;05
3111507;311150710;São Jerônimo dos Poções;10
3111606;311160605;Campos Gerais;05
3111606;311160610;Córrego do Ouro;10
3111705;311170505;Canaã;05
3111804;311180405;Canápolis;05
3111903;311190305;Cana Verde;05
3111903;311190310;Cerradinho;10
3112000;311200005;Candeias;05
3112000;311200010;Vieiras Bravos;10
3112059;311205905;Cantagalo;05
3112109;311210905;Caparaó;05
3112208;311220805;Capela Nova;05
3112208;311220810;Palmeiras de Capela Nova;10
3112307;311230705;Capelinha;05
3112307;311230715;Bom Jesus do Galego;15
3112307;311230720;Chapadinha do Ipê;20
3112307;311230725;Ponte Nova de Capelinha;25
3112307;311230730;São Caetano da Serra;30
3112406;311240605;Capetinga;05
3112406;311240610;Goianases;10
3112505;311250505;Capim Branco;05
3112604;311260405;Capinópolis;05
3112653;311265305;Capitão Andrade;05
3112703;311270305;Capitão Enéas;05
3112703;311270310;Caçarema;10
3112703;311270320;Santana da Serra;20
3112802;311280205;Capitólio;05
3112901;311290105;Caputira;05
3113008;311300805;Caraí;05
3113008;311300810;Marambainha;10
3113008;311300812;Maranhão;12
3113008;311300815;Ponto do Marambaia;15
3113008;311300820;Queixadinha;20
3113008;311300825;Santa Luiza dos Corujas;25
3113008;311300830;Ribeirão de Santana;30
3113107;311310705;Caranaíba;05
3113206;311320605;Carandaí;05
3113206;311320610;Hermilo Alves;10
3113206;311320615;Pedra do Sino;15
3113305;311330505;Carangola;05
3113305;311330510;Alvorada;10
3113305;311330520;Lacerdinha;20
3113305;311330525;Ponte Alta de Minas;25
3113404;311340405;Caratinga;05
3113404;311340407;Cordeiro de Minas;07
3113404;311340410;Dom Lara;10
3113404;311340413;Dom Modesto;13
3113404;311340424;Patrocínio de Caratinga;24
3113404;311340426;Santa Efigênia de Caratinga;26
3113404;311340427;Santa Luzia de Caratinga;27
3113404;311340435;Santo Antônio do Manhuaçu;35
3113404;311340440;São Cândido;40
3113404;311340445;São João do Jacutinga;45
3113404;311340450;Sapucaia;50
3113503;311350305;Carbonita;05
3113503;311350310;Abadia de Carbonita;10
3113503;311350315;Santana de Carbonita;15
3113503;311350320;Monte Belo de Carbonita;20
3113503;311350325;Mercadinho;25
3113602;311360205;Careaçu;05
3113701;311370105;Carlos Chagas;05
3113701;311370110;Epaminondas Otoni;10
3113701;311370115;Presidente Pena;15
3113701;311370116;Francisco Sá de Carlos Chagas;16
3113701;311370117;Mayrink;17
3113800;311380005;Carmésia;05
3113909;311390905;Carmo da Cachoeira;05
3113909;311390920;Palmital do Cervo;20
3114006;311400605;Carmo da Mata;05
3114105;311410505;Carmo de Minas;05
3114204;311420405;Carmo do Cajuru;05
3114204;311420408;Bom Jesus de Angicos;08
3114204;311420409;Santo Antônio da Serra;09
3114204;311420410;São José dos Salgados;10
3114303;311430305;Carmo do Paranaíba;05
3114303;311430310;Quintinos;10
3114402;311440205;Carmo do Rio Claro;05
3114402;311440210;Itaci;10
3114402;311440220;Vilelândia;20
3114501;311450105;Carmópolis de Minas;05
3114501;311450110;Bom Jardim das Pedras;10
3114550;311455005;Carneirinho;05
3114550;311455010;Estrela da Barra;10
3114550;311455017;Fátima do Pontal;17
3114550;311455020;São Sebastião do Pontal;20
3114600;311460005;Carrancas;05
3114709;311470905;Carvalhópolis;05
3114808;311480805;Carvalhos;05
3114808;311480810;Franceses;10
3114808;311480815;Muquem de São Lázaro;15
3114907;311490705;Casa Grande;05
3115003;311500305;Cascalho Rico;05
3115102;311510205;Cássia;05
3115201;311520105;Conceição da Barra de Minas;05
3115300;311530005;Cataguases;05
3115300;311530007;Aracati de Minas;07
3115300;311530010;Cataguarino;10
3115300;311530012;Glória de Cataguases;12
3115300;311530015;Sereno;15
3115300;311530020;Vista Alegre;20
3115359;311535905;Catas Altas;05
3115359;311535910;Morro D'Água Quente;10
3115409;311540905;Catas Altas da Noruega;05
3115458;311545805;Catuji;05
3115474;311547405;Catuti;05
3115474;311547410;Barreiro Branco;10
3115508;311550805;Caxambu;05
3115607;311560705;Cedro do Abaeté;05
3115706;311570605;Central de Minas;05
3115706;311570610;Floresta;10
3115805;311580505;Centralina;05
3115904;311590405;Chácara;05
3116001;311600105;Chalé;05
3116001;311600110;Professor Sperber;10
3116001;311600115;Penha do Coco;15
3116001;311600120;Água Limpa de Chalé;20
3116100;311610005;Chapada do Norte;05
3116100;311610010;Cachoeira do Norte;10
3116100;311610020;Granjas do Norte;20
3116100;311610030;Santa Rita do Araçuaí;30
3116100;311610040;São Sebastião da Boa Vista;40
3116159;311615905;Chapada Gaúcha;05
3116159;311615920;Serra das Araras;20
3116159;311615930;Vila Bom Jesus de Minas;30
3116159;311615935;Vila Retiro Velho;35
3116209;311620905;Chiador;05
3116209;311620910;Penha Longa;10
3116308;311630805;Cipotânea;05
3116407;311640705;Claraval;05
3116506;311650605;Claro dos Poções;05
3116506;311650610;Vista Alegre;10
3116506;311650615;Boa Sorte de Claro dos Poções;15
3116605;311660505;Cláudio;05
3116605;311660510;Monsenhor João Alexandre;10
3116704;311670405;Coimbra;05
3116803;311680305;Coluna;05
3116902;311690205;Comendador Gomes;05
3117009;311700905;Comercinho;05
3117009;311700910;Água Branca de Minas;10
3117009;311700915;Taboa;15
3117108;311710805;Conceição da Aparecida;05
3117207;311720705;Conceição das Pedras;05
3117306;311730605;Conceição das Alagoas;05
3117306;311730610;Poncianos;10
3117405;311740505;Conceição de Ipanema;05
3117504;311750405;Conceição do Mato Dentro;05
3117504;311750410;Brejaúba;10
3117504;311750415;Córregos;15
3117504;311750420;Costa Sena;20
3117504;311750425;Itacolomi;25
3117504;311750428;Ouro Fino do Mato Dentro;28
3117504;311750430;Santo Antônio do Norte;30
3117504;311750432;Santo Antônio do Cruzeiro;32
3117504;311750435;São Sebastião do Bom Sucesso;35
3117504;311750436;Senhora do Socorro;36
3117504;311750440;Tabuleiro do Mato Dentro;40
3117504;311750445;Capitão Felizardo;45
3117504;311750450;Três Barras do Mato Dentro;50
3117603;311760305;Conceição do Pará;05
3117702;311770205;Conceição do Rio Verde;05
3117702;311770210;Águas de Contendas;10
3117801;311780105;Conceição dos Ouros;05
3117836;311783605;Cônego Marinho;05
3117836;311783610;São José de Macaúbas;10
3117836;311783615;Cruz dos Araújos;15
3117836;311783620;Santo Antônio da Vaca Preta;20
3117836;311783625;Olhos D'Água do Bom Jesus;25
3117876;311787605;Confins;05
3117900;311790005;Congonhal;05
3118007;311800705;Congonhas;05
3118007;311800710;Alto Maranhão;10
3118007;311800715;Lobo Leite;15
3118106;311810605;Congonhas do Norte;05
3118106;311810610;Santa Cruz dos Alves;10
3118205;311820505;Conquista;05
3118205;311820510;Guaxima;10
3118205;311820515;Jubaí;15
3118304;311830405;Conselheiro Lafaiete;05
3118304;311830410;Buarque de Macedo;10
3118403;311840305;Conselheiro Pena;05
3118403;311840315;Barra do Cuieté;15
3118403;311840320;Bueno;20
3118403;311840325;Cuieté Velho;25
3118403;311840335;Ferruginha;35
3118403;311840345;Penha do Norte;45
3118502;311850205;Consolação;05
3118601;311860105;Contagem;05
3118601;311860110;Parque Industrial;10
3118700;311870005;Coqueiral;05
3118700;311870010;Frei Eustáquio;10
3118809;311880905;Coração de Jesus;05
3118809;311880910;Alvação;10
3118809;311880913;Aristides Batista;13
3118809;311880915;Luiz Pires de Minas;15
3118809;311880920;Ponte dos Ciganos;20
3118809;311880925;São Geraldo;25
3118809;311880940;São Joaquim;40
3118908;311890805;Cordisburgo;05
3118908;311890810;Lagoa Bonita;10
3119005;311900505;Cordislândia;05
3119104;311910405;Corinto;05
3119104;311910408;Beltrão;08
3119104;311910410;Contria;10
3119203;311920305;Coroaci;05
3119203;311920310;Conceição de Tronqueiras;10
3119203;311920315;São Sebastião do Bugre;15
3119302;311930205;Coromandel;05
3119302;311930210;Alegre;10
3119302;311930212;Lagamar dos Coqueiros;12
3119302;311930213;Pântano de Santa Cruz;13
3119302;311930214;Mateiro;14
3119302;311930215;Santa Rosa dos Dourados;15
3119401;311940105;Coronel Fabriciano;05
3119401;311940110;Senador Melo Viana;10
3119500;311950005;Coronel Murta;05
3119500;311950007;Barra do Salinas;07
3119500;311950010;Freire Cardoso;10
3119609;311960905;Coronel Pacheco;05
3119708;311970805;Coronel Xavier Chaves;05
3119807;311980705;Córrego Danta;05
3119807;311980710;Cachoeirinha;10
3119906;311990605;Córrego do Bom Jesus;05
3119955;311995505;Córrego Fundo;05
3120003;312000305;Córrego Novo;05
3120102;312010205;Couto de Magalhães de Minas;05
3120151;312015105;Crisólita;05
3120151;312015120;Nova Santa Luzia;20
3120201;312020105;Cristais;05
3120300;312030005;Cristália;05
3120409;312040905;Cristiano Otoni;05
3120409;312040920;São Caetano;20
3120508;312050805;Cristina;05
3120607;312060705;Crucilândia;05
3120706;312070605;Cruzeiro da Fortaleza;05
3120706;312070610;Brejo Bonito;10
3120805;312080505;Cruzília;05
3120839;312083905;Cuparaque;05
3120839;312083910;Aldeia;10
3120870;312087005;Curral de Dentro;05
3120870;312087020;Maristela de Minas;20
3120904;312090405;Curvelo;05
3120904;312090410;Angueretá;10
3120904;312090412;J.K.;12
3120904;312090415;Santa Rita do Cedro;15
3120904;312090420;Tomás Gonzaga;20
3121001;312100105;Datas;05
3121001;312100130;Tombadouro;30
3121100;312110005;Delfim Moreira;05
3121100;312110010;BARRA DE DELFIM MOREIRA;10
3121209;312120905;Delfinópolis;05
3121209;312120910;Babilônia;10
3121209;312120920;Olhos D'Água da Canastra;20
3121258;312125805;Delta;05
3121308;312130805;Descoberto;05
3121407;312140705;Desterro de Entre Rios;05
3121407;312140707;Pereirinhas;07
3121407;312140710;São Sebastião do Gil;10
3121506;312150605;Desterro do Melo;05
3121605;312160505;Diamantina;05
3121605;312160510;Conselheiro Mata;10
3121605;312160515;Desembargador Otoni;15
3121605;312160520;Extração;20
3121605;312160525;Guinda;25
3121605;312160530;Inhaí;30
3121605;312160535;Mendanha;35
3121605;312160540;Planalto de Minas;40
3121605;312160545;São João da Chapada;45
3121605;312160550;Senador Mourão;50
3121605;312160555;Sopa;55
3121704;312170405;Diogo de Vasconcelos;05
3121803;312180305;Dionísio;05
3121803;312180308;Baixa Verde;08
3121803;312180310;Conceição de Minas;10
3121902;312190205;Divinésia;05
3122009;312200905;Divino;05
3122009;312200910;Bom Jesus do Divino;10
3122009;312200925;Viletes;25
3122009;312200930;Vargem Grande do Divino;30
3122108;312210805;Divino das Laranjeiras;05
3122108;312210810;Central de Santa Helena;10
3122108;312210815;Linópolis;15
3122108;312210820;Macedônia das Laranjeiras;20
3122207;312220705;Divinolândia de Minas;05
3122306;312230605;Divinópolis;05
3122306;312230610;Santo Antônio dos Campos;10
3122355;312235505;Divisa Alegre;05
3122405;312240505;Divisa Nova;05
3122454;312245405;Divisópolis;05
3122470;312247005;Dom Bosco;05
3122470;312247010;Santo Antônio do Rio Preto;10
3122504;312250405;Dom Cavati;05
3122603;312260305;Dom Joaquim;05
3122603;312260310;Gororós;10
3122603;312260315;São José da Ilha;15
3122702;312270205;Dom Silvério;05
3122801;312280105;Dom Viçoso;05
3122900;312290005;Dona Euzébia;05
3122900;312290030;São Manoel do Guaiaçu;30
3123007;312300705;Dores de Campos;05
3123106;312310605;Dores de Guanhães;05
3123106;312310610;Vila Esperança;10
3123205;312320505;Dores do Indaiá;05
3123304;312330405;Dores do Turvo;05
3123403;312340305;Doresópolis;05
3123502;312350205;Douradoquara;05
3123528;312352805;Durandé;05
3123528;312352815;São João da Figueira;15
3123528;312352820;São José da Figueira;20
3123601;312360105;Elói Mendes;05
3123700;312370005;Engenheiro Caldas;05
3123700;312370006;Divino do Traíra;06
3123700;312370010;São José do Acácio;10
3123809;312380905;Engenheiro Navarro;05
3123809;312380915;São Norberto;15
3123858;312385805;Entre Folhas;05
3123908;312390805;Entre Rios de Minas;05
3123908;312390810;Serra do Camapuã;10
3124005;312400505;Ervália;05
3124104;312410405;Esmeraldas;05
3124104;312410410;Andiroba;10
3124104;312410415;Melo Viana;15
3124203;312420305;Espera Feliz;05
3124203;312420310;São José da Pedra Menina;10
3124203;312420315;São Sebastião da Barra de Espera Feliz;15
3124302;312430205;Espinosa;05
3124302;312430210;Itamirim;10
3124401;312440105;Espírito Santo do Dourado;05
3124500;312450005;Estiva;05
3124500;312450010;Pântano;10
3124609;312460905;Estrela Dalva;05
3124609;312460910;Água Viva;10
3124708;312470805;Estrela do Indaiá;05
3124708;312470810;Baú;10
3124807;312480705;Estrela do Sul;05
3124807;312480710;Chapada de Minas;10
3124807;312480712;Dolearina;12
3124807;312480715;Santa Rita da Estrela;15
3124807;312480720;São Félix de Estrela;20
3124906;312490605;Eugenópolis;05
3124906;312490610;Gavião;10
3124906;312490615;Pinhotiba;15
3124906;312490620;Queirozes;20
3125002;312500205;Ewbank da Câmara;05
3125101;312510105;Extrema;05
3125101;312510110;Juncal;10
3125200;312520005;Fama;05
3125309;312530905;Faria Lemos;05
3125408;312540805;Felício dos Santos;05
3125507;312550705;São Gonçalo do Rio Preto;05
3125606;312560605;Felisburgo;05
3125705;312570505;Felixlândia;05
3125705;312570508;São Geraldo do Salto;08
3125705;312570510;São José do Buriti;10
3125804;312580405;Fernandes Tourinho;05
3125804;312580410;Senhora da Penha;10
3125903;312590305;Ferros;05
3125903;312590310;Borba Gato;10
3125903;312590315;Cubas;15
3125903;312590320;Esmeraldas de Ferros;20
3125903;312590325;Santa Rita do Rio do Peixe;25
3125903;312590330;Santo Antônio da Fortaleza;30
3125903;312590335;Sete Cachoeiras;35
3125952;312595205;Fervedouro;05
3125952;312595210;Bom Jesus do Madeira;10
3125952;312595220;São Pedro do Glória;20
3125952;312595225;Samambaia da Paz;25
3126000;312600005;Florestal;05
3126109;312610905;Formiga;05
3126109;312610910;Albertos;10
3126109;312610915;Baiões;15
3126109;312610925;Pontevila;25
3126208;312620805;Formoso;05
3126208;312620815;Goiasminas;15
3126307;312630705;Fortaleza de Minas;05
3126406;312640605;Fortuna de Minas;05
3126505;312650505;Francisco Badaró;05
3126505;312650530;Tocoiós de Minas;30
3126604;312660405;Francisco Dumont;05
3126604;312660410;Covancas;10
3126703;312670305;Francisco Sá;05
3126703;312670310;Canabrava;10
3126703;312670315;Catuni;15
3126752;312675205;Franciscópolis;05
3126752;312675210;Antônio Ferreira;10
3126802;312680205;Frei Gaspar;05
3126901;312690105;Frei Inocêncio;05
3126950;312695005;Frei Lagonegro;05
3127008;312700805;Fronteira;05
3127008;312700820;Santo Antônio do Rio Grande;20
3127057;312705705;Fronteira dos Vales;05
3127073;312707305;Fruta de Leite;05
3127107;312710705;Frutal;05
3127107;312710710;Aparecida de Minas;10
3127206;312720605;Funilândia;05
3127206;312720610;Núcleo João Pinheiro;10
3127305;312730505;Galiléia;05
3127305;312730508;Santa Cruz de Galiléia;08
3127305;312730515;Sapucaia do Norte;15
3127339;312733905;Gameleiras;05
3127339;312733915;Jacu das Piranhas;15
3127354;312735405;Glaucilândia;05
3127370;312737005;Goiabeira;05
3127388;312738805;Goianá;05
3127404;312740405;Gonçalves;05
3127503;312750305;Gonzaga;05
3127503;312750310;Conceição da Brejaúba;10
3127602;312760205;Gouveia;05
3127602;312760210;Vila Alexandre Mascarenhas;10
3127701;312770105;Governador Valadares;05
3127701;312770110;Alto de Santa Helena;10
3127701;312770115;Baguari;15
3127701;312770120;Brejaubinha;20
3127701;312770125;Xonin;25
3127701;312770128;Chonin de Baixo;28
3127701;312770130;Derribadinha;30
3127701;312770135;Penha do Cassiano;35
3127701;312770137;Santo Antônio do Pontal;37
3127701;312770140;Goiabal;40
3127701;312770142;São José do Itapinoã;42
3127701;312770145;São Vítor;45
3127701;312770155;Vila Nova Floresta;55
3127701;312770160;Córrego dos Melquíades;60
3127701;312770165;Córregos do Bernardo;65
3127701;312770170;Porto das Cachoeiras;70
3127701;312770175;Vila Nova Brasília;75
3127800;312780005;Grão Mogol;05
3127800;312780010;Barrocão;10
3127800;312780030;Vale das Cancelas;30
3127800;312780035;Vila Sítio;35
3127909;312790905;Grupiara;05
3128006;312800605;Guanhães;05
3128006;312800610;Correntinho;10
3128006;312800615;Farias;15
3128006;312800620;Sapucaia de Guanhães;20
3128006;312800625;Taquaral de Guanhães;25
3128105;312810505;Guapé;05
3128105;312810510;Araúna;10
3128204;312820405;Guaraciaba;05
3128253;312825305;Guaraciama;05
3128303;312830305;Guaranésia;05
3128303;312830310;Santa Cruz do Prata;10
3128402;312840205;Guarani;05
3128501;312850105;Guarará;05
3128600;312860005;Guarda-Mor;05
3128709;312870905;Guaxupé;05
3128808;312880805;Guidoval;05
3128907;312890705;Guimarânia;05
3129004;312900405;Guiricema;05
3129004;312900410;Tuiutinga;10
3129004;312900415;Vilas Boas;15
3129103;312910305;Gurinhatã;05
3129103;312910310;Flor de Minas;10
3129202;312920205;Heliodora;05
3129301;312930105;Iapu;05
3129301;312930115;São Sebastião da Barra;15
3129400;312940005;Ibertioga;05
3129509;312950905;Ibiá;05
3129509;312950910;Argenita;10
3129509;312950915;Tobati;15
3129608;312960805;Ibiaí;05
3129608;312960815;Bom Jesus da Vereda;15
3129657;312965705;Ibiracatu;05
3129657;312965710;Bonança;10
3129657;312965715;Campo Alegre de Minas;15
3129707;312970705;Ibiraci;05
3129806;312980605;Ibirité;05
3129806;312980610;Parque Durval de Barros;10
3129905;312990505;Ibitiúra de Minas;05
3130002;313000205;Ibituruna;05
3130051;313005105;Icaraí de Minas;05
3130101;313010105;Igarapé;05
3130200;313020005;Igaratinga;05
3130200;313020010;Antunes;10
3130309;313030905;Iguatama;05
3130309;313030915;Corguinhos;15
3130408;313040805;Ijaci;05
3130507;313050705;Ilicínea;05
3130556;313055605;Imbé de Minas;05
3130556;313055610;Manducas;10
3130556;313055615;Graçópolis;15
3130606;313060605;Inconfidentes;05
3130655;313065505;Indaiabira;05
3130655;313065510;Barra de Alegria;10
3130705;313070505;Indianópolis;05
3130804;313080405;Ingaí;05
3130903;313090305;Inhapim;05
3130903;313090307;Bom Jesus do Rio Preto;07
3130903;313090310;Itajutiba;10
3130903;313090313;Jerusalém;13
3130903;313090316;Macadame;16
3130903;313090319;Novo Horizonte de Inhapim;19
3130903;313090321;Santo Antônio do Alegre;21
3130903;313090323;São Tomé de Minas;23
3130903;313090325;Tabajara;25
3130903;313090330;Córrego Januário;30
3130903;313090335;São José do Peixe de Inhapim;35
3130903;313090340;São José do Taquaral;40
3131000;313100005;Inhaúma;05
3131109;313110905;Inimutaba;05
3131109;313110910;Gentil de Matos;10
3131158;313115805;Ipaba;05
3131158;313115815;Vale Verde de Minas;15
3131158;313115820;Boachá;20
3131208;313120805;Ipanema;05
3131307;313130705;Ipatinga;05
3131307;313130710;Barra Alegre;10
3131406;313140605;Ipiaçu;05
3131505;313150505;Ipuiúna;05
3131604;313160405;Iraí de Minas;05
3131703;313170305;Itabira;05
3131703;313170310;Ipoema;10
3131703;313170315;Senhora do Carmo;15
3131802;313180205;Itabirinha;05
3131802;313180210;Boa União de Itabirinha;10
3131802;313180215;São Sebastião do Itabira;15
3131901;313190105;Itabirito;05
3131901;313190110;Acuruí;10
3131901;313190115;Bação;15
3131901;313190120;São Gonçalo do Monte;20
3132008;313200805;Itacambira;05
3132008;313200810;São José do Rio Preto de Minas;10
3132107;313210705;Itacarambi;05
3132206;313220605;Itaguara;05
3132305;313230505;Itaipé;05
3132404;313240405;Itajubá;05
3132404;313240460;Lourenço Velho;60
3132503;313250305;Itamarandiba;05
3132503;313250313;Contrato;13
3132503;313250314;Dom Serafim;14
3132503;313250315;Padre João Afonso;15
3132503;313250320;Penha de França;20
3132503;313250325;Santa Joana;25
3132503;313250330;Santa Luzia de Minas;30
3132503;313250335;Várzea de Santo Antônio;35
3132602;313260205;Itamarati de Minas;05
3132701;313270105;Itambacuri;05
3132701;313270110;Frei Serafim;10
3132701;313270115;Guarataia;15
3132800;313280005;Itambé do Mato Dentro;05
3132909;313290905;Itamogi;05
3133006;313300605;Itamonte;05
3133105;313310505;Itanhandu;05
3133204;313320405;Itanhomi;05
3133204;313320415;Edgard Melo;15
3133204;313320420;Santa Luzia do Carneiro;20
3133204;313320425;São Francisco do Jataí;25
3133303;313330305;Itaobim;05
3133402;313340205;Itapagipe;05
3133501;313350105;Itapecerica;05
3133501;313350110;Lamounier;10
3133501;313350115;Marilândia;15
3133501;313350120;Neolândia;20
3133600;313360005;Itapeva;05
3133600;313360010;Areias de Itapeva;10
3133600;313360035;Tropical Flores;35
3133709;313370905;Itatiaiuçu;05
3133709;313370910;Santa Terezinha de Minas;10
3133758;313375805;Itaú de Minas;05
3133808;313380805;Itaúna;05
3133907;313390705;Itaverava;05
3133907;313390710;Monsenhor Isidro;10
3134004;313400405;Itinga;05
3134004;313400410;Jacaré;10
3134004;313400420;Taquaral de Minas;20
3134103;313410305;Itueta;05
3134103;313410310;Quatituba;10
3134202;313420205;Ituiutaba;05
3134301;313430105;Itumirim;05
3134301;313430110;Macuco de Minas;10
3134301;313430120;Rosário do Rio Grande;20
3134400;313440005;Iturama;05
3134400;313440010;Alexandrita;10
3134509;313450905;Itutinga;05
3134608;313460805;Jaboticatubas;05
3134608;313460810;Almeida;10
3134608;313460815;São José da Serra;15
3134707;313470705;Jacinto;05
3134707;313470707;Avaí do Jacinto;07
3134707;313470710;Jaguarão;10
3134806;313480605;Jacuí;05
3134905;313490505;Jacutinga;05
3134905;313490510;São Sebastião dos Robertos;10
3134905;313490515;Sapucaí;15
3134905;313490520;São Luiz Gonzaga;20
3135001;313500105;Jaguaraçu;05
3135001;313500116;Lagoa de Pau;16
3135001;313500120;Lavrinha de Jaguaraçu;20
3135050;313505005;Jaíba;05
3135076;313507605;Jampruca;05
3135076;313507615;São Sebastião do Barroso;15
3135100;313510005;Janaúba;05
3135100;313510010;Barreiro da Raiz;10
3135100;313510015;Quem-Quem;15
3135100;313510020;Vila Nova dos Poções;20
3135209;313520905;Januária;05
3135209;313520915;Brejo do Amparo;15
3135209;313520925;Levinópolis;25
3135209;313520933;Pandeiros;33
3135209;313520935;Riacho da Cruz;35
3135209;313520940;São Joaquim;40
3135209;313520945;Tejuco;45
3135209;313520950;Várzea Bonita;50
3135308;313530805;Japaraíba;05
3135357;313535705;Japonvar;05
3135357;313535720;Nova Minda;20
3135407;313540705;Jeceaba;05
3135407;313540710;Bituri;10
3135407;313540715;Caetano Lopes;15
3135407;313540720;Machados de Minas;20
3135456;313545605;Jenipapo de Minas;05
3135506;313550605;Jequeri;05
3135506;313550610;Grota;10
3135506;313550615;Piscamba;15
3135506;313550617;Pouso Alegre da Mata;17
3135506;313550620;São Vicente do Grama;20
3135605;313560505;Jequitaí;05
3135605;313560510;Barrocão de Jequitaí;10
3135704;313570405;Jequitibá;05
3135704;313570410;Doutor Campolina;10
3135803;313580305;Jequitinhonha;05
3135803;313580310;Guaranilândia;10
3135803;313580315;São Pedro do Jequitinhonha;15
3135902;313590205;Jesuânia;05
3136009;313600905;Joaíma;05
3136009;313600907;Giru;07
3136108;313610805;Joanésia;05
3136207;313620705;João Monlevade;05
3136306;313630605;João Pinheiro;05
3136306;313630610;Caatinga;10
3136306;313630615;Canabrava;15
3136306;313630617;Luizlândia do Oeste;17
3136306;313630620;Olhos d'Água do Oeste;20
3136306;313630623;Santa Luzia da Serra;23
3136306;313630625;Veredas;25
3136405;313640505;Joaquim Felício;05
3136504;313650405;Jordânia;05
3136504;313650410;Estrela de Jordânia;10
3136520;313652005;José Gonçalves de Minas;05
3136553;313655305;José Raydan;05
3136579;313657905;Josenópolis;05
3136603;313660305;Nova União;05
3136652;313665205;Juatuba;05
3136652;313665210;Boa Vista da Serra;10
3136652;313665215;Francelinos;15
3136702;313670205;Juiz de Fora;05
3136702;313670260;Rosário de Minas;60
3136702;313670270;Sarandira;70
3136702;313670280;Torreões;80
3136702;313670282;Caetés de Minas;82
3136702;313670284;Humaitá de Minas;84
3136702;313670286;Monte Verde de Minas;86
3136702;313670288;Penido;88
3136702;313670290;Valadares;90
3136801;313680105;Juramento;05
3136900;313690005;Juruaia;05
3136900;313690010;Mata do Sino;10
3136959;313695905;Juvenília;05
3136959;313695915;Monte Rei;15
3136959;313695920;Porto Agrário;20
3137007;313700705;Ladainha;05
3137007;313700710;Concórdia do Mucuri;10
3137106;313710605;Lagamar;05
3137106;313710620;São Brás de Minas;20
3137205;313720505;Lagoa da Prata;05
3137205;313720515;Martins Guimarães;15
3137304;313730405;Lagoa dos Patos;05
3137403;313740305;Lagoa Dourada;05
3137502;313750205;Lagoa Formosa;05
3137502;313750207;Limeira de Minas;07
3137502;313750210;Monjolinho de Minas;10
3137536;313753605;Lagoa Grande;05
3137601;313760105;Lagoa Santa;05
3137601;313760114;Lagoinha de Fora;14
3137601;313760115;Lapinha;15
3137700;313770005;Lajinha;05
3137700;313770020;Prata de Lajinha;20
3137809;313780905;Lambari;05
3137908;313790805;Lamim;05
3138005;313800505;Laranjal;05
3138005;313800510;São João da Sapucaia;10
3138104;313810405;Lassance;05
3138203;313820305;Lavras;05
3138302;313830205;Leandro Ferreira;05
3138351;313835105;Leme do Prado;05
3138351;313835110;Acauã de Minas;10
3138351;313835120;Posses;20
3138401;313840105;Leopoldina;05
3138401;313840110;Abaíba;10
3138401;313840115;Piacatuba;15
3138401;313840120;Providência;20
3138401;313840125;Ribeiro Junqueira;25
3138401;313840130;Tebas;30
3138500;313850005;Liberdade;05
3138609;313860905;Lima Duarte;05
3138609;313860910;Conceição da Ibitipoca;10
3138609;313860915;São Domingos da Bocaina;15
3138609;313860920;São José dos Lopes;20
3138609;313860925;Manejo;25
3138609;313860930;Orvalho;30
3138625;313862505;Limeira do Oeste;05
3138658;313865805;Lontra;05
3138658;313865815;Umbuzeiro;15
3138674;313867405;Luisburgo;05
3138682;313868205;Luislândia;05
3138682;313868225;São Judas Tadeu de Minas;25
3138708;313870805;Luminárias;05
3138807;313880705;Luz;05
3138807;313880710;Esteios;10
3138906;313890605;Machacalis;05
3139003;313900305;Machado;05
3139003;313900310;Douradinho;10
3139102;313910205;Madre de Deus de Minas;05
3139201;313920105;Malacacheta;05
3139201;313920120;Jaguaritira;20
3139201;313920125;Junco de Minas;25
3139201;313920130;Santo Antônio do Mucuri;30
3139250;313925005;Mamonas;05
3139250;313925010;Barrinha;10
3139300;313930005;Manga;05
3139300;313930020;Nhandutiba;20
3139300;313930030;São José das Traíras;30
3139300;313930035;Brejo de São Caetano;35
3139409;313940905;Manhuaçu;05
3139409;313940907;Dom Corrêa;07
3139409;313940911;Ponte do Silva;11
3139409;313940913;Palmeiras do Manhuaçu;13
3139409;313940914;Realeza;14
3139409;313940925;São Pedro do Avaí;25
3139409;313940930;São Sebastião do Sacramento;30
3139409;313940940;Vilanova;40
3139409;313940945;Santo Amaro de Minas;45
3139508;313950805;Manhumirim;05
3139607;313960705;Mantena;05
3139607;313960710;Barra do Ariranha;10
3139607;313960715;Limeira de Mantena;15
3139706;313970605;Maravilhas;05
3139805;313980505;Mar de Espanha;05
3139805;313980510;Engenho Novo;10
3139805;313980515;Saudade;15
3139904;313990405;Maria da Fé;05
3139904;313990410;Pintos Negreiros;10
3139904;313990415;São João de Maria da Fé;15
3139904;313990420;Posses de Maria da Fé;20
3139904;313990425;Mata do Isidoro;25
3140001;314000105;Mariana;05
3140001;314000110;Bandeirantes;10
3140001;314000115;Cachoeira do Brumado;15
3140001;314000120;Camargos;20
3140001;314000125;Cláudio Manuel;25
3140001;314000130;Furquim;30
3140001;314000135;Monsenhor Horta;35
3140001;314000140;Padre Viegas;40
3140001;314000145;Passagem de Mariana;45
3140001;314000150;Santa Rita Durão;50
3140100;314010005;Marilac;05
3140159;314015905;Mário Campos;05
3140209;314020905;Maripá de Minas;05
3140308;314030805;Marliéria;05
3140308;314030815;Cava Grande;15
3140407;314040705;Marmelópolis;05
3140506;314050605;Martinho Campos;05
3140506;314050610;Alberto Isaacson;10
3140506;314050615;Ibitira;15
3140506;314050620;Buriti Grande;20
3140530;314053005;Martins Soares;05
3140530;314053020;Pinheiro de Minas;20
3140555;314055505;Mata Verde;05
3140605;314060505;Materlândia;05
3140704;314070405;Mateus Leme;05
3140704;314070410;Azurita;10
3140704;314070420;Serra Azul;20
3140803;314080305;Matias Barbosa;05
3140852;314085205;Matias Cardoso;05
3140852;314085235;Rio Verde de Minas;35
3140902;314090205;Matipó;05
3140902;314090210;Padre Fialho;10
3141009;314100905;Mato Verde;05
3141009;314100910;São João do Bonito;10
3141108;314110805;Matozinhos;05
3141108;314110810;Mocambeiro;10
3141207;314120705;Matutina;05
3141306;314130605;Medeiros;05
3141405;314140505;Medina;05
3141405;314140510;Tuparecê;10
3141504;314150405;Mendes Pimentel;05
3141603;314160305;Mercês;05
3141702;314170205;Mesquita;05
3141702;314170211;Barra Grande de Mesquita;11
3141801;314180105;Minas Novas;05
3141801;314180106;Baixa Quente;06
3141801;314180115;Cruzinha;15
3141801;314180120;Lagoa Grande de Minas Novas;20
3141801;314180125;Ribeirão da Folha;25
3141900;314190005;Minduri;05
3142007;314200705;Mirabela;05
3142007;314200710;Muquém;10
3142007;314200720;São Bento de Mirabela;20
3142106;314210605;Miradouro;05
3142106;314210610;Serrania do Brigadeiro;10
3142106;314210615;Varginha de Miradouro;15
3142106;314210620;Santa Cruz do Monte Alverne;20
3142106;314210625;Santa Bárbara de Miradouro;25
3142205;314220505;Miraí;05
3142205;314220510;Dores da Vitória;10
3142205;314220520;São José do Alegre de Miraí;20
3142205;314220525;Santo Antônio do Rio Preto;25
3142254;314225405;Miravânia;05
3142254;314225410;Brejão de Miravânia;10
3142254;314225415;Panelinhas;15
3142254;314225420;Virgínio;20
3142304;314230405;Moeda;05
3142304;314230410;Coco;10
3142403;314240305;Moema;05
3142502;314250205;Monjolos;05
3142502;314250210;Rodeador;10
3142601;314260105;Monsenhor Paulo;05
3142700;314270005;Montalvânia;05
3142700;314270020;Pitarana;20
3142700;314270025;São Sebastião dos Poções;25
3142700;314270030;Capitania;30
3142809;314280905;Monte Alegre de Minas;05
3142908;314290805;Monte Azul;05
3142908;314290816;Novo Riachinho;16
3143005;314300505;Monte Belo;05
3143005;314300510;Juréia;10
3143005;314300515;Santa Cruz da Aparecida;15
3143104;314310405;Monte Carmelo;05
3143104;314310410;Celso Bueno;10
3143153;314315305;Monte Formoso;05
3143203;314320305;Monte Santo de Minas;05
3143203;314320310;Milagre;10
3143302;314330205;Montes Claros;05
3143302;314330208;Aparecida do Mundo Novo;08
3143302;314330210;Ermidinha;10
3143302;314330215;Miralta;15
3143302;314330220;Nova Esperança;20
3143302;314330222;Panorâmica;22
3143302;314330225;Santa Rosa de Lima;25
3143302;314330230;São João da Vereda;30
3143302;314330235;São Pedro da Garça;35
3143302;314330240;Vila Nova de Minas;40
3143302;314330246;Pedra Preta dos Montes;46
3143401;314340105;Monte Sião;05
3143401;314340110;Mococa das Gerais;10
3143450;314345005;Montezuma;05
3143450;314345010;Areião de Minas;10
3143500;314350005;Morada Nova de Minas;05
3143500;314350010;Frei Orlando;10
3143609;314360905;Morro da Garça;05
3143708;314370805;Morro do Pilar;05
3143807;314380705;Munhoz;05
3143906;314390605;Muriaé;05
3143906;314390610;Belisário;10
3143906;314390615;Boa Família;15
3143906;314390620;Bom Jesus da Cachoeira;20
3143906;314390625;Itamuri;25
3143906;314390630;Pirapanema;30
3143906;314390640;Vermelho;40
3144003;314400305;Mutum;05
3144003;314400310;Centenário;10
3144003;314400312;Imbiruçu;12
3144003;314400315;Ocidente;15
3144003;314400320;Roseiral;20
3144003;314400325;São Francisco do Humaitá;25
3144003;314400330;Santa Rita do Mutum;30
3144102;314410205;Muzambinho;05
3144102;314410210;Moçambo;10
3144201;314420105;Nacip Raydan;05
3144300;314430005;Nanuque;05
3144300;314430010;Vila Pereira;10
3144300;314430015;Vila Gabriel Passos;15
3144359;314435905;Naque;05
3144375;314437505;Natalândia;05
3144409;314440905;Natércia;05
3144508;314450805;Nazareno;05
3144607;314460705;Nepomuceno;05
3144607;314460720;Nazaré de Minas;20
3144607;314460725;Santo Antônio do Cruzeiro;25
3144656;314465605;Ninheira;05
3144672;314467205;Nova Belém;05
3144672;314467220;Santo Antônio de Nova Belém;20
3144706;314470605;Nova Era;05
3144805;314480505;Nova Lima;05
3144904;314490405;Nova Módica;05
3145000;314500005;Nova Ponte;05
3145059;314505905;Nova Porteirinha;05
3145109;314510905;Nova Resende;05
3145109;314510910;Petúnia;10
3145208;314520805;Nova Serrana;05
3145208;314520810;Boa Vista de Minas;10
3145307;314530705;Novo Cruzeiro;05
3145307;314530710;Lufa;10
3145307;314530715;Novilhona;15
3145307;314530720;Queixada;20
3145356;314535605;Novo Oriente de Minas;05
3145372;314537205;Novorizonte;05
3145372;314537210;Campo Verde de Minas;10
3145406;314540605;Olaria;05
3145406;314540610;São Sebastião da Vista Alegre;10
3145455;314545505;Olhos-d'Água;05
3145455;314545510;Ribeirão de Santo Agostinho;10
3145455;314545515;Três Dias;15
3145455;314545520;Pimenta de São Serafim;20
3145505;314550505;Olímpio Noronha;05
3145604;314560405;Oliveira;05
3145604;314560410;Morro do Ferro;10
3145703;314570305;Oliveira Fortes;05
3145802;314580205;Onça de Pitangui;05
3145802;314580210;Capoeira Grande;10
3145802;314580215;Jaguara de Minas;15
3145851;314585105;Oratórios;05
3145877;314587705;Orizânia;05
3145901;314590105;Ouro Branco;05
3146008;314600805;Ouro Fino;05
3146008;314600810;Crisólia;10
3146008;314600815;São José do Mato Dentro;15
3146107;314610705;Ouro Preto;05
3146107;314610710;Amarantina;10
3146107;314610715;Antônio Pereira;15
3146107;314610720;Cachoeira do Campo;20
3146107;314610725;Engenheiro Correia;25
3146107;314610730;Glaura;30
3146107;314610734;Lavras Novas;34
3146107;314610735;Miguel Burnier;35
3146107;314610740;Rodrigo Silva;40
3146107;314610745;Santa Rita de Ouro Preto;45
3146107;314610750;Santo Antônio do Leite;50
3146107;314610752;Santo Antônio do Salto;52
3146107;314610755;São Bartolomeu;55
3146206;314620605;Ouro Verde de Minas;05
3146255;314625505;Padre Carvalho;05
3146305;314630505;Padre Paraíso;05
3146404;314640405;Paineiras;05
3146404;314640410;Poções de Paineiras;10
3146503;314650305;Pains;05
3146503;314650310;Vila Costina;10
3146552;314655205;Pai Pedro;05
3146552;314655225;Vila Sudário;25
3146602;314660205;Paiva;05
3146701;314670105;Palma;05
3146701;314670110;Cisneiros;10
3146701;314670115;Itapiruçu;15
3146750;314675005;Palmópolis;05
3146750;314675010;Dois de Abril;10
3146909;314690905;Papagaios;05
3147006;314700605;Paracatu;05
3147105;314710505;Pará de Minas;05
3147105;314710510;Ascensão;10
3147105;314710515;Carioca;15
3147105;314710520;Córrego do Barro;20
3147105;314710522;Tavares de Minas;22
3147105;314710525;Torneiros;25
3147204;314720405;Paraguaçu;05
3147204;314720410;Guaipava;10
3147303;314730305;Paraisópolis;05
3147303;314730310;Costas;10
3147402;314740205;Paraopeba;05
3147501;314750105;Passabém;05
3147600;314760005;Passa Quatro;05
3147600;314760010;Pé do Morro;10
3147600;314760015;Pinheirinhos;15
3147709;314770905;Passa Tempo;05
3147808;314780805;Passa Vinte;05
3147907;314790705;Passos;05
3147956;314795605;Patis;05
3148004;314800405;Patos de Minas;05
3148004;314800410;Bom Sucesso de Patos;10
3148004;314800415;Chumbo;15
3148004;314800420;Major Porto;20
3148004;314800425;Pindaíbas;25
3148004;314800427;Pilar;27
3148004;314800430;Santana de Patos;30
3148004;314800435;Alagoas;35
3148103;314810305;Patrocínio;05
3148103;314810310;Salitre de Minas;10
3148103;314810313;Santa Luzia dos Barros;13
3148103;314810315;São João da Serra Negra;15
3148103;314810320;Silvano;20
3148202;314820205;Patrocínio do Muriaé;05
3148301;314830105;Paula Cândido;05
3148301;314830110;Airões;10
3148400;314840005;Paulistas;05
3148509;314850905;Pavão;05
3148509;314850910;Nova Limeira;10
3148608;314860805;Peçanha;05
3148608;314860815;Santa Teresa do Bonito;15
3148707;314870705;Pedra Azul;05
3148707;314870710;Araçaji de Minas;10
3148756;314875605;Pedra Bonita;05
3148806;314880605;Pedra do Anta;05
3148905;314890505;Pedra do Indaiá;05
3149002;314900205;Pedra Dourada;05
3149101;314910105;Pedralva;05
3149150;314915005;Pedras de Maria da Cruz;05
3149150;314915010;São Pedro das Tabocas;10
3149200;314920005;Pedrinópolis;05
3149309;314930905;Pedro Leopoldo;05
3149309;314930910;Doutor Lund;10
3149309;314930915;Fidalgo;15
3149309;314930917;Lagoa de Santo Antônio;17
3149309;314930920;Vera Cruz de Minas;20
3149408;314940805;Pedro Teixeira;05
3149507;314950705;Pequeri;05
3149606;314960605;Pequi;05
3149705;314970505;Perdigão;05
3149804;314980405;Perdizes;05
3149903;314990305;Perdões;05
3149952;314995205;Periquito;05
3149952;314995215;Pedra Corrida;15
3149952;314995220;São Sebastião do Baixio;20
3150000;315000005;Pescador;05
3150109;315010905;Piau;05
3150158;315015805;Piedade de Caratinga;05
3150208;315020805;Piedade de Ponte Nova;05
3150307;315030705;Piedade do Rio Grande;05
3150307;315030720;Paraíso da Piedade;20
3150307;315030725;Santo Antônio do Porto;25
3150406;315040605;Piedade dos Gerais;05
3150406;315040610;Medeiros dos Gerais;10
3150505;315050505;Pimenta;05
3150505;315050510;Santo Hilário;10
3150539;315053905;Pingo-d'Água;05
3150570;315057005;Pintópolis;05
3150570;315057035;Vila Acari;35
3150604;315060405;Piracema;05
3150703;315070305;Pirajuba;05
3150802;315080205;Piranga;05
3150802;315080210;Pinheiros Altos;10
3150802;315080215;Santo Antônio do Pirapetinga;15
3150802;315080220;Santo Antônio dos Quilombolas;20
3150901;315090105;Piranguçu;05
3151008;315100805;Piranguinho;05
3151008;315100810;Olegário Maciel;10
3151008;315100820;Santa Bárbara do Sapucaí;20
3151107;315110705;Pirapetinga;05
3151107;315110710;Caiapó;10
3151107;315110720;Valão Quente;20
3151206;315120605;Pirapora;05
3151305;315130505;Piraúba;05
3151404;315140405;Pitangui;05
3151503;315150305;Piumhi;05
3151602;315160205;Planura;05
3151701;315170105;Poço Fundo;05
3151701;315170110;Paiolinho;10
3151800;315180005;Poços de Caldas;05
3151909;315190905;Pocrane;05
3151909;315190910;Assaraí;10
3151909;315190915;Barra da Figueira;15
3152006;315200605;Pompéu;05
3152006;315200610;Silva Campos;10
3152105;315210505;Ponte Nova;05
3152105;315210513;Rosário do Pontal;13
3152105;315210515;Vau-Açu;15
3152131;315213105;Ponto Chique;05
3152170;315217005;Ponto dos Volantes;05
3152170;315217020;Santana do Araçuaí;20
3152204;315220405;Porteirinha;05
3152204;315220410;Gorutuba;10
3152204;315220412;Mocambinho;12
3152204;315220414;Paciência;14
3152204;315220416;Mulungu de Minas;16
3152204;315220422;Serra Branca de Minas;22
3152204;315220423;Tanque de Porteirinha;23
3152204;315220425;Tocandira;25
3152303;315230305;Porto Firme;05
3152402;315240205;Poté;05
3152402;315240207;Sucanga;07
3152402;315240210;Valão;10
3152501;315250105;Pouso Alegre;05
3152501;315250110;Sao José do Pântano;10
3152600;315260005;Pouso Alto;05
3152600;315260010;Santana do Capivari;10
3152709;315270905;Prados;05
3152808;315280805;Prata;05
3152808;315280810;Jardinésia;10
3152808;315280815;Patrimônio;15
3152907;315290705;Pratápolis;05
3153004;315300405;Pratinha;05
3153103;315310305;Presidente Bernardes;05
3153202;315320205;Presidente Juscelino;05
3153301;315330105;Presidente Kubitschek;05
3153400;315340005;Presidente Olegário;05
3153400;315340010;Galena;10
3153400;315340020;Ponte Firme;20
3153400;315340030;Santiago de Minas;30
3153509;315350905;Alto Jequitibá;05
3153509;315350925;Padre Júlio Maria;25
3153608;315360805;Prudente de Morais;05
3153707;315370705;Quartel Geral;05
3153707;315370710;Quartel de São João;10
3153806;315380605;Queluzito;05
3153905;315390505;Raposos;05
3154002;315400205;Raul Soares;05
3154002;315400210;Bicuíba;10
3154002;315400215;Santana do Tabuleiro;15
3154002;315400220;São Sebastião do Óculo;20
3154002;315400225;São Vicente da Estrela;25
3154002;315400235;Vermelho Velho;35
3154101;315410105;Recreio;05
3154101;315410110;Angaturama;10
3154101;315410115;Conceição da Boa Vista;15
3154150;315415005;Reduto;05
3154150;315415020;Jaguaraí;20
3154200;315420005;Resende Costa;05
3154200;315420010;Jacarandira;10
3154309;315430905;Resplendor;05
3154309;315430910;Bom Pastor;10
3154309;315430915;Calixto;15
3154309;315430920;Campo Alegre de Minas;20
3154309;315430925;Independência;25
3154309;315430930;Nicolândia;30
3154408;315440805;Ressaquinha;05
3154408;315440807;Canjamba;07
3154408;315440830;Simão Tamm;30
3154408;315440835;Vargem do Amargoso;35
3154408;315440840;Peixoto;40
3154457;315445705;Riachinho;05
3154507;315450705;Riacho dos Machados;05
3154507;315450710;Bem-Querer;10
3154606;315460605;Ribeirão das Neves;05
3154606;315460610;Justinópolis;10
3154705;315470505;Ribeirão Vermelho;05
3154804;315480405;Rio Acima;05
3154903;315490305;Rio Casca;05
3154903;315490310;Jurumirim;10
3155009;315500905;Rio Doce;05
3155108;315510805;Rio do Prado;05
3155108;315510820;Vila Formosa de Minas;20
3155207;315520705;Rio Espera;05
3155207;315520710;Piranguita;10
3155207;315520715;Rio Melo;15
3155306;315530605;Rio Manso;05
3155306;315530607;Bernardas;07
3155306;315530610;Souza;10
3155405;315540505;Rio Novo;05
3155504;315550405;Rio Paranaíba;05
3155504;315550410;Abaeté dos Mendes;10
3155603;315560305;Rio Pardo de Minas;05
3155603;315560325;Serra Nova;25
3155702;315570205;Rio Piracicaba;05
3155702;315570210;Conceição de Piracicaba;10
3155702;315570215;Padre Pinto;15
3155801;315580105;Rio Pomba;05
3155900;315590005;Rio Preto;05
3156007;315600705;Rio Vermelho;05
3156007;315600710;Pedra Menina;10
3156106;315610605;Ritápolis;05
3156205;315620505;Rochedo de Minas;05
3156304;315630405;Rodeiro;05
3156403;315640305;Romaria;05
3156452;315645205;Rosário da Limeira;05
3156452;315645210;Ancorado;10
3156502;315650205;Rubelita;05
3156502;315650210;Amparo do Sítio;10
3156502;315650215;Lagoa de Baixo;15
3156601;315660105;Rubim;05
3156601;315660110;Itapiru;10
3156700;315670005;Sabará;05
3156700;315670010;Carvalho de Brito;10
3156700;315670015;Mestre Caetano;15
3156700;315670020;Ravena;20
3156809;315680905;Sabinópolis;05
3156809;315680910;Euxenita;10
3156809;315680915;Quilombo;15
3156908;315690805;Sacramento;05
3156908;315690810;Desemboque;10
3157005;315700505;Salinas;05
3157005;315700510;Ferreirópolis;10
3157005;315700525;Nova Matrona;25
3157005;315700535;Nova Fátima de Salinas;35
3157104;315710405;Salto da Divisa;05
3157203;315720305;Santa Bárbara;05
3157203;315720310;Barra Feliz;10
3157203;315720315;Brumal;15
3157203;315720325;Conceição do Rio Acima;25
3157203;315720330;Florália;30
3157252;315725205;Santa Bárbara do Leste;05
3157278;315727805;Santa Bárbara do Monte Verde;05
3157278;315727820;São Sebastião do Barreado;20
3157302;315730205;Santa Bárbara do Tugúrio;05
3157302;315730210;Bom Retiro;10
3157336;315733605;Santa Cruz de Minas;05
3157377;315737705;Santa Cruz de Salinas;05
3157377;315737710;Água Boa de Santa Cruz;10
3157377;315737725;Santo Antônio da Itinga;25
3157401;315740105;Santa Cruz do Escalvado;05
3157401;315740110;São Sebastião do Soberbo;10
3157401;315740115;Zito Soares;15
3157500;315750005;Santa Efigênia de Minas;05
3157609;315760905;Santa Fé de Minas;05
3157658;315765805;Santa Helena de Minas;05
3157658;315765810;Bom Jesus da Vitória;10
3157708;315770805;Santa Juliana;05
3157708;315770810;Zelândia;10
3157807;315780705;Santa Luzia;05
3157807;315780710;São Benedito;10
3157906;315790605;Santa Margarida;05
3157906;315790610;Ribeirão de São Domingos;10
3158003;315800305;Santa Maria de Itabira;05
3158003;315800310;Itauninha;10
3158102;315810205;Santa Maria do Salto;05
3158201;315820105;Santa Maria do Suaçuí;05
3158201;315820107;Brejo de Minas;07
3158201;315820110;Glucínio;10
3158201;315820120;Poaia;20
3158300;315830005;Santana da Vargem;05
3158409;315840905;Santana de Cataguases;05
3158508;315850805;Santana de Pirapama;05
3158508;315850810;Fechados;10
3158607;315860705;Santana do Deserto;05
3158706;315870605;Santana do Garambéu;05
3158805;315880505;Santana do Jacaré;05
3158904;315890405;Santana do Manhuaçu;05
3158904;315890410;Santa Filomena;10
3158953;315895305;Santana do Paraíso;05
3159001;315900105;Santana do Riacho;05
3159001;315900110;Serra do Cipó;10
3159100;315910005;Santana dos Montes;05
3159100;315910010;Joselândia;10
3159209;315920905;Santa Rita de Caldas;05
3159209;315920907;Pião;07
3159209;315920910;São Bento de Caldas;10
3159308;315930805;Santa Rita de Jacutinga;05
3159308;315930810;Itaboca;10
3159357;315935705;Santa Rita de Minas;05
3159407;315940705;Santa Rita de Ibitipoca;05
3159407;315940710;Bom Jesus do Vermelho;10
3159407;315940715;Paraíso Garcia;15
3159506;315950605;Santa Rita do Itueto;05
3159506;315950607;Alto Pião;07
3159506;315950610;São José do Itueto;10
3159605;315960505;Santa Rita do Sapucaí;05
3159704;315970405;Santa Rosa da Serra;05
3159704;315970410;Campo Alegre da Serra;10
3159803;315980305;Santa Vitória;05
3159803;315980310;Chaveslândia;10
3159803;315980315;Perdilândia;15
3159902;315990205;Santo Antônio do Amparo;05
3159902;315990230;São Sebastião da Estrela;30
3160009;316000905;Santo Antônio do Aventureiro;05
3160009;316000910;São Domingos;10
3160108;316010805;Santo Antônio do Grama;05
3160207;316020705;Santo Antônio do Itambé;05
3160306;316030605;Santo Antônio do Jacinto;05
3160306;316030610;Catajás;10
3160405;316040505;Santo Antônio do Monte;05
3160405;316040525;São José das Rosas;25
3160454;316045405;Santo Antônio do Retiro;05
3160454;316045410;São Joaquim do Retiro;10
3160454;316045415;Caroba;15
3160504;316050405;Santo Antônio do Rio Abaixo;05
3160603;316060305;Santo Hipólito;05
3160603;316060310;Senhora da Glória;10
3160603;316060320;Valo Fundo;20
3160702;316070205;Santos Dumont;05
3160702;316070210;Conceição do Formoso;10
3160702;316070215;Dores do Paraibuna;15
3160702;316070217;Mantiqueira;17
3160702;316070220;São João da Serra;20
3160801;316080105;São Bento Abade;05
3160900;316090005;São Brás do Suaçuí;05
3160959;316095905;São Domingos das Dores;05
3161007;316100705;São Domingos do Prata;05
3161007;316100710;Cônego João Pio;10
3161007;316100715;Ilhéus do Prata;15
3161007;316100720;Juiraçu;20
3161007;316100725;Santana do Alfié;25
3161007;316100730;Vargem Linda;30
3161056;316105605;São Félix de Minas;05
3161106;316110605;São Francisco;05
3161106;316110612;Lapa do Espírito Santo;12
3161106;316110615;Morro;15
3161106;316110618;Retiro;18
3161106;316110630;Santa Isabel de Minas;30
3161106;316110635;Santana de São Francisco;35
3161106;316110640;Travessão de Minas;40
3161205;316120505;São Francisco de Paula;05
3161304;316130405;São Francisco de Sales;05
3161403;316140305;São Francisco do Glória;05
3161502;316150205;São Geraldo;05
3161502;316150210;Monte Celeste;10
3161601;316160105;São Geraldo da Piedade;05
3161601;316160110;Vinhático;10
3161650;316165005;São Geraldo do Baixio;05
3161650;316165015;Conceição das Laranjeiras;15
3161700;316170005;São Gonçalo do Abaeté;05
3161700;316170010;Canoeiros;10
3161700;316170020;Beira Rio;20
3161809;316180905;São Gonçalo do Pará;05
3161908;316190805;São Gonçalo do Rio Abaixo;05
3162005;316200505;São Gonçalo do Sapucaí;05
3162005;316200510;Ferreiras;10
3162005;316200515;Ribeiros;15
3162104;316210405;São Gotardo;05
3162104;316210407;Abaeté dos Venâncios;07
3162104;316210410;Funchal;10
3162104;316210415;Guarda dos Ferreiros;15
3162104;316210420;São José da Bela Vista;20
3162203;316220305;São João Batista do Glória;05
3162252;316225205;São João da Lagoa;05
3162252;316225220;São Roberto de Minas;20
3162302;316230205;São João da Mata;05
3162401;316240105;São João da Ponte;05
3162401;316240110;Condado do Norte;10
3162401;316240120;Olímpio Campos;20
3162401;316240125;Santo Antônio da Boa Vista;25
3162401;316240130;Simão Campos;30
3162450;316245005;São João das Missões;05
3162450;316245010;Rancharia e Tenda;10
3162450;316245015;Brejo Mata Fome;15
3162450;316245020;Sumaré I;20
3162500;316250005;São João del Rei;05
3162500;316250010;Arcângelo;10
3162500;316250015;São Gonçalo do Amarante;15
3162500;316250020;Emboabas;20
3162500;316250025;Rio das Mortes;25
3162500;316250030;São Sebastião da Vitória;30
3162559;316255905;São João do Manhuaçu;05
3162559;316255910;Pontões do São João do Manhuaçu;10
3162575;316257505;São João do Manteninha;05
3162575;316257510;Divino das Palmeiras;10
3162575;316257515;Vargem Grande de Minas;15
3162609;316260905;São João do Oriente;05
3162609;316260930;Santa Maria do Baixio;30
3162658;316265805;São João do Pacuí;05
3162658;316265820;Santa da Pedra;20
3162708;316270805;São João do Paraíso;05
3162708;316270820;Boa Sorte do Paraíso;20
3162708;316270825;Mandacaru do Paraíso;25
3162708;316270830;Barrinha do Paraíso;30
3162807;316280705;São João Evangelista;05
3162807;316280707;Bom Jesus da Canabrava;07
3162807;316280710;Nelson de Sena;10
3162807;316280715;São Geraldo do Baguari;15
3162906;316290605;São João Nepomuceno;05
3162906;316290610;Carlos Alves;10
3162906;316290615;Ituí;15
3162906;316290620;Roça Grande;20
3162906;316290625;Taruaçu;25
3162922;316292205;São Joaquim de Bicas;05
3162948;316294805;São José da Barra;05
3162948;316294806;Bom Jesus dos Campos;06
3162955;316295505;São José da Lapa;05
3163003;316300305;São José da Safira;05
3163102;316310205;São José da Varginha;05
3163201;316320105;São José do Alegre;05
3163300;316330005;São José do Divino;05
3163409;316340905;São José do Goiabal;05
3163508;316350805;São José do Jacuri;05
3163508;316350820;Bom Jesus do Tabuleiro;20
3163508;316350825;São Judas Tadeu de Tabatinga;25
3163607;316360705;São José do Mantimento;05
3163706;316370605;São Lourenço;05
3163805;316380505;São Miguel do Anta;05
3163904;316390405;São Pedro da União;05
3163904;316390410;Biguatinga;10
3164001;316400105;São Pedro dos Ferros;05
3164001;316400110;Águas Férreas;10
3164100;316410005;São Pedro do Suaçuí;05
3164100;316410010;Córrego Dantas do Suaçuí;10
3164209;316420905;São Romão;05
3164209;316420915;Ribanceira;15
3164308;316430805;São Roque de Minas;05
3164308;316430810;São José do Barreiro;10
3164308;316430815;Serra da Canastra;15
3164407;316440705;São Sebastião da Bela Vista;05
3164431;316443105;São Sebastião da Vargem Alegre;05
3164472;316447205;São Sebastião do Anta;05
3164506;316450605;São Sebastião do Maranhão;05
3164506;316450610;Mãe dos Homens;10
3164506;316450615;Santo Antônio dos Araújos;15
3164605;316460505;São Sebastião do Oeste;05
3164704;316470405;São Sebastião do Paraíso;05
3164704;316470410;Guardinha;10
3164803;316480305;São Sebastião do Rio Preto;05
3164902;316490205;São Sebastião do Rio Verde;05
3165008;316500805;São Tiago;05
3165008;316500810;Mercês de Água Limpa;10
3165107;316510705;São Tomás de Aquino;05
3165206;316520605;São Tomé das Letras;05
3165206;316520610;Sobradinho de Minas;10
3165305;316530505;São Vicente de Minas;05
3165404;316540405;Sapucaí-Mirim;05
3165503;316550305;Sardoá;05
3165537;316553705;Sarzedo;05
3165552;316555205;Setubinha;05
3165552;316555220;Palmeiras do Vale;20
3165560;316556005;Sem-Peixe;05
3165560;316556030;São Bartolomeu de Sem Peixe;30
3165578;316557805;Senador Amaral;05
3165578;316557815;Ponte Segura;15
3165602;316560205;Senador Cortes;05
3165602;316560220;Pregos;20
3165701;316570105;Senador Firmino;05
3165800;316580005;Senador José Bento;05
3165909;316590905;Senador Modestino Gonçalves;05
3166006;316600605;Senhora de Oliveira;05
3166006;316600610;Santana de Piraguara;10
3166006;316600615;Prudentes;15
3166105;316610505;Senhora do Porto;05
3166105;316610530;São José do Jacaré;30
3166204;316620405;Senhora dos Remédios;05
3166204;316620408;Japão;08
3166204;316620410;Palmital dos Carvalhos;10
3166303;316630305;Sericita;05
3166402;316640205;Seritinga;05
3166501;316650105;Serra Azul de Minas;05
3166600;316660005;Serra da Saudade;05
3166709;316670905;Serra dos Aimorés;05
3166808;316680805;Serra do Salitre;05
3166808;316680810;Catiara;10
3166907;316690705;Serrania;05
3166956;316695605;Serranópolis de Minas;05
3167004;316700405;Serranos;05
3167103;316710305;Serro;05
3167103;316710310;Deputado Augusto Clementino;10
3167103;316710315;Milho Verde;15
3167103;316710320;Pedro Lessa;20
3167103;316710325;São Gonçalo do Rio das Pedras;25
3167103;316710330;Três Barras da Estrada Real;30
3167202;316720205;Sete Lagoas;05
3167202;316720210;Silva Xavier;10
3167202;316720215;Barreiro de Sete Lagoas;15
3167301;316730105;Silveirânia;05
3167301;316730110;São José da Soledade;10
3167400;316740005;Silvianópolis;05
3167509;316750905;Simão Pereira;05
3167608;316760805;Simonésia;05
3167608;316760810;Alegria;10
3167608;316760820;São Simão do Rio Preto;20
3167707;316770705;Sobrália;05
3167707;316770710;Plautino Soares;10
3167806;316780605;Soledade de Minas;05
3167905;316790505;Tabuleiro;05
3167905;316790510;Igrejinha do Acácio;10
3168002;316800205;Taiobeiras;05
3168002;316800215;Mirandópolis;15
3168051;316805105;Taparuba;05
3168051;316805110;São Sebastião de Três Barras;10
3168101;316810105;Tapira;05
3168200;316820005;Tapiraí;05
3168200;316820010;Altolândia;10
3168309;316830905;Taquaraçu de Minas;05
3168309;316830910;Engenho;10
3168408;316840805;Tarumirim;05
3168408;316840807;Café-Mirim;07
3168408;316840810;São Vicente do Rio Doce;10
3168408;316840812;Taruaçu de Minas;12
3168408;316840815;Vai-Volta;15
3168408;316840820;Dom Carloto;20
3168408;316840825;Bananal de Baixo;25
3168408;316840830;Bananal de Cima;30
3168507;316850705;Teixeiras;05
3168606;316860605;Teófilo Otoni;05
3168606;316860610;Crispim Jacques;10
3168606;316860620;Pedro Versiani;20
3168606;316860625;Topázio;25
3168606;316860630;Mucuri;30
3168606;316860635;Rio Pretinho;35
3168705;316870505;Timóteo;05
3168705;316870510;Cachoeira do Vale;10
3168804;316880405;Tiradentes;05
3168804;316880412;Caixa D'Água da Esperança;12
3168804;316880415;Elvas;15
3168903;316890305;Tiros;05
3168903;316890310;Canastrão;10
3169000;316900005;Tocantins;05
3169059;316905905;Tocos do Moji;05
3169109;316910905;Toledo;05
3169208;316920805;Tombos;05
3169208;316920807;Água Santa de Minas;07
3169208;316920810;Catuné;10
3169307;316930705;Três Corações;05
3169356;316935605;Três Marias;05
3169356;316935610;Andrequicé;10
3169406;316940605;Três Pontas;05
3169406;316940610;Pontalete;10
3169406;316940615;Quilombo Nossa Senhora do Rosário;15
3169505;316950505;Tumiritinga;05
3169505;316950510;São Geraldo de Tumiritinga;10
3169604;316960405;Tupaciguara;05
3169703;316970305;Turmalina;05
3169703;316970310;Caçaratiba;10
3169703;316970320;Campo Buriti;20
3169802;316980205;Turvolândia;05
3169901;316990105;Ubá;05
3169901;316990110;Diamante de Ubá;10
3169901;316990112;Miragaia;12
3169901;316990115;Ubari;15
3170008;317000805;Ubaí;05
3170008;317000810;Bentópolis de Minas;10
3170057;317005705;Ubaporanga;05
3170057;317005735;São José do Batatal;35
3170057;317005740;São Sebastião do Batatal;40
3170107;317010705;Uberaba;05
3170206;317020605;Uberlândia;05
3170206;317020610;Cruzeiro dos Peixotos;10
3170206;317020615;Martinésia;15
3170206;317020620;Miraporanga;20
3170206;317020625;Tapuirama;25
3170305;317030505;Umburatiba;05
3170305;317030525;São Pedro do Pampã;25
3170404;317040405;Unaí;05
3170404;317040415;Garapuava;15
3170404;317040417;Pedras de Marilândia;17
3170404;317040418;Palmeirinha;18
3170404;317040419;Ruralminas;19
3170404;317040420;Santo Antônio do Boqueirão;20
3170404;317040435;Boa Vista de Santa Maria;35
3170438;317043805;União de Minas;05
3170479;317047905;Uruana de Minas;05
3170479;317047910;Cercado;10
3170503;317050305;Urucânia;05
3170503;317050310;Bom Jesus de Cardosos;10
3170529;317052905;Urucuia;05
3170529;317052920;Santa Cruz de Urucuia;20
3170529;317052925;Bonito de Urucuia;25
3170529;317052930;Vereda Grande;30
3170578;317057805;Vargem Alegre;05
3170602;317060205;Vargem Bonita;05
3170651;317065105;Vargem Grande do Rio Pardo;05
3170701;317070105;Varginha;05
3170750;317075005;Varjão de Minas;05
3170800;317080005;Várzea da Palma;05
3170800;317080010;Guaicuí;10
3170909;317090905;Varzelândia;05
3170909;317090912;Brejo do Mutambal;12
3170909;317090915;Campo Redondo;15
3171006;317100605;Vazante;05
3171006;317100610;Claro de Minas;10
3171030;317103005;Verdelândia;05
3171071;317107105;Veredinha;05
3171071;317107115;Mendonça;15
3171105;317110505;Veríssimo;05
3171154;317115405;Vermelho Novo;05
3171204;317120405;Vespasiano;05
3171303;317130305;Viçosa;05
3171303;317130310;Silvestre;10
3171303;317130315;Cachoeira de Santa Cruz;15
3171303;317130325;São José do Triunfo;25
3171402;317140205;Vieiras;05
3171402;317140210;Santo Antônio do Glória;10
3171501;317150105;Mathias Lobato;05
3171600;317160005;Virgem da Lapa;05
3171600;317160020;São João do Vacaria;20
3171709;317170905;Virgínia;05
3171808;317180805;Virginópolis;05
3171907;317190705;Virgolândia;05
3171907;317190710;Divino de Virgolândia;10
3172004;317200405;Visconde do Rio Branco;05
3172103;317210305;Volta Grande;05
3172103;317210310;Trimonte;10
3172202;317220205;Wenceslau Braz;05
3172202;317220210;Itererê;10
3200102;320010205;Afonso Cláudio;05
3200102;320010213;Fazenda Guandu;13
3200102;320010215;Ibicaba;15
3200102;320010228;Mata Fria;28
3200102;320010230;Piracema;30
3200102;320010235;Pontões;35
3200102;320010237;São Francisco Xavier do Guandu;37
3200102;320010239;São Luís de Boa Sorte;39
3200102;320010240;Serra Pelada;40
3200136;320013605;Águia Branca;05
3200136;320013610;Águas Claras;10
3200169;320016905;Água Doce do Norte;05
3200169;320016910;Governador Lacerda de Aguiar;10
3200169;320016915;Santa Luzia do Azul;15
3200169;320016920;Santo Agostinho;20
3200169;320016930;Vila Nelita;30
3200201;320020105;Alegre;05
3200201;320020110;Anutiba;10
3200201;320020115;Araraí;15
3200201;320020120;Café;20
3200201;320020125;Celina;25
3200201;320020135;Rive;35
3200201;320020140;Santa Angélica;40
3200201;320020145;São João do Norte;45
3200300;320030005;Alfredo Chaves;05
3200300;320030010;Crubixá;10
3200300;320030015;Ibitiruí;15
3200300;320030020;Matilde;20
3200300;320030025;Ribeirão do Cristo;25
3200300;320030030;Sagrada Família;30
3200300;320030035;Urânia;35
3200359;320035905;Alto Rio Novo;05
3200359;320035915;Monte Carmelo do Rio Novo;15
3200359;320035920;Palmerino;20
3200409;320040905;Anchieta;05
3200409;320040910;Alto Pongal;10
3200409;320040915;Jabaquara;15
3200508;320050805;Apiacá;05
3200508;320050807;Bonsucesso;07
3200508;320050810;José Carlos;10
3200607;320060705;Aracruz;05
3200607;320060710;Guaraná;10
3200607;320060712;Jacupemba;12
3200607;320060715;Riacho;15
3200607;320060720;Santa Cruz;20
3200706;320070605;Atílio Vivácqua;05
3200805;320080505;Baixo Guandu;05
3200805;320080510;Alto Mutum Preto;10
3200805;320080515;Ibituba;15
3200805;320080520;Quilômetro 14 do Mutum;20
3200805;320080525;Vila Nova de Bananal;25
3200904;320090405;Barra de São Francisco;05
3200904;320090415;Cachoeirinha de Itaúna;15
3200904;320090425;Itaperuna;25
3200904;320090427;Monte Senir;27
3200904;320090430;Monte Sinai;30
3200904;320090435;Paulista;35
3200904;320090440;Poranga;40
3200904;320090450;Santo Antônio;50
3200904;320090456;Vargem Alegre;56
3201001;320100105;Boa Esperança;05
3201001;320100140;Santo Antônio do Pousalegre;40
3201001;320100145;São José do Sobradinho;45
3201100;320110005;Bom Jesus do Norte;05
3201159;320115905;Brejetuba;05
3201159;320115918;Santa Rita de Brejetuba;18
3201159;320115920;São Jorge de Oliveira;20
3201209;320120905;Cachoeiro de Itapemirim;05
3201209;320120910;Burarama;10
3201209;320120915;Conduru;15
3201209;320120916;Córrego dos Monos;16
3201209;320120917;Coutinho;17
3201209;320120918;Gironda;18
3201209;320120919;Gruta;19
3201209;320120920;Itaoca;20
3201209;320120930;Pacotuba;30
3201209;320120936;São Vicente;36
3201209;320120940;Vargem Grande do Soturno;40
3201308;320130805;Cariacica;05
3201308;320130810;Itaquari;10
3201407;320140705;Castelo;05
3201407;320140715;Estrela do Norte;15
3201407;320140723;Limoeiro;23
3201407;320140725;Monte Pio;25
3201407;320140730;Patrimônio do Ouro;30
3201506;320150605;Colatina;05
3201506;320150610;Ângelo Frechiani;10
3201506;320150615;Baunilha;15
3201506;320150620;Boapaba;20
3201506;320150630;Graça Aranha;30
3201506;320150635;Itapina;35
3201605;320160505;Conceição da Barra;05
3201605;320160507;Braço do Rio;07
3201605;320160508;Cricaré;08
3201605;320160510;Itaúnas;10
3201704;320170405;Conceição do Castelo;05
3201803;320180305;Divino de São Lourenço;05
3201902;320190205;Domingos Martins;05
3201902;320190210;Aracê;10
3201902;320190213;Biriricas;13
3201902;320190220;Isabel;20
3201902;320190230;Melgaço;30
3201902;320190235;Paraju;35
3202009;320200905;Dores do Rio Preto;05
3202009;320200910;Mundo Novo;10
3202009;320200915;São Raimundo da Pedra Menina;15
3202108;320210805;Ecoporanga;05
3202108;320210810;Cotaxé;10
3202108;320210815;Imburana;15
3202108;320210820;Joaçuba;20
3202108;320210822;Muritiba;22
3202108;320210823;Prata dos Baianos;23
3202108;320210830;Santa Luzia do Norte;30
3202108;320210840;Santa Terezinha;40
3202207;320220705;Fundão;05
3202207;320220710;Irundi;10
3202207;320220713;Praia Grande;13
3202207;320220715;Timbuí;15
3202256;320225605;Governador Lindenberg;05
3202256;320225610;Moacyr Ávidos;10
3202256;320225613;Morello;13
3202256;320225615;Novo Brasil;15
3202306;320230605;Guaçuí;05
3202306;320230608;São Miguel do Caparaó;08
3202306;320230610;São Pedro de Rates;10
3202306;320230615;São Tiago;15
3202405;320240505;Guarapari;05
3202405;320240510;Rio Calçado;10
3202405;320240515;Todos os Santos;15
3202454;320245405;Ibatiba;05
3202504;320250405;Ibiraçu;05
3202504;320250420;Pendanga;20
3202553;320255305;Ibitirama;05
3202553;320255310;Santa Marta;10
3202603;320260305;Iconha;05
3202603;320260310;Duas Barras;10
3202652;320265205;Irupi;05
3202652;320265220;Santa Cruz de Irupi;20
3202702;320270205;Itaguaçu;05
3202702;320270210;Itaçu;10
3202702;320270215;Itaimbé;15
3202702;320270225;Palmeira;25
3202801;320280105;Itapemirim;05
3202801;320280109;Itaipava;09
3202801;320280110;Itapecoá;10
3202801;320280114;Piabanha do Norte;14
3202801;320280115;Rio Muqui;15
3202900;320290005;Itarana;05
3203007;320300705;Iúna;05
3203007;320300720;Pequiá;20
3203007;320300723;Nossa Senhora das Graças;23
3203007;320300725;Santíssima Trindade;25
3203007;320300730;São João do Príncipe;30
3203056;320305605;Jaguaré;05
3203056;320305610;Barra Seca;10
3203056;320305620;Nossa Senhora de Fátima;20
3203106;320310605;Jerônimo Monteiro;05
3203130;320313005;João Neiva;05
3203130;320313010;Acioli;10
3203163;320316305;Laranja da Terra;05
3203163;320316315;Joatuba;15
3203163;320316320;São Luiz de Miranda;20
3203163;320316325;Sobreiro;25
3203163;320316330;Vila de Laranja da Terra;30
3203205;320320505;Linhares;05
3203205;320320507;Bebedouro;07
3203205;320320510;Desengano;10
3203205;320320512;Farias;12
3203205;320320513;Pontal do Ipiranga;13
3203205;320320514;Povoação;14
3203205;320320515;Regência;15
3203205;320320523;Rio Quartel;23
3203205;320320525;São Rafael;25
3203304;320330405;Mantenópolis;05
3203304;320330410;Santa Luzia de Mantenópolis;10
3203304;320330415;São Geraldo;15
3203304;320330425;São José de Mantenópolis;25
3203320;320332005;Marataízes;05
3203320;320332010;Barra do Itapemirim;10
3203346;320334605;Marechal Floriano;05
3203346;320334610;Araguaia;10
3203346;320334625;Santa Maria de Marechal;25
3203353;320335305;Marilândia;05
3203353;320335310;Sapucaia;10
3203403;320340305;Mimoso do Sul;05
3203403;320340310;Conceição do Muqui;10
3203403;320340315;Dona América;15
3203403;320340320;Ponte de Itabapoana;20
3203403;320340325;Santo Antônio do Muqui;25
3203403;320340330;São José das Torres;30
3203403;320340335;São Pedro de Itabapoana;35
3203502;320350205;Montanha;05
3203502;320350210;Vinhático;10
3203601;320360105;Mucurici;05
3203601;320360110;Itabaiana;10
3203700;320370005;Muniz Freire;05
3203700;320370008;Alto Norte;08
3203700;320370010;Itaici;10
3203700;320370015;Menino Jesus;15
3203700;320370020;Piaçu;20
3203700;320370023;São Pedro;23
3203700;320370025;Vieira Machado;25
3203809;320380905;Muqui;05
3203809;320380910;Camará;10
3203908;320390805;Nova Venécia;05
3203908;320390815;Guararema;15
3203908;320390830;Santo Antônio do Quinze;30
3204005;320400505;Pancas;05
3204005;320400515;Lajinha;15
3204005;320400525;Vila Verde;25
3204054;320405405;Pedro Canário;05
3204054;320405415;Cristal do Norte;15
3204104;320410405;Pinheiros;05
3204104;320410410;São João do Sobrado;10
3204203;320420305;Piúma;05
3204203;320420310;Aghá;10
3204252;320425205;Ponto Belo;05
3204252;320425215;Itamira;15
3204302;320430205;Presidente Kennedy;05
3204351;320435105;Rio Bananal;05
3204351;320435140;São Francisco;40
3204351;320435145;São Jorge de Tiradentes;45
3204401;320440105;Rio Novo do Sul;05
3204401;320440110;Princesa;10
3204500;320450005;Santa Leopoldina;05
3204500;320450010;Djalma Coutinho;10
3204500;320450025;Mangaraí;25
3204559;320455905;Santa Maria de Jetibá;05
3204559;320455915;Garrafão;15
3204609;320460905;Santa Teresa;05
3204609;320460907;Alto Caldeirão;07
3204609;320460910;Alto Santa Maria;10
3204609;320460917;Santo Antônio do Canaã;17
3204609;320460920;São João de Petrópolis;20
3204609;320460925;Vinte e Cinco de Julho;25
3204658;320465805;São Domingos do Norte;05
3204658;320465810;Braço do Sul;10
3204708;320470805;São Gabriel da Palha;05
3204708;320470815;Fartura;15
3204807;320480705;São José do Calçado;05
3204807;320480710;Airituba;10
3204807;320480715;Alto Calçado;15
3204807;320480720;Divino Espírito Santo;20
3204906;320490605;São Mateus;05
3204906;320490610;Barra Nova;10
3204906;320490620;Itauninhas;20
3204906;320490630;Nestor Gomes;30
3204906;320490635;Nova Verona;35
3204955;320495505;São Roque do Canaã;05
3204955;320495520;Santa Júlia;20
3204955;320495525;São Jacinto;25
3205002;320500205;Serra;05
3205002;320500210;Calogi;10
3205002;320500215;Carapina;15
3205002;320500220;Nova Almeida;20
3205002;320500225;Queimado;25
3205010;320501005;Sooretama;05
3205036;320503605;Vargem Alta;05
3205036;320503610;Alto Castelinho;10
3205036;320503615;Jaciguá;15
3205036;320503620;Prosperidade;20
3205036;320503625;São José de Fruteiras;25
3205069;320506905;Venda Nova do Imigrante;05
3205069;320506910;Alto Caxixe;10
3205069;320506920;São João de Viçosa;20
3205101;320510105;Viana;05
3205101;320510110;Araçatiba;10
3205150;320515005;Vila Pavão;05
3205176;320517605;Vila Valério;05
3205176;320517615;Jurama;15
3205176;320517630;São Jorge da Barra Seca;30
3205200;320520005;Vila Velha;05
3205200;320520010;Argolas;10
3205200;320520015;Ibes;15
3205200;320520020;Jucu;20
3205200;320520025;São Torquato;25
3205309;320530905;Vitória;05
3205309;320530910;Goiabeiras;10
3300100;330010005;Angra dos Reis;05
3300100;330010010;Abraão;10
3300100;330010015;Cunhambebe;15
3300100;330010025;Mambucaba;25
3300159;330015905;Aperibé;05
3300209;330020905;Araruama;05
3300209;330020908;Iguabinha;08
3300209;330020910;Morro Grande;10
3300209;330020912;Praia Seca;12
3300209;330020915;São Vicente de Paula;15
3300225;330022505;Areal;05
3300233;330023305;Armação dos Búzios;05
3300258;330025805;Arraial do Cabo;05
3300308;330030805;Barra do Piraí;05
3300308;330030807;Califórnia da Barra;07
3300308;330030810;Dorândia;10
3300308;330030815;Ipiabas;15
3300308;330030820;São José do Turvo;20
3300308;330030825;Vargem Alegre;25
3300407;330040705;Barra Mansa;05
3300407;330040709;Antônio Rocha;09
3300407;330040715;Floriano;15
3300407;330040720;Nossa Senhora do Amparo;20
3300407;330040730;Rialto;30
3300407;330040740;Santa Rita de Cássia;40
3300456;330045605;Belford Roxo;05
3300506;330050605;Bom Jardim;05
3300506;330050610;Banquete;10
3300506;330050615;Barra Alegre;15
3300506;330050620;São José do Ribeirão;20
3300605;330060505;Bom Jesus do Itabapoana;05
3300605;330060510;Calheiros;10
3300605;330060515;Carabuçu;15
3300605;330060520;Pirapetinga de Bom Jesus;20
3300605;330060525;Rosal;25
3300605;330060530;Serrinha;30
3300605;330060535;Usina Santa Maria;35
3300605;330060540;Santa Isabel;40
3300704;330070405;Cabo Frio;05
3300704;330070420;Tamoios;20
3300803;330080305;Cachoeiras de Macacu;05
3300902;330090205;Cambuci;05
3300902;330090207;Cruzeiro;07
3300902;330090210;Funil;10
3300902;330090215;Monte Verde;15
3300902;330090220;São João do Paraíso;20
3300902;330090230;Três Irmãos;30
3300936;330093605;Carapebus;05
3300951;330095105;Comendador Levy Gasparian;05
3300951;330095110;Afonso Arinos;10
3301009;330100905;Campos dos Goytacazes;05
3301009;330100915;Dores de Macabu;15
3301009;330100920;Ibitioca;20
3301009;330100930;Morangaba;30
3301009;330100935;Morro do Coco;35
3301009;330100940;Mussurepe;40
3301009;330100945;Santa Maria;45
3301009;330100950;Santo Amaro de Campos;50
3301009;330100955;Santo Eduardo;55
3301009;330100965;São Sebastião de Campos;65
3301009;330100970;Serrinha;70
3301009;330100975;Tocos;75
3301009;330100980;Travessão;80
3301009;330100985;Vila Nova de Campos;85
3301108;330110805;Cantagalo;05
3301108;330110810;Boa Sorte;10
3301108;330110815;Euclidelândia;15
3301108;330110820;Santa Rita da Floresta;20
3301108;330110825;São Sebastião do Paraíba;25
3301157;330115705;Cardoso Moreira;05
3301157;330115710;São Joaquim;10
3301207;330120705;Carmo;05
3301207;330120710;Córrego da Prata;10
3301207;330120715;Porto Velho do Cunha;15
3301306;330130605;Casimiro de Abreu;05
3301306;330130610;Barra de São João;10
3301306;330130618;Professor Souza;18
3301306;330130620;Rio Dourado;20
3301405;330140505;Conceição de Macabu;05
3301405;330140510;Macabuzinho;10
3301504;330150405;Cordeiro;05
3301603;330160305;Duas Barras;05
3301603;330160310;Monnerat;10
3301702;330170205;Duque de Caxias;05
3301702;330170210;Campos Elyseos;10
3301702;330170215;Imbariê;15
3301702;330170220;Xerém;20
3301801;330180105;Engenheiro Paulo de Frontin;05
3301801;330180110;Sacra Família do Tinguá;10
3301801;330180115;Morro Azul do Tinguá;15
3301850;330185005;Guapimirim;05
3301876;330187605;Iguaba Grande;05
3301900;330190005;Itaboraí;05
3301900;330190010;Cabuçu;10
3301900;330190015;Itambi;15
3301900;330190018;Manilha;18
3301900;330190019;Pachecos;19
3301900;330190020;Porto das Caixas;20
3301900;330190025;Sambaetiba;25
3301900;330190040;Visconde de Itaboraí;40
3302007;330200705;Itaguaí;05
3302007;330200715;Ibituporanga;15
3302056;330205605;Italva;05
3302106;330210605;Itaocara;05
3302106;330210607;Batatal;07
3302106;330210610;Estrada Nova;10
3302106;330210615;Jaguarembé;15
3302106;330210620;Laranjais;20
3302106;330210625;Portela;25
3302205;330220505;Itaperuna;05
3302205;330220510;Boaventura;10
3302205;330220515;Comendador Venâncio;15
3302205;330220520;Itajara;20
3302205;330220525;Nossa Senhora da Penha;25
3302205;330220530;Retiro do Muriaé;30
3302205;330220535;Raposo;35
3302254;330225405;Itatiaia;05
3302270;330227005;Japeri;05
3302304;330230405;Laje do Muriaé;05
3302403;330240305;Macaé;05
3302403;330240315;Cachoeiros de Macaé;15
3302403;330240325;Córrego do Ouro;25
3302403;330240327;Frade;27
3302403;330240330;Glicério;30
3302403;330240340;Sana;40
3302452;330245205;Macuco;05
3302502;330250205;Magé;05
3302502;330250215;Guia de Pacobaíba;15
3302502;330250220;Inhomirim;20
3302502;330250225;Santo Aleixo;25
3302502;330250230;Suruí;30
3302502;330250235;Rio D'Ouro;35
3302601;330260105;Mangaratiba;05
3302601;330260110;Conceição de Jacareí;10
3302601;330260115;Itacurussá;15
3302601;330260120;Muriqui;20
3302700;330270005;Maricá;05
3302700;330270010;Inoã;10
3302700;330270015;Ponta Negra;15
3302700;330270020;Itaipuaçu;20
3302809;330280905;Mendes;05
3302858;330285805;Mesquita;05
3302858;330285810;Vila Emil;10
3302858;330285815;Banco de Areia;15
3302908;330290805;Miguel Pereira;05
3302908;330290807;Conrado;07
3302908;330290810;Governador Portela;10
3303005;330300505;Miracema;05
3303005;330300510;Paraíso do Tobias;10
3303005;330300515;Venda das Flores;15
3303104;330310405;Natividade;05
3303104;330310407;Bom Jesus do Querendo;07
3303104;330310410;Ourânia;10
3303203;330320305;Nilópolis;05
3303203;330320310;Olinda;10
3303302;330330205;Niterói;05
3303401;330340105;Nova Friburgo;05
3303401;330340110;Amparo;10
3303401;330340115;Campo do Coelho;15
3303401;330340120;Conselheiro Paulino;20
3303401;330340125;Lumiar;25
3303401;330340127;Muri;27
3303401;330340130;Riograndina;30
3303401;330340135;São Pedro da Serra;35
3303500;330350005;Nova Iguaçu;05
3303609;330360905;Paracambi;05
3303708;330370805;Paraíba do Sul;05
3303708;330370810;Inconfidência;10
3303708;330370815;Salutaris;15
3303708;330370820;Werneck;20
3303807;330380705;Paraty;05
3303807;330380710;Paraty-Mirim;10
3303807;330380715;Tarituba;15
3303856;330385605;Paty do Alferes;05
3303856;330385610;Avelar;10
3303906;330390605;Petrópolis;05
3303906;330390610;Cascatinha;10
3303906;330390615;Itaipava;15
3303906;330390620;Pedro do Rio;20
3303906;330390623;Posse;23
3303955;330395505;Pinheiral;05
3304003;330400305;Piraí;05
3304003;330400310;Arrozal;10
3304003;330400315;Monumento;15
3304003;330400325;Santanésia;25
3304102;330410205;Porciúncula;05
3304102;330410210;Purilândia;10
3304102;330410215;Santa Clara;15
3304110;330411005;Porto Real;05
3304128;330412805;Quatis;05
3304128;330412810;Falcão;10
3304128;330412820;Ribeirão de São Joaquim;20
3304144;330414405;Queimados;05
3304151;330415105;Quissamã;05
3304201;330420105;Resende;05
3304201;330420110;Agulhas Negras;10
3304201;330420115;Engenheiro Passos;15
3304201;330420120;Fumaça;20
3304201;330420130;Pedra Selada;30
3304201;330420145;Bulhões;45
3304201;330420150;Visconde de Mauá;50
3304300;330430005;Rio Bonito;05
3304300;330430007;Bazílio;07
3304300;330430010;Boa Esperança;10
3304409;330440905;Rio Claro;05
3304409;330440910;Getulândia;10
3304409;330440915;Lídice;15
3304409;330440920;Passa Três;20
3304409;330440925;São João Marcos;25
3304508;330450805;Rio das Flores;05
3304508;330450810;Abarracamento;10
3304508;330450815;Manuel Duarte;15
3304508;330450820;Taboas;20
3304524;330452405;Rio das Ostras;05
3304557;330455705;Rio de Janeiro;05
3304607;330460705;Santa Maria Madalena;05
3304607;330460710;Doutor Loréti;10
3304607;330460715;Renascença;15
3304607;330460720;Santo Antônio do Imbé;20
3304607;330460725;Sossego;25
3304607;330460730;Triunfo;30
3304607;330460735;Osório Bersot;35
3304706;330470605;Santo Antônio de Pádua;05
3304706;330470615;Baltazar;15
3304706;330470617;Campelo;17
3304706;330470620;Ibitiguaçu;20
3304706;330470625;Marangatu;25
3304706;330470630;Monte Alegre;30
3304706;330470635;Paraoquena;35
3304706;330470640;Santa Cruz;40
3304706;330470650;São Pedro de Alcântara;50
3304755;330475505;São Francisco de Itabapoana;05
3304755;330475510;Barra Seca;10
3304755;330475515;Maniva;15
3304805;330480505;São Fidélis;05
3304805;330480510;Cambiasca;10
3304805;330480515;Colônia;15
3304805;330480520;Ipuca;20
3304805;330480525;Pureza;25
3304904;330490405;São Gonçalo;05
3304904;330490410;Ipiiba;10
3304904;330490415;Monjolo;15
3304904;330490420;Neves;20
3304904;330490425;Sete Pontes;25
3305000;330500005;São João da Barra;05
3305000;330500007;Atafona;07
3305000;330500010;Barcelos;10
3305000;330500016;Cajueiro;16
3305000;330500018;Grussaí;18
3305000;330500030;Pipeiras;30
3305109;330510905;São João de Meriti;05
3305109;330510910;Coelho da Rocha;10
3305109;330510915;São Mateus;15
3305133;330513305;São José de Ubá;05
3305158;330515805;São José do Vale do Rio Preto;05
3305208;330520805;São Pedro da Aldeia;05
3305307;330530705;São Sebastião do Alto;05
3305307;330530707;Ipituna;07
3305307;330530710;Valão do Barro;10
3305307;330530715;Ibipeba;15
3305406;330540605;Sapucaia;05
3305406;330540610;Anta;10
3305406;330540615;Jamapará;15
3305406;330540620;Nossa Senhora da Aparecida;20
3305406;330540625;Pião;25
3305505;330550505;Saquarema;05
3305505;330550510;Bacaxá;10
3305505;330550515;Sampaio Correia;15
3305554;330555405;Seropédica;05
3305604;330560405;Silva Jardim;05
3305604;330560410;Correntezas;10
3305604;330560415;Gaviões;15
3305604;330560420;Aldeia Velha;20
3305703;330570305;Sumidouro;05
3305703;330570310;Campinas;10
3305703;330570315;Dona Mariana;15
3305703;330570325;Soledade;25
3305752;330575205;Tanguá;05
3305802;330580205;Teresópolis;05
3305802;330580210;Vale de Bonsucesso;10
3305802;330580215;Vale do Paquequer;15
3305901;330590105;Trajano de Moraes;05
3305901;330590110;Doutor Elias;10
3305901;330590115;Sodrelândia;15
3305901;330590120;Vila da Grama;20
3305901;330590125;Visconde de Imbé;25
3306008;330600805;Três Rios;05
3306008;330600820;Bemposta;20
3306107;330610705;Valença;05
3306107;330610710;Barão de Juparanã;10
3306107;330610715;Conservatória;15
3306107;330610720;Parapeúna;20
3306107;330610725;Pentagna;25
3306107;330610730;Santa Isabel do Rio Preto;30
3306156;330615605;Varre-Sai;05
3306206;330620605;Vassouras;05
3306206;330620610;Andrade Pinto;10
3306206;330620630;São Sebastião dos Ferreiros;30
3306206;330620635;Sebastião de Lacerda;35
3306305;330630505;Volta Redonda;05
3500105;350010505;Adamantina;05
3500204;350020405;Adolfo;05
3500303;350030305;Aguaí;05
3500402;350040205;Águas da Prata;05
3500402;350040210;São Roque da Fartura;10
3500501;350050105;Águas de Lindóia;05
3500550;350055005;Águas de Santa Bárbara;05
3500600;350060005;Águas de São Pedro;05
3500709;350070905;Agudos;05
3500709;350070910;Domélia;10
3500758;350075805;Alambari;05
3500808;350080805;Alfredo Marcondes;05
3500907;350090705;Altair;05
3500907;350090715;Suinana;15
3501004;350100405;Altinópolis;05
3501103;350110305;Alto Alegre;05
3501103;350110310;Jatobá;10
3501103;350110315;São Martinho d'Oeste;15
3501152;350115205;Alumínio;05
3501202;350120205;Álvares Florence;05
3501202;350120210;Boa Vista dos Andradas;10
3501301;350130105;Álvares Machado;05
3501301;350130110;Coronel Goulart;10
3501400;350140005;Álvaro de Carvalho;05
3501509;350150905;Alvinlândia;05
3501608;350160805;Americana;05
3501707;350170705;Américo Brasiliense;05
3501806;350180605;Américo de Campos;05
3501905;350190505;Amparo;05
3501905;350190510;Arcadas;10
3501905;350190515;Três Pontes;15
3502002;350200205;Analândia;05
3502101;350210105;Andradina;05
3502200;350220005;Angatuba;05
3502200;350220008;Bom Retiro da Esperança;08
3502309;350230905;Anhembi;05
3502309;350230910;Pirambóia;10
3502408;350240805;Anhumas;05
3502507;350250705;Aparecida;05
3502606;350260605;Aparecida d'Oeste;05
3502705;350270505;Apiaí;05
3502705;350270510;Araçaíba;10
3502705;350270525;Lageado de Araçaíba;25
3502705;350270530;Palmitalzinho;30
3502754;350275405;Araçariguama;05
3502804;350280405;Araçatuba;05
3502903;350290305;Araçoiaba da Serra;05
3503000;350300005;Aramina;05
3503109;350310905;Arandu;05
3503158;350315805;Arapeí;05
3503208;350320805;Araraquara;05
3503208;350320810;Bueno de Andrada;10
3503208;350320825;Vila Xavier;25
3503307;350330705;Araras;05
3503356;350335605;Arco-Íris;05
3503406;350340605;Arealva;05
3503406;350340610;Jacuba;10
3503505;350350505;Areias;05
3503604;350360405;Areiópolis;05
3503703;350370305;Ariranha;05
3503802;350380205;Artur Nogueira;05
3503901;350390105;Arujá;05
3503950;350395005;Aspásia;05
3504008;350400805;Assis;05
3504107;350410705;Atibaia;05
3504206;350420605;Auriflama;05
3504305;350430505;Avaí;05
3504305;350430510;Nogueira;10
3504404;350440405;Avanhandava;05
3504503;350450305;Avaré;05
3504602;350460205;Bady Bassitt;05
3504701;350470105;Balbinos;05
3504800;350480005;Bálsamo;05
3504909;350490905;Bananal;05
3505005;350500505;Barão de Antonina;05
3505104;350510405;Barbosa;05
3505203;350520305;Bariri;05
3505302;350530205;Barra Bonita;05
3505351;350535105;Barra do Chapéu;05
3505401;350540105;Barra do Turvo;05
3505500;350550005;Barretos;05
3505500;350550010;Alberto Moreira;10
3505500;350550015;Ibitu;15
3505609;350560905;Barrinha;05
3505708;350570805;Barueri;05
3505708;350570810;Aldeia;10
3505708;350570815;Jardim Belval;15
3505708;350570820;Jardim Silveira;20
3505807;350580705;Bastos;05
3505906;350590605;Batatais;05
3506003;350600305;Bauru;05
3506003;350600310;Tibiriçá;10
3506102;350610205;Bebedouro;05
3506102;350610210;Botafogo;10
3506102;350610215;Turvínia;15
3506201;350620105;Bento de Abreu;05
3506300;350630005;Bernardino de Campos;05
3506359;350635905;Bertioga;05
3506409;350640905;Bilac;05
3506508;350650805;Birigui;05
3506607;350660705;Biritiba Mirim;05
3506706;350670605;Boa Esperança do Sul;05
3506805;350680505;Bocaina;05
3506904;350690405;Bofete;05
3506904;350690410;São Roque Novo;10
3507001;350700105;Boituva;05
3507100;350710005;Bom Jesus dos Perdões;05
3507159;350715905;Bom Sucesso de Itararé;05
3507209;350720905;Borá;05
3507308;350730805;Boracéia;05
3507407;350740705;Borborema;05
3507456;350745605;Borebi;05
3507506;350750605;Botucatu;05
3507506;350750610;Rubião Júnior;10
3507506;350750615;Vitoriana;15
3507605;350760505;Bragança Paulista;05
3507704;350770405;Braúna;05
3507753;350775305;Brejo Alegre;05
3507803;350780305;Brodowski;05
3507902;350790205;Brotas;05
3507902;350790210;São Sebastião da Serra;10
3508009;350800905;Buri;05
3508009;350800910;Aracaçu;10
3508108;350810805;Buritama;05
3508207;350820705;Buritizal;05
3508306;350830605;Cabrália Paulista;05
3508405;350840505;Cabreúva;05
3508405;350840510;Bom Fim do Bom Jesus;10
3508405;350840520;Jacaré;20
3508504;350850405;Caçapava;05
3508603;350860305;Cachoeira Paulista;05
3508702;350870205;Caconde;05
3508702;350870210;Barrânia;10
3508801;350880105;Cafelândia;05
3508801;350880110;Bacuriti;10
3508801;350880115;Cafesópolis;15
3508801;350880120;Simões;20
3508900;350890005;Caiabu;05
3508900;350890010;Boa Esperança d'Oeste;10
3508900;350890015;Iubatinga;15
3509007;350900705;Caieiras;05
3509106;350910605;Caiuá;05
3509205;350920505;Cajamar;05
3509205;350920510;Jordanésia;10
3509205;350920515;Polvilho;15
3509254;350925405;Cajati;05
3509304;350930405;Cajobi;05
3509304;350930415;Monte Verde Paulista;15
3509403;350940305;Cajuru;05
3509452;350945205;Campina do Monte Alegre;05
3509452;350945215;Salto;15
3509502;350950205;Campinas;05
3509502;350950210;Barão Geraldo;10
3509502;350950215;Joaquim Egídio;15
3509502;350950220;Nova Aparecida;20
3509502;350950225;Souzas;25
3509502;350950230;Ouro Verde;30
3509502;350950235;Campo Grande;35
3509601;350960105;Campo Limpo Paulista;05
3509601;350960108;Botujuru;08
3509700;350970005;Campos do Jordão;05
3509809;350980905;Campos Novos Paulista;05
3509908;350990805;Cananéia;05
3509908;350990810;Ariri;10
3509957;350995705;Canas;05
3510005;351000505;Cândido Mota;05
3510005;351000510;Frutal do Campo;10
3510005;351000515;Nova Alexandria;15
3510005;351000520;Santo Antônio do Paranapanema;20
3510104;351010405;Cândido Rodrigues;05
3510153;351015305;Canitar;05
3510203;351020305;Capão Bonito;05
3510203;351020308;Apiaí-Mirim;08
3510302;351030205;Capela do Alto;05
3510302;351030220;Porto;20
3510401;351040105;Capivari;05
3510500;351050005;Caraguatatuba;05
3510500;351050010;Porto Novo;10
3510609;351060905;Carapicuíba;05
3510609;351060910;Aldeia de Carapicuíba;10
3510609;351060930;Vila Dirce;30
3510708;351070805;Cardoso;05
3510708;351070810;São João do Marinheiro;10
3510807;351080705;Casa Branca;05
3510807;351080710;Lagoa Branca;10
3510807;351080715;Venda Branca;15
3510906;351090605;Cássia dos Coqueiros;05
3511003;351100305;Castilho;05
3511102;351110205;Catanduva;05
3511201;351120105;Catiguá;05
3511300;351130005;Cedral;05
3511409;351140905;Cerqueira César;05
3511508;351150805;Cerquilho;05
3511607;351160705;Cesário Lange;05
3511607;351160720;Fazenda Velha;20
3511706;351170605;Charqueada;05
3511706;351170610;Paraisolândia;10
3511904;351190405;Clementina;05
3511904;351190410;Lauro Penteado;10
3512001;351200105;Colina;05
3512100;351210005;Colômbia;05
3512209;351220905;Conchal;05
3512209;351220910;Tujuguaba;10
3512308;351230805;Conchas;05
3512308;351230810;Juquiratiba;10
3512407;351240705;Cordeirópolis;05
3512506;351250605;Coroados;05
3512605;351260505;Coronel Macedo;05
3512704;351270405;Corumbataí;05
3512803;351280305;Cosmópolis;05
3512902;351290205;Cosmorama;05
3513009;351300905;Cotia;05
3513009;351300910;Caucaia do Alto;10
3513108;351310805;Cravinhos;05
3513207;351320705;Cristais Paulista;05
3513306;351330605;Cruzália;05
3513405;351340505;Cruzeiro;05
3513504;351350405;Cubatão;05
3513603;351360305;Cunha;05
3513603;351360310;Campos de Cunha;10
3513702;351370205;Descalvado;05
3513801;351380105;Diadema;05
3513850;351385005;Dirce Reis;05
3513900;351390005;Divinolândia;05
3513900;351390010;Campestrinho;10
3514007;351400705;Dobrada;05
3514106;351410605;Dois Córregos;05
3514106;351410610;Guarapuã;10
3514205;351420505;Dolcinópolis;05
3514304;351430405;Dourado;05
3514403;351440305;Dracena;05
3514403;351440310;Jaciporã;10
3514403;351440315;Jamaica;15
3514502;351450205;Duartina;05
3514601;351460105;Dumont;05
3514700;351470005;Echaporã;05
3514809;351480905;Eldorado;05
3514809;351480910;Braço;10
3514809;351480915;Itapeúna;15
3514908;351490805;Elias Fausto;05
3514908;351490810;Cardeal;10
3514924;351492405;Elisiário;05
3514957;351495705;Embaúba;05
3515004;351500405;Embu das Artes;05
3515103;351510305;Embu-Guaçu;05
3515103;351510310;Cipó-Guaçu;10
3515129;351512905;Emilianópolis;05
3515152;351515205;Engenheiro Coelho;05
3515186;351518605;Espírito Santo do Pinhal;05
3515194;351519405;Espírito Santo do Turvo;05
3515202;351520205;Estrela d'Oeste;05
3515301;351530105;Estrela do Norte;05
3515350;351535005;Euclides da Cunha Paulista;05
3515400;351540005;Fartura;05
3515509;351550905;Fernandópolis;05
3515509;351550910;Brasitânia;10
3515608;351560805;Fernando Prestes;05
3515608;351560810;Agulha;10
3515657;351565705;Fernão;05
3515707;351570705;Ferraz de Vasconcelos;05
3515707;351570710;Santa Margarida Paulista;10
3515707;351570715;Santo Antônio Paulista;15
3515806;351580605;Flora Rica;05
3515905;351590505;Floreal;05
3516002;351600205;Flórida Paulista;05
3516002;351600210;Atlântida;10
3516002;351600215;Indaiá do Aguapeí;15
3516101;351610105;Florínea;05
3516200;351620005;Franca;05
3516309;351630905;Francisco Morato;05
3516408;351640805;Franco da Rocha;05
3516507;351650705;Gabriel Monteiro;05
3516606;351660605;Gália;05
3516705;351670505;Garça;05
3516705;351670510;Jafa;10
3516804;351680405;Gastão Vidigal;05
3516853;351685305;Gavião Peixoto;05
3516903;351690305;General Salgado;05
3516903;351690313;Prudêncio e Moraes;13
3517000;351700005;Getulina;05
3517000;351700010;Macucos;10
3517000;351700015;Santa América;15
3517109;351710905;Glicério;05
3517109;351710910;Juritis;10
3517208;351720805;Guaiçara;05
3517307;351730705;Guaimbê;05
3517307;351730710;Fátima;10
3517406;351740605;Guaíra;05
3517505;351750505;Guapiaçu;05
3517604;351760405;Guapiara;05
3517703;351770305;Guará;05
3517703;351770310;Pioneiros;10
3517802;351780205;Guaraçaí;05
3517901;351790105;Guaraci;05
3518008;351800805;Guarani d'Oeste;05
3518107;351810705;Guarantã;05
3518206;351820605;Guararapes;05
3518206;351820610;Ribeiro do Vale;10
3518305;351830505;Guararema;05
3518404;351840405;Guaratinguetá;05
3518503;351850305;Guareí;05
3518602;351860205;Guariba;05
3518701;351870105;Guarujá;05
3518701;351870110;Vicente de Carvalho;10
3518800;351880005;Guarulhos;05
3518800;351880010;Jardim Presidente Dutra;10
3518859;351885905;Guatapará;05
3518909;351890905;Guzolândia;05
3519006;351900605;Herculândia;05
3519006;351900610;Juliânia;10
3519055;351905505;Holambra;05
3519071;351907105;Hortolândia;05
3519105;351910505;Iacanga;05
3519204;351920405;Iacri;05
3519204;351920410;Anápolis;10
3519253;351925305;Iaras;05
3519303;351930305;Ibaté;05
3519402;351940205;Ibirá;05
3519402;351940225;Termas de Ibirá;25
3519501;351950105;Ibirarema;05
3519600;351960005;Ibitinga;05
3519600;351960010;Cambaratiba;10
3519709;351970905;Ibiúna;05
3519709;351970910;Paruru;10
3519808;351980805;Icém;05
3519907;351990705;Iepê;05
3520004;352000405;Igaraçu do Tietê;05
3520103;352010305;Igarapava;05
3520202;352020205;Igaratá;05
3520301;352030105;Iguape;05
3520400;352040005;Ilhabela;05
3520400;352040010;Cambaquara;10
3520400;352040015;Paranabi;15
3520426;352042605;Ilha Comprida;05
3520442;352044205;Ilha Solteira;05
3520509;352050905;Indaiatuba;05
3520608;352060805;Indiana;05
3520707;352070705;Indiaporã;05
3520806;352080605;Inúbia Paulista;05
3520905;352090505;Ipaussu;05
3521002;352100205;Iperó;05
3521002;352100210;Bacaetava;10
3521101;352110105;Ipeúna;05
3521150;352115005;Ipiguá;05
3521200;352120005;Iporanga;05
3521309;352130905;Ipuã;05
3521408;352140805;Iracemápolis;05
3521507;352150705;Irapuã;05
3521606;352160605;Irapuru;05
3521705;352170505;Itaberá;05
3521705;352170508;Tomé;08
3521705;352170510;Turiba do Sul;10
3521705;352170515;Engenheiro Maia;15
3521804;352180405;Itaí;05
3521903;352190305;Itajobi;05
3521903;352190307;Nova Cardoso;07
3522000;352200005;Itaju;05
3522109;352210905;Itanhaém;05
3522158;352215805;Itaoca;05
3522208;352220805;Itapecerica da Serra;05
3522208;352220815;Jardim Jacira;15
3522307;352230705;Itapetininga;05
3522307;352230708;Conceição;08
3522307;352230715;Gramadinho;15
3522307;352230720;Morro do Alto;20
3522307;352230725;Rechan;25
3522307;352230730;Tupy;30
3522307;352230735;Varginha;35
3522406;352240605;Itapeva;05
3522406;352240611;Alto da Brancal;11
3522406;352240613;Areia Branca;13
3522406;352240615;Guarizinho;15
3522505;352250505;Itapevi;05
3522604;352260405;Itapira;05
3522604;352260410;Barão Ataliba Nogueira;10
3522604;352260415;Eleutério;15
3522653;352265305;Itapirapuã Paulista;05
3522703;352270305;Itápolis;05
3522703;352270310;Nova América;10
3522703;352270315;Tapinas;15
3522802;352280205;Itaporanga;05
3522901;352290105;Itapuí;05
3523008;352300805;Itapura;05
3523107;352310705;Itaquaquecetuba;05
3523206;352320605;Itararé;05
3523206;352320625;Pedra Branca de Itararé;25
3523206;352320630;Santa Cruz dos Lopes;30
3523305;352330505;Itariri;05
3523305;352330510;Ana Dias;10
3523404;352340405;Itatiba;05
3523503;352350305;Itatinga;05
3523503;352350310;Lobo;10
3523602;352360205;Itirapina;05
3523602;352360210;Itaqueri da Serra;10
3523701;352370105;Itirapuã;05
3523800;352380005;Itobi;05
3523909;352390905;Itu;05
3524006;352400605;Itupeva;05
3524105;352410505;Ituverava;05
3524105;352410510;Capivari da Mata;10
3524105;352410515;São Benedito da Cachoeirinha;15
3524204;352420405;Jaborandi;05
3524303;352430305;Jaboticabal;05
3524303;352430310;Córrego Rico;10
3524303;352430315;Lusitânia;15
3524402;352440205;Jacareí;05
3524402;352440207;Parque Meia Lua;07
3524402;352440210;São Silvestre de Jacareí;10
3524501;352450105;Jaci;05
3524600;352460005;Jacupiranga;05
3524709;352470905;Jaguariúna;05
3524808;352480805;Jales;05
3524907;352490705;Jambeiro;05
3525003;352500305;Jandira;05
3525102;352510205;Jardinópolis;05
3525102;352510210;Jurucê;10
3525201;352520105;Jarinu;05
3525300;352530005;Jaú;05
3525300;352530010;Potunduva;10
3525409;352540905;Jeriquara;05
3525508;352550805;Joanópolis;05
3525607;352560705;João Ramalho;05
3525706;352570605;José Bonifácio;05
3525805;352580505;Júlio Mesquita;05
3525854;352585405;Jumirim;05
3525904;352590405;Jundiaí;05
3526001;352600105;Junqueirópolis;05
3526100;352610005;Juquiá;05
3526209;352620905;Juquitiba;05
3526209;352620910;Barnabés;10
3526308;352630805;Lagoinha;05
3526407;352640705;Laranjal Paulista;05
3526407;352640710;Laras;10
3526407;352640715;Maristela;15
3526506;352650605;Lavínia;05
3526506;352650610;Tabajara;10
3526605;352660505;Lavrinhas;05
3526605;352660510;Pinheiros;10
3526704;352670405;Leme;05
3526803;352680305;Lençóis Paulista;05
3526803;352680310;Alfredo Guedes;10
3526902;352690205;Limeira;05
3527009;352700905;Lindóia;05
3527108;352710805;Lins;05
3527108;352710810;Guapiranga;10
3527207;352720705;Lorena;05
3527256;352725605;Lourdes;05
3527306;352730605;Louveira;05
3527405;352740505;Lucélia;05
3527504;352750405;Lucianópolis;05
3527603;352760305;Luís Antônio;05
3527702;352770205;Luiziânia;05
3527801;352780105;Lupércio;05
3527801;352780125;Santa Terezinha;25
3527900;352790005;Lutécia;05
3528007;352800705;Macatuba;05
3528106;352810605;Macaubal;05
3528205;352820505;Macedônia;05
3528304;352830405;Magda;05
3528403;352840305;Mairinque;05
3528502;352850205;Mairiporã;05
3528502;352850215;Terra Preta;15
3528601;352860105;Manduri;05
3528601;352860110;São Berto;10
3528700;352870005;Marabá Paulista;05
3528809;352880905;Maracaí;05
3528809;352880910;São José das Laranjeiras;10
3528858;352885805;Marapoama;05
3528908;352890805;Mariápolis;05
3528908;352890810;Mourão;10
3529005;352900505;Marília;05
3529005;352900510;Amadeu Amaral;10
3529005;352900515;Avencas;15
3529005;352900520;Dirceu;20
3529005;352900525;Lácio;25
3529005;352900530;Padre Nóbrega;30
3529005;352900535;Rosália;35
3529104;352910405;Marinópolis;05
3529203;352920305;Martinópolis;05
3529203;352920310;Guachos;10
3529203;352920315;Teçaindá;15
3529302;352930205;Matão;05
3529302;352930210;São Lourenço do Turvo;10
3529401;352940105;Mauá;05
3529500;352950005;Mendonça;05
3529609;352960905;Meridiano;05
3529658;352965805;Mesópolis;05
3529708;352970805;Miguelópolis;05
3529807;352980705;Mineiros do Tietê;05
3529906;352990605;Miracatu;05
3529906;352990608;Oliveira Barros;08
3529906;352990610;Pedro Barros;10
3529906;352990615;Santa Rita do Ribeira;15
3530003;353000305;Mira Estrela;05
3530102;353010205;Mirandópolis;05
3530102;353010210;Amandaba;10
3530102;353010215;Três Alianças;15
3530201;353020105;Mirante do Paranapanema;05
3530201;353020110;Costa Machado;10
3530201;353020115;Cuiabá Paulista;15
3530300;353030005;Mirassol;05
3530300;353030010;Ruilândia;10
3530409;353040905;Mirassolândia;05
3530508;353050805;Mococa;05
3530508;353050810;Igaraí;10
3530508;353050815;São Benedito das Areias;15
3530607;353060705;Mogi das Cruzes;05
3530607;353060707;Biritiba-Ussu;07
3530607;353060710;Brás Cubas;10
3530607;353060713;Cezar de Souza;13
3530607;353060715;Jundiapeba;15
3530607;353060717;Quatinga;17
3530607;353060720;Sabaúna;20
3530607;353060725;Taiaçupeba;25
3530706;353070605;Mogi Guaçu;05
3530706;353070615;Martinho Prado Júnior;15
3530805;353080505;Mogi Mirim;05
3530805;353080510;Martim Francisco;10
3530904;353090405;Mombuca;05
3531001;353100105;Monções;05
3531100;353110005;Mongaguá;05
3531209;353120905;Monte Alegre do Sul;05
3531209;353120910;Mostardas;10
3531308;353130805;Monte Alto;05
3531308;353130808;Aparecida do Monte Alto;08
3531407;353140705;Monte Aprazível;05
3531407;353140710;Engenheiro Balduíno;10
3531407;353140715;Itaiúba;15
3531407;353140720;Junqueira;20
3531506;353150605;Monte Azul Paulista;05
3531506;353150610;Marcondésia;10
3531605;353160505;Monte Castelo;05
3531704;353170405;Monteiro Lobato;05
3531803;353180305;Monte Mor;05
3531902;353190205;Morro Agudo;05
3532009;353200905;Morungaba;05
3532058;353205805;Motuca;05
3532108;353210805;Murutinga do Sul;05
3532157;353215705;Nantes;05
3532207;353220705;Narandiba;05
3532306;353230605;Natividade da Serra;05
3532306;353230610;Bairro Alto;10
3532405;353240505;Nazaré Paulista;05
3532504;353250405;Neves Paulista;05
3532504;353250410;Barra Dourada;10
3532504;353250415;Miraluz;15
3532603;353260305;Nhandeara;05
3532603;353260310;Ida Iolanda;10
3532702;353270205;Nipoã;05
3532801;353280105;Nova Aliança;05
3532801;353280110;Nova Itapirema;10
3532827;353282705;Nova Campina;05
3532827;353282715;Itaoca de Cima;15
3532843;353284305;Nova Canaã Paulista;05
3532868;353286805;Nova Castilho;05
3532900;353290005;Nova Europa;05
3533007;353300705;Nova Granada;05
3533007;353300710;Ingás;10
3533007;353300715;Mangaratu;15
3533007;353300720;Onda Branca;20
3533106;353310605;Nova Guataporanga;05
3533205;353320505;Nova Independência;05
3533254;353325405;Novais;05
3533304;353330405;Nova Luzitânia;05
3533403;353340305;Nova Odessa;05
3533502;353350205;Novo Horizonte;05
3533502;353350210;Vale Formoso;10
3533601;353360105;Nuporanga;05
3533700;353370005;Ocauçu;05
3533809;353380905;Óleo;05
3533809;353380910;Batista Botelho;10
3533908;353390805;Olímpia;05
3533908;353390810;Baguaçu;10
3533908;353390815;Ribeiro dos Santos;15
3534005;353400505;Onda Verde;05
3534104;353410405;Oriente;05
3534203;353420305;Orindiúva;05
3534302;353430205;Orlândia;05
3534401;353440105;Osasco;05
3534500;353450005;Oscar Bressane;05
3534609;353460905;Osvaldo Cruz;05
3534609;353460910;Lagoa Azul;10
3534708;353470805;Ourinhos;05
3534757;353475705;Ouroeste;05
3534807;353480705;Ouro Verde;05
3534906;353490605;Pacaembu;05
3535002;353500205;Palestina;05
3535002;353500210;Duplo Céu;10
3535002;353500215;Jurupeba;15
3535101;353510105;Palmares Paulista;05
3535200;353520005;Palmeira d'Oeste;05
3535200;353520010;Dalas;10
3535309;353530905;Palmital;05
3535309;353530910;Sussuí;10
3535408;353540805;Panorama;05
3535507;353550705;Paraguaçu Paulista;05
3535507;353550710;Conceição de Monte Alegre;10
3535507;353550713;Roseta;13
3535507;353550715;Sapezal;15
3535606;353560605;Paraibuna;05
3535705;353570505;Paraíso;05
3535804;353580405;Paranapanema;05
3535903;353590305;Paranapuã;05
3536000;353600005;Parapuã;05
3536109;353610905;Pardinho;05
3536208;353620805;Pariquera-Açu;05
3536257;353625705;Parisi;05
3536307;353630705;Patrocínio Paulista;05
3536406;353640605;Paulicéia;05
3536505;353650505;Paulínia;05
3536570;353657005;Paulistânia;05
3536604;353660405;Paulo de Faria;05
3536703;353670305;Pederneiras;05
3536703;353670310;Guaianás;10
3536703;353670315;Santelmo;15
3536703;353670320;Vanglória;20
3536802;353680205;Pedra Bela;05
3536901;353690105;Pedranópolis;05
3536901;353690110;Santa Isabel do Marinheiro;10
3537008;353700805;Pedregulho;05
3537008;353700810;Alto Porã;10
3537008;353700815;Igaçaba;15
3537107;353710705;Pedreira;05
3537156;353715605;Pedrinhas Paulista;05
3537206;353720605;Pedro de Toledo;05
3537305;353730505;Penápolis;05
3537404;353740405;Pereira Barreto;05
3537503;353750305;Pereiras;05
3537602;353760205;Peruíbe;05
3537701;353770105;Piacatu;05
3537800;353780005;Piedade;05
3537909;353790905;Pilar do Sul;05
3538006;353800605;Pindamonhangaba;05
3538006;353800610;Moreira César;10
3538105;353810505;Pindorama;05
3538105;353810510;Roberto;10
3538204;353820405;Pinhalzinho;05
3538303;353830305;Piquerobi;05
3538501;353850105;Piquete;05
3538600;353860005;Piracaia;05
3538600;353860010;Batatuba;10
3538709;353870905;Piracicaba;05
3538709;353870910;Artemis;10
3538709;353870915;Ibitiruna;15
3538709;353870925;Tupi;25
3538709;353870930;Guamium;30
3538709;353870935;Santa Teresinha de Piracicaba;35
3538808;353880805;Piraju;05
3538808;353880825;Tibiriçá do Paranapanema;25
3538907;353890705;Pirajuí;05
3538907;353890710;Corredeira;10
3538907;353890715;Pradínia;15
3538907;353890720;Santo Antônio da Estiva;20
3539004;353900405;Pirangi;05
3539103;353910305;Pirapora do Bom Jesus;05
3539202;353920205;Pirapozinho;05
3539202;353920210;Itororó do Paranapanema;10
3539301;353930105;Pirassununga;05
3539301;353930110;Cachoeira de Emas;10
3539400;353940005;Piratininga;05
3539509;353950905;Pitangueiras;05
3539509;353950910;Ibitiúva;10
3539608;353960805;Planalto;05
3539707;353970705;Platina;05
3539806;353980605;Poá;05
3539806;353980610;Cidade Kemel;10
3539905;353990505;Poloni;05
3540002;354000205;Pompéia;05
3540002;354000210;Novo Cravinhos;10
3540002;354000215;Paulópolis;15
3540101;354010105;Pongaí;05
3540200;354020005;Pontal;05
3540200;354020010;Cândia;10
3540259;354025905;Pontalinda;05
3540309;354030905;Pontes Gestal;05
3540408;354040805;Populina;05
3540507;354050705;Porangaba;05
3540606;354060605;Porto Feliz;05
3540705;354070505;Porto Ferreira;05
3540754;354075405;Potim;05
3540804;354080405;Potirendaba;05
3540853;354085305;Pracinha;05
3540903;354090305;Pradópolis;05
3541000;354100005;Praia Grande;05
3541000;354100010;Solemar;10
3541059;354105905;Pratânia;05
3541109;354110905;Presidente Alves;05
3541109;354110910;Guaricanga;10
3541208;354120805;Presidente Bernardes;05
3541208;354120810;Araxãs;10
3541208;354120820;Nova Pátria;20
3541307;354130705;Presidente Epitácio;05
3541307;354130715;Campinal;15
3541406;354140605;Presidente Prudente;05
3541406;354140610;Ameliópolis;10
3541406;354140615;Eneida;15
3541406;354140620;Floresta do Sul;20
3541406;354140625;Montalvão;25
3541505;354150505;Presidente Venceslau;05
3541604;354160405;Promissão;05
3541604;354160410;Santa Maria do Gurupá;10
3541653;354165305;Quadra;05
3541703;354170305;Quatá;05
3541802;354180205;Queiroz;05
3541901;354190105;Queluz;05
3542008;354200805;Quintana;05
3542107;354210705;Rafard;05
3542206;354220605;Rancharia;05
3542206;354220610;Agissê;10
3542206;354220615;Gardênia;15
3542305;354230505;Redenção da Serra;05
3542404;354240405;Regente Feijó;05
3542404;354240410;Espigão;10
3542503;354250305;Reginópolis;05
3542602;354260205;Registro;05
3542701;354270105;Restinga;05
3542800;354280005;Ribeira;05
3542909;354290905;Ribeirão Bonito;05
3542909;354290910;Guarapiranga;10
3543006;354300605;Ribeirão Branco;05
3543006;354300615;Campina de Fora;15
3543006;354300625;Itabôa;25
3543105;354310505;Ribeirão Corrente;05
3543204;354320405;Ribeirão do Sul;05
3543238;354323805;Ribeirão dos Índios;05
3543253;354325305;Ribeirão Grande;05
3543303;354330305;Ribeirão Pires;05
3543303;354330308;Jardim Santa Luzia;08
3543303;354330310;Ouro Fino Paulista;10
3543402;354340205;Ribeirão Preto;05
3543402;354340210;Bonfim Paulista;10
3543501;354350105;Riversul;05
3543600;354360005;Rifaina;05
3543709;354370905;Rincão;05
3543808;354380805;Rinópolis;05
3543907;354390705;Rio Claro;05
3543907;354390710;Ajapi;10
3543907;354390715;Assistência;15
3544004;354400405;Rio das Pedras;05
3544103;354410305;Rio Grande da Serra;05
3544202;354420205;Riolândia;05
3544251;354425105;Rosana;05
3544301;354430105;Roseira;05
3544400;354440005;Rubiácea;05
3544509;354450905;Rubinéia;05
3544509;354450910;Esmeralda;10
3544608;354460805;Sabino;05
3544707;354470705;Sagres;05
3544806;354480605;Sales;05
3544905;354490505;Sales Oliveira;05
3545001;354500105;Salesópolis;05
3545001;354500110;Nossa Senhora do Remédio;10
3545100;354510005;Salmourão;05
3545159;354515905;Saltinho;05
3545209;354520905;Salto;05
3545308;354530805;Salto de Pirapora;05
3545407;354540705;Salto Grande;05
3545506;354550605;Sandovalina;05
3545605;354560505;Santa Adélia;05
3545605;354560510;Botelho;10
3545605;354560515;Ururaí;15
3545605;354560520;Santa Rosa;20
3545704;354570405;Santa Albertina;05
3545803;354580305;Santa Bárbara d'Oeste;05
3546009;354600905;Santa Branca;05
3546108;354610805;Santa Clara d'Oeste;05
3546207;354620705;Santa Cruz da Conceição;05
3546256;354625605;Santa Cruz da Esperança;05
3546306;354630605;Santa Cruz das Palmeiras;05
3546405;354640505;Santa Cruz do Rio Pardo;05
3546405;354640510;Caporanga;10
3546405;354640515;Clarínia;15
3546405;354640525;Sodrélia;25
3546504;354650405;Santa Ernestina;05
3546603;354660305;Santa Fé do Sul;05
3546702;354670205;Santa Gertrudes;05
3546801;354680105;Santa Isabel;05
3546900;354690005;Santa Lúcia;05
3547007;354700705;Santa Maria da Serra;05
3547106;354710605;Santa Mercedes;05
3547106;354710610;Terra Nova d'Oeste;10
3547205;354720505;Santana da Ponte Pensa;05
3547304;354730405;Santana de Parnaíba;05
3547403;354740305;Santa Rita d'Oeste;05
3547403;354740310;Aparecida do Bonito;10
3547502;354750205;Santa Rita do Passa Quatro;05
3547502;354750210;Santa Cruz da Estrela;10
3547601;354760105;Santa Rosa de Viterbo;05
3547650;354765005;Santa Salete;05
3547700;354770005;Santo Anastácio;05
3547809;354780905;Santo André;05
3547809;354780908;Capuava;08
3547809;354780910;Paranapiacaba;10
3547908;354790805;Santo Antônio da Alegria;05
3548005;354800505;Santo Antônio de Posse;05
3548054;354805405;Santo Antônio do Aracanguá;05
3548054;354805410;Major Prado;10
3548054;354805415;Vicentinópolis;15
3548104;354810405;Santo Antônio do Jardim;05
3548203;354820305;Santo Antônio do Pinhal;05
3548302;354830205;Santo Expedito;05
3548401;354840105;Santópolis do Aguapeí;05
3548500;354850005;Santos;05
3548609;354860905;São Bento do Sapucaí;05
3548708;354870805;São Bernardo do Campo;05
3548708;354870810;Riacho Grande;10
3548807;354880705;São Caetano do Sul;05
3548906;354890605;São Carlos;05
3548906;354890610;Água Vermelha;10
3548906;354890613;Bela Vista São-Carlense;13
3548906;354890615;Santa Eudóxia;15
3548906;354890620;Vila Nery;20
3549003;354900305;São Francisco;05
3549102;354910205;São João da Boa Vista;05
3549201;354920105;São João das Duas Pontes;05
3549250;354925005;São João de Iracema;05
3549300;354930005;São João do Pau d'Alho;05
3549409;354940905;São Joaquim da Barra;05
3549508;354950805;São José da Bela Vista;05
3549607;354960705;São José do Barreiro;05
3549706;354970605;São José do Rio Pardo;05
3549805;354980505;São José do Rio Preto;05
3549805;354980510;Engenheiro Schmidt;10
3549805;354980520;Talhado;20
3549904;354990405;São José dos Campos;05
3549904;354990410;Eugênio de Melo;10
3549904;354990415;São Francisco Xavier;15
3549953;354995305;São Lourenço da Serra;05
3550001;355000105;São Luiz do Paraitinga;05
3550001;355000110;Catuçaba;10
3550100;355010005;São Manuel;05
3550100;355010010;Aparecida de São Manuel;10
3550209;355020905;São Miguel Arcanjo;05
3550209;355020915;Gramadão;15
3550308;355030801;Água Rasa;01
3550308;355030802;Alto de Pinheiros;02
3550308;355030803;Anhanguera;03
3550308;355030804;Aricanduva;04
3550308;355030805;Artur Alvim;05
3550308;355030806;Barra Funda;06
3550308;355030807;Bela Vista;07
3550308;355030808;Belém;08
3550308;355030809;Bom Retiro;09
3550308;355030810;Brás;10
3550308;355030811;Brasilândia;11
3550308;355030812;Butantã;12
3550308;355030813;Cachoeirinha;13
3550308;355030814;Cambuci;14
3550308;355030815;Campo Belo;15
3550308;355030816;Campo Grande;16
3550308;355030817;Campo Limpo;17
3550308;355030818;Cangaiba;18
3550308;355030819;Capão Redondo;19
3550308;355030820;Carrão;20
3550308;355030821;Casa Verde;21
3550308;355030822;Cidade Ademar;22
3550308;355030823;Cidade Dutra;23
3550308;355030824;Cidade Lider;24
3550308;355030825;Cidade Tiradentes;25
3550308;355030826;Consolação;26
3550308;355030827;Cursino;27
3550308;355030828;Ermelino Matarazzo;28
3550308;355030829;Freguesia do Ó;29
3550308;355030830;Grajaú;30
3550308;355030831;Guaianases;31
3550308;355030832;Moema;32
3550308;355030833;Iguatemi;33
3550308;355030834;Ipiranga;34
3550308;355030835;Itaim Bibi;35
3550308;355030836;Itaim Paulista;36
3550308;355030837;Itaquera;37
3550308;355030838;Jabaquara;38
3550308;355030839;Jaçanã;39
3550308;355030840;Jaguara;40
3550308;355030841;Jaguaré;41
3550308;355030842;Jaraguá;42
3550308;355030843;Jardim Ângela;43
3550308;355030844;Jardim Helena;44
3550308;355030845;Jardim Paulista;45
3550308;355030846;Jardim São Luís;46
3550308;355030847;José Bonifácio;47
3550308;355030848;Lapa;48
3550308;355030849;Liberdade;49
3550308;355030850;Limão;50
3550308;355030851;Mandaqui;51
3550308;355030852;Marsilac;52
3550308;355030853;Mooca;53
3550308;355030854;Morumbi;54
3550308;355030855;Parelheiros;55
3550308;355030856;Pari;56
3550308;355030857;Parque do Carmo;57
3550308;355030858;Pedreira;58
3550308;355030859;Penha;59
3550308;355030860;Perdizes;60
3550308;355030861;Perus;61
3550308;355030862;Pinheiros;62
3550308;355030863;Pirituba;63
3550308;355030864;Ponte Rasa;64
3550308;355030865;Raposo Tavares;65
3550308;355030866;República;66
3550308;355030867;Rio Pequeno;67
3550308;355030868;Sacomã;68
3550308;355030869;Santa Cecília;69
3550308;355030870;Santana;70
3550308;355030871;Santo Amaro;71
3550308;355030872;São Lucas;72
3550308;355030873;São Mateus;73
3550308;355030874;São Miguel;74
3550308;355030875;São Rafael;75
3550308;355030876;Sapopemba;76
3550308;355030877;Saúde;77
3550308;355030878;Sé;78
3550308;355030879;Socorro;79
3550308;355030880;Tatuapé;80
3550308;355030881;Tremembé;81
3550308;355030882;Tucuruvi;82
3550308;355030883;Vila Andrade;83
3550308;355030884;Vila Curuçá;84
3550308;355030885;Vila Formosa;85
3550308;355030886;Vila Guilherme;86
3550308;355030887;Vila Jacuí;87
3550308;355030888;Vila Leopoldina;88
3550308;355030889;Vila Maria;89
3550308;355030890;Vila Mariana;90
3550308;355030891;Vila Matilde;91
3550308;355030892;Vila Medeiros;92
3550308;355030893;Vila Prudente;93
3550308;355030894;Vila Sônia;94
3550308;355030895;São Domingos;95
3550308;355030896;Lajeado;96
3550407;355040705;São Pedro;05
3550506;355050605;São Pedro do Turvo;05
3550605;355060505;São Roque;05
3550605;355060515;Canguera;15
3550605;355060517;Mailasqui;17
3550605;355060520;São João Novo;20
3550704;355070405;São Sebastião;05
3550704;355070410;Maresias;10
3550704;355070415;São Francisco da Praia;15
3550803;355080305;São Sebastião da Grama;05
3550902;355090205;São Simão;05
3551009;355100905;São Vicente;05
3551108;355110805;Sarapuí;05
3551108;355110815;Cocaes;15
3551207;355120705;Sarutaiá;05
3551306;355130605;Sebastianópolis do Sul;05
3551405;355140505;Serra Azul;05
3551504;355150405;Serrana;05
3551603;355160305;Serra Negra;05
3551702;355170205;Sertãozinho;05
3551702;355170210;Cruz das Posses;10
3551801;355180105;Sete Barras;05
3551900;355190005;Severínia;05
3552007;355200705;Silveiras;05
3552106;355210605;Socorro;05
3552205;355220505;Sorocaba;05
3552304;355230405;Sud Mennucci;05
3552304;355230410;Bandeirantes D'Oeste;10
3552403;355240305;Sumaré;05
3552403;355240315;Nova Veneza;15
3552502;355250205;Suzano;05
3552502;355250210;Boa Vista Paulista;10
3552502;355250215;Palmeiras de São Paulo;15
3552551;355255105;Suzanápolis;05
3552601;355260105;Tabapuã;05
3552700;355270005;Tabatinga;05
3552700;355270010;Curupá;10
3552809;355280905;Taboão da Serra;05
3552908;355290805;Taciba;05
3553005;355300505;Taguaí;05
3553104;355310405;Taiaçu;05
3553203;355320305;Taiúva;05
3553302;355330205;Tambaú;05
3553401;355340105;Tanabi;05
3553401;355340110;Ibiporanga;10
3553500;355350005;Tapiraí;05
3553500;355350025;Rio Turvo;25
3553609;355360905;Tapiratiba;05
3553658;355365805;Taquaral;05
3553708;355370805;Taquaritinga;05
3553708;355370810;Guariroba;10
3553708;355370815;Jurupema;15
3553807;355380705;Taquarituba;05
3553856;355385605;Taquarivaí;05
3553906;355390605;Tarabai;05
3553955;355395505;Tarumã;05
3554003;355400305;Tatuí;05
3554102;355410205;Taubaté;05
3554102;355410210;Quiririm;10
3554201;355420105;Tejupá;05
3554201;355420110;Águas Virtuosas;10
3554201;355420120;Ribeirão Bonito;20
3554300;355430005;Teodoro Sampaio;05
3554300;355430025;Planalto do Sul;25
3554409;355440905;Terra Roxa;05
3554508;355450805;Tietê;05
3554607;355460705;Timburi;05
3554656;355465605;Torre de Pedra;05
3554706;355470605;Torrinha;05
3554755;355475505;Trabiju;05
3554805;355480505;Tremembé;05
3554904;355490405;Três Fronteiras;05
3554953;355495305;Tuiuti;05
3555000;355500005;Tupã;05
3555000;355500015;Parnaso;15
3555000;355500020;Universo;20
3555000;355500025;Varpa;25
3555109;355510905;Tupi Paulista;05
3555109;355510915;Oásis;15
3555208;355520805;Turiúba;05
3555307;355530705;Turmalina;05
3555307;355530710;Fátima Paulista;10
3555356;355535605;Ubarana;05
3555406;355540605;Ubatuba;05
3555406;355540610;Picinguaba;10
3555505;355550505;Ubirajara;05
3555505;355550510;Areia Branca;10
3555604;355560405;Uchoa;05
3555703;355570305;União Paulista;05
3555802;355580205;Urânia;05
3555901;355590105;Uru;05
3556008;355600805;Urupês;05
3556008;355600810;São João de Itaguaçu;10
3556107;355610705;Valentim Gentil;05
3556206;355620605;Valinhos;05
3556305;355630505;Valparaíso;05
3556354;355635405;Vargem;05
3556404;355640405;Vargem Grande do Sul;05
3556453;355645305;Vargem Grande Paulista;05
3556503;355650305;Várzea Paulista;05
3556602;355660205;Vera Cruz;05
3556701;355670105;Vinhedo;05
3556800;355680005;Viradouro;05
3556909;355690905;Vista Alegre do Alto;05
3556958;355695805;Vitória Brasil;05
3557006;355700605;Votorantim;05
3557105;355710505;Votuporanga;05
3557105;355710515;Simonsen;15
3557154;355715405;Zacarias;05
3557204;355720405;Chavantes;05
3557204;355720415;Irapé;15
3557303;355730305;Estiva Gerbi;05
4100103;410010305;Abatiá;05
4100202;410020205;Adrianópolis;05
4100301;410030105;Agudos do Sul;05
4100301;410030110;Colônia Padre Paulo;10
4100400;410040005;Almirante Tamandaré;05
4100459;410045905;Altamira do Paraná;05
4100509;410050905;Altônia;05
4100509;410050910;Jardim Paredão;10
4100509;410050915;São João;15
4100608;410060805;Alto Paraná;05
4100608;410060810;Maristela;10
4100608;410060815;Santa Maria;15
4100707;410070705;Alto Piquiri;05
4100707;410070715;Mirante do Piquiri;15
4100707;410070720;Paulistânia;20
4100707;410070725;Saltinho do Oeste;25
4100806;410080605;Alvorada do Sul;05
4100806;410080610;Esperança do Norte;10
4100905;410090505;Amaporã;05
4100905;410090510;Nordestina;10
4101002;410100205;Ampére;05
4101002;410100210;São Pedro;10
4101002;410100215;São Salvador;15
4101051;410105105;Anahy;05
4101101;410110105;Andirá;05
4101101;410110110;Nossa Senhora Aparecida;10
4101150;410115005;Ângulo;05
4101200;410120005;Antonina;05
4101200;410120010;Cacatu;10
4101200;410120015;Cachoeira de Cima;15
4101309;410130905;Antônio Olinto;05
4101408;410140805;Apucarana;05
4101408;410140810;Correia de Freitas;10
4101408;410140815;Pirapó;15
4101408;410140820;São Pedro;20
4101408;410140825;Vila Reis;25
4101507;410150705;Arapongas;05
4101606;410160605;Arapoti;05
4101606;410160610;Calógeras;10
4101606;410160615;Caratuva;15
4101655;410165505;Arapuã;05
4101705;410170505;Araruna;05
4101705;410170515;São Vicente;15
4101804;410180405;Araucária;05
4101804;410180410;Guajuvira;10
4101853;410185305;Ariranha do Ivaí;05
4101903;410190305;Assaí;05
4101903;410190330;Pau D'Alho do Sul;30
4102000;410200005;Assis Chateaubriand;05
4102000;410200010;Bragantina;10
4102000;410200020;Encantado d'Oeste;20
4102109;410210905;Astorga;05
4102109;410210910;Içara;10
4102109;410210915;Santa Zélia;15
4102109;410210920;Tupinambá;20
4102208;410220805;Atalaia;05
4102307;410230705;Balsa Nova;05
4102307;410230710;Bugre;10
4102307;410230715;São Luiz do Purunã;15
4102406;410240605;Bandeirantes;05
4102406;410240610;Nossa Senhora da Candelária;10
4102505;410250505;Barbosa Ferraz;05
4102505;410250507;Bourbonia;07
4102505;410250515;Ourilândia;15
4102505;410250520;Pocinho;20
4102505;410250525;Tereza Breda;25
4102604;410260405;Barracão;05
4102604;410260415;Siqueira Belo;15
4102703;410270305;Barra do Jacaré;05
4102752;410275205;Bela Vista da Caroba;05
4102802;410280205;Bela Vista do Paraíso;05
4102802;410280210;Santa Margarida;10
4102901;410290105;Bituruna;05
4102901;410290110;Santo Antônio do Iratim;10
4103008;410300805;Boa Esperança;05
4103024;410302405;Boa Esperança do Iguaçu;05
4103040;410304005;Boa Ventura de São Roque;05
4103057;410305705;Boa Vista da Aparecida;05
4103107;410310705;Bocaiúva do Sul;05
4103156;410315605;Bom Jesus do Sul;05
4103206;410320605;Bom Sucesso;05
4103222;410322205;Bom Sucesso do Sul;05
4103305;410330505;Borrazópolis;05
4103354;410335405;Braganey;05
4103370;410337005;Brasilândia do Sul;05
4103370;410337010;Ercilândia;10
4103404;410340405;Cafeara;05
4103453;410345305;Cafelândia;05
4103479;410347905;Cafezal do Sul;05
4103479;410347910;Guaiporã;10
4103479;410347915;Jangada;15
4103503;410350305;Califórnia;05
4103602;410360205;Cambará;05
4103701;410370105;Cambé;05
4103701;410370110;Prata;10
4103800;410380005;Cambira;05
4103909;410390905;Campina da Lagoa;05
4103909;410390910;Bela Vista do Piquiri;10
4103909;410390915;Herveira;15
4103909;410390920;Salles de Oliveira;20
4103958;410395805;Campina do Simão;05
4104006;410400605;Campina Grande do Sul;05
4104055;410405505;Campo Bonito;05
4104105;410410505;Campo do Tenente;05
4104204;410420405;Campo Largo;05
4104204;410420410;Bateias;10
4104204;410420415;Ferraria;15
4104204;410420420;São Silvestre;20
4104204;410420425;Três Córregos;25
4104253;410425305;Campo Magro;05
4104303;410430305;Campo Mourão;05
4104303;410430320;Piquirivaí;20
4104402;410440205;Cândido de Abreu;05
4104402;410440210;Tereza Cristina;10
4104402;410440215;Três Bicos;15
4104428;410442805;Candói;05
4104451;410445105;Cantagalo;05
4104451;410445125;Cavaco;25
4104501;410450105;Capanema;05
4104501;410450110;Cristo Rei;10
4104501;410450115;Pinheiro;15
4104501;410450120;São Luiz;20
4104501;410450125;Alto Faraday;25
4104600;410460005;Capitão Leônidas Marques;05
4104600;410460020;Alto Alegre do Iguaçu;20
4104659;410465905;Carambeí;05
4104709;410470905;Carlópolis;05
4104709;410470910;Nova Brasília do Itararé;10
4104808;410480805;Cascavel;05
4104808;410480815;São João d'Oeste;15
4104808;410480825;Juvinópolis;25
4104808;410480835;Rio do Salto;35
4104808;410480840;Sede Alvorada;40
4104808;410480845;Espigão Azul;45
4104808;410480850;São Salvador;50
4104808;410480855;Diamante;55
4104907;410490705;Castro;05
4104907;410490710;Abapã;10
4104907;410490720;Socavão;20
4105003;410500305;Catanduvas;05
4105102;410510205;Centenário do Sul;05
4105201;410520105;Cerro Azul;05
4105201;410520110;São Sebastião;10
4105300;410530005;Céu Azul;05
4105409;410540905;Chopinzinho;05
4105409;410540910;São Francisco;10
4105409;410540915;São Luiz;15
4105508;410550805;Cianorte;05
4105508;410550810;São Lourenço;10
4105508;410550815;Vidigal;15
4105607;410560705;Cidade Gaúcha;05
4105706;410570605;Clevelândia;05
4105706;410570610;Coronel Firmino Martins;10
4105706;410570615;São Francisco de Sales;15
4105805;410580505;Colombo;05
4105904;410590405;Colorado;05
4105904;410590410;Alto Alegre;10
4106001;410600105;Congonhinhas;05
4106001;410600110;Santa Maria do Rio do Peixe;10
4106001;410600115;São Francisco de Imbaú;15
4106100;410610005;Conselheiro Mairinck;05
4106209;410620905;Contenda;05
4106209;410620910;Catanduvas do Sul;10
4106308;410630805;Corbélia;05
4106308;410630825;Ouro Verde do Piquiri;25
4106308;410630830;Nossa Senhora da Penha;30
4106407;410640705;Cornélio Procópio;05
4106407;410640710;Congonhas;10
4106456;410645605;Coronel Domingos Soares;05
4106506;410650605;Coronel Vivida;05
4106506;410650610;Vista Alegre;10
4106555;410655505;Corumbataí do Sul;05
4106571;410657105;Cruzeiro do Iguaçu;05
4106605;410660505;Cruzeiro do Oeste;05
4106605;410660510;Cafeeiros;10
4106605;410660515;São Silvestre;15
4106704;410670405;Cruzeiro do Sul;05
4106803;410680305;Cruz Machado;05
4106803;410680310;Pinaré;10
4106803;410680315;Santana;15
4106852;410685205;Cruzmaltina;05
4106902;410690205;Curitiba;05
4107009;410700905;Curiúva;05
4107009;410700910;Alecrim;10
4107108;410710805;Diamante do Norte;05
4107124;410712405;Diamante do Sul;05
4107157;410715705;Diamante D'Oeste;05
4107207;410720705;Dois Vizinhos;05
4107207;410720730;Santa Lúcia;30
4107256;410725605;Douradina;05
4107306;410730605;Doutor Camargo;05
4107405;410740505;Enéas Marques;05
4107405;410740515;Pinhalzinho;15
4107405;410740520;Vista Alegre;20
4107504;410750405;Engenheiro Beltrão;05
4107504;410750407;Figueira do Oeste;07
4107504;410750409;Ivailândia;09
4107504;410750410;Sertãozinho;10
4107504;410750415;Sussuí;15
4107504;410750420;Triângulo;20
4107520;410752005;Esperança Nova;05
4107538;410753805;Entre Rios do Oeste;05
4107546;410754605;Espigão Alto do Iguaçu;05
4107553;410755305;Farol;05
4107553;410755310;Martinópolis D'Oeste;10
4107603;410760305;Faxinal;05
4107603;410760315;Nova Altamira;15
4107652;410765205;Fazenda Rio Grande;05
4107702;410770205;Fênix;05
4107702;410770210;Bela Vista do Ivaí;10
4107702;410770215;Porteira Preta;15
4107736;410773605;Fernandes Pinheiro;05
4107751;410775105;Figueira;05
4107801;410780105;Floraí;05
4107801;410780110;Nova Bilac;10
4107850;410785005;Flor da Serra do Sul;05
4107900;410790005;Floresta;05
4108007;410800705;Florestópolis;05
4108106;410810605;Flórida;05
4108205;410820505;Formosa do Oeste;05
4108304;410830405;Foz do Iguaçu;05
4108304;410830410;Alvorada do Iguaçu;10
4108320;410832005;Francisco Alves;05
4108320;410832010;Rio Bonito;10
4108403;410840305;Francisco Beltrão;05
4108403;410840307;Jacutinga;07
4108403;410840310;Nova Concórdia;10
4108403;410840320;São Pio X;20
4108403;410840325;Secção Jacaré;25
4108452;410845205;Foz do Jordão;05
4108502;410850205;General Carneiro;05
4108502;410850215;Jangada do Sul;15
4108551;410855105;Godoy Moreira;05
4108601;410860105;Goioerê;05
4108650;410865005;Goioxim;05
4108700;410870005;Grandes Rios;05
4108700;410870010;Ribeirão Bonito;10
4108809;410880905;Guaíra;05
4108809;410880910;Doutor Oliveira Castro;10
4108908;410890805;Guairaçá;05
4108957;410895705;Guamiranga;05
4109005;410900505;Guapirama;05
4109104;410910405;Guaporema;05
4109203;410920305;Guaraci;05
4109203;410920310;Bentópolis;10
4109302;410930205;Guaraniaçu;05
4109302;410930210;Bela Vista;10
4109302;410930215;Borman;15
4109302;410930230;Guaporé;30
4109401;410940105;Guarapuava;05
4109401;410940107;Atalaia;07
4109401;410940135;Entre Rios;35
4109401;410940145;Guairacá;45
4109401;410940150;Guará;50
4109401;410940175;Palmeirinha;75
4109500;410950005;Guaraqueçaba;05
4109500;410950010;Ararapira;10
4109500;410950015;Serra Negra;15
4109609;410960905;Guaratuba;05
4109609;410960910;Pedra Branca do Araraquara;10
4109658;410965805;Honório Serpa;05
4109658;410965810;Pinho Fleck;10
4109708;410970805;Ibaiti;05
4109708;410970810;Amorinha;10
4109708;410970812;Campinho;12
4109708;410970815;Euzébio de Oliveira;15
4109708;410970820;Vassoural;20
4109708;410970825;Vila Guay;25
4109757;410975705;Ibema;05
4109807;410980705;Ibiporã;05
4109906;410990605;Icaraíma;05
4109906;410990610;Porto Camargo;10
4109906;410990615;Vila Rica do Ivaí;15
4110003;411000305;Iguaraçu;05
4110052;411005205;Iguatu;05
4110078;411007805;Imbaú;05
4110102;411010205;Imbituva;05
4110102;411010210;Apiaba;10
4110201;411020105;Inácio Martins;05
4110300;411030005;Inajá;05
4110409;411040905;Indianópolis;05
4110508;411050805;Ipiranga;05
4110607;411060705;Iporã;05
4110607;411060714;Nilza;14
4110607;411060715;Nova Santa Helena;15
4110656;411065605;Iracema do Oeste;05
4110706;411070605;Irati;05
4110706;411070610;Gonçalves Júnior;10
4110706;411070615;Guamirim;15
4110706;411070620;Itapará;20
4110805;411080505;Iretama;05
4110805;411080506;Águas de Jurema;06
4110805;411080510;Marilu;10
4110904;411090405;Itaguajé;05
4110953;411095305;Itaipulândia;05
4110953;411095325;São José do Itavó;25
4111001;411100105;Itambaracá;05
4111001;411100110;São Joaquim do Pontal;10
4111100;411110005;Itambé;05
4111209;411120905;Itapejara d'Oeste;05
4111209;411120910;Barra Grande;10
4111209;411120915;Coxilha Rica;15
4111258;411125805;Itaperuçu;05
4111308;411130805;Itaúna do Sul;05
4111407;411140705;Ivaí;05
4111407;411140710;Bom Jardim do Sul;10
4111506;411150605;Ivaiporã;05
4111506;411150610;Alto Porã;10
4111506;411150625;Jacutinga;25
4111506;411150635;Santa Bárbara;35
4111555;411155505;Ivaté;05
4111555;411155515;Herculândia;15
4111605;411160505;Ivatuba;05
4111704;411170405;Jaboti;05
4111803;411180305;Jacarezinho;05
4111902;411190205;Jaguapitã;05
4112009;411200905;Jaguariaíva;05
4112009;411200910;Eduardo Xavier da Silva;10
4112108;411210805;Jandaia do Sul;05
4112108;411210810;São José;10
4112207;411220705;Janiópolis;05
4112207;411220710;Arapuan;10
4112306;411230605;Japira;05
4112306;411230610;Novo Jardim;10
4112405;411240505;Japurá;05
4112504;411250405;Jardim Alegre;05
4112603;411260305;Jardim Olinda;05
4112702;411270205;Jataizinho;05
4112702;411270210;Antônio Brandão de Oliveira;10
4112702;411270215;Frei Timóteo;15
4112751;411275105;Jesuítas;05
4112751;411275110;Carajá;10
4112801;411280105;Joaquim Távora;05
4112801;411280110;Joá;10
4112900;411290005;Jundiaí do Sul;05
4112959;411295905;Juranda;05
4112959;411295908;Primavera;08
4112959;411295910;Rio Verde;10
4113007;411300705;Jussara;05
4113106;411310605;Kaloré;05
4113205;411320505;Lapa;05
4113205;411320510;Água Azul;10
4113205;411320515;Mariental;15
4113254;411325405;Laranjal;05
4113304;411330405;Laranjeiras do Sul;05
4113304;411330425;Passo Liso;25
4113403;411340305;Leópolis;05
4113429;411342905;Lidianópolis;05
4113452;411345205;Lindoeste;05
4113502;411350205;Loanda;05
4113601;411360105;Lobato;05
4113700;411370005;Londrina;05
4113700;411370010;Guaravera;10
4113700;411370015;Irerê;15
4113700;411370020;Lerroville;20
4113700;411370025;Maravilha;25
4113700;411370030;Paiquerê;30
4113700;411370035;São Luiz;35
4113700;411370045;Warta;45
4113734;411373405;Luiziana;05
4113759;411375905;Lunardelli;05
4113809;411380905;Lupionópolis;05
4113809;411380910;Mairá;10
4113908;411390805;Mallet;05
4113908;411390810;Dorizon;10
4113908;411390815;Rio Claro do Sul;15
4114005;411400505;Mamborê;05
4114104;411410405;Mandaguaçu;05
4114203;411420305;Mandaguari;05
4114302;411430205;Mandirituba;05
4114302;411430210;Areia Branca dos Assis;10
4114351;411435105;Manfrinópolis;05
4114401;411440105;Mangueirinha;05
4114401;411440110;Covó;10
4114500;411450005;Manoel Ribas;05
4114500;411450010;Barra Santa Salete;10
4114609;411460905;Marechal Cândido Rondon;05
4114609;411460907;Bom Jardim;07
4114609;411460915;Iguiporã;15
4114609;411460920;Margarida;20
4114609;411460930;Novo Horizonte;30
4114609;411460935;Novo Três Passos;35
4114609;411460945;Porto Mendes;45
4114609;411460955;São Roque;55
4114708;411470805;Maria Helena;05
4114708;411470810;Carbonera;10
4114807;411480705;Marialva;05
4114807;411480710;Santa Fé do Pirapó;10
4114807;411480715;São Luiz;15
4114807;411480720;São Miguel do Cambuí;20
4114906;411490605;Marilândia do Sul;05
4114906;411490625;Nova Amoreira;25
4115002;411500205;Marilena;05
4115002;411500210;Ipanema;10
4115101;411510105;Mariluz;05
4115101;411510110;São Luiz;10
4115200;411520005;Maringá;05
4115200;411520010;Floriano;10
4115200;411520015;Iguatemi;15
4115309;411530905;Mariópolis;05
4115309;411530910;Rio Pinheiro;10
4115309;411530915;Senhor Bom Jesus dos Gramados;15
4115358;411535805;Maripá;05
4115358;411535810;Candeia;10
4115358;411535820;Pérola Independente;20
4115408;411540805;Marmeleiro;05
4115457;411545705;Marquinho;05
4115507;411550705;Marumbi;05
4115606;411560605;Matelândia;05
4115606;411560607;Agro Cafeeira;07
4115705;411570505;Matinhos;05
4115739;411573905;Mato Rico;05
4115754;411575405;Mauá da Serra;05
4115804;411580405;Medianeira;05
4115804;411580425;Maralúcia;25
4115853;411585305;Mercedes;05
4115903;411590305;Mirador;05
4116000;411600005;Miraselva;05
4116059;411605905;Missal;05
4116059;411605910;Dom Armando;10
4116059;411605920;Portão Ocoí;20
4116109;411610905;Moreira Sales;05
4116109;411610910;Paraná d'Oeste;10
4116208;411620805;Morretes;05
4116208;411620810;Porto de Cima;10
4116307;411630705;Munhoz de Melo;05
4116307;411630710;Fernão Dias;10
4116406;411640605;Nossa Senhora das Graças;05
4116505;411650505;Nova Aliança do Ivaí;05
4116604;411660405;Nova América da Colina;05
4116703;411670305;Nova Aurora;05
4116703;411670307;Marajó;07
4116703;411670310;Palmitópolis;10
4116802;411680205;Nova Cantu;05
4116802;411680210;Geremia Lunardelli;10
4116802;411680215;Santo Rei;15
4116901;411690105;Nova Esperança;05
4116901;411690110;Barão de Lucena;10
4116901;411690115;Ivaitinga;15
4116950;411695005;Nova Esperança do Sudoeste;05
4117008;411700805;Nova Fátima;05
4117057;411705705;Nova Laranjeiras;05
4117057;411705710;Bananas;10
4117057;411705715;Guaraí;15
4117057;411705720;Guarani;20
4117057;411705730;Rio da Prata;30
4117107;411710705;Nova Londrina;05
4117107;411710710;Cintra Pimentel;10
4117206;411720605;Nova Olímpia;05
4117214;411721405;Nova Santa Bárbara;05
4117222;411722205;Nova Santa Rosa;05
4117222;411722210;Alto Santa Fé;10
4117222;411722220;Planalto do Oeste;20
4117255;411725505;Nova Prata do Iguaçu;05
4117271;411727105;Nova Tebas;05
4117271;411727107;Catuporanga;07
4117271;411727110;Poema;10
4117297;411729705;Novo Itacolomi;05
4117305;411730505;Ortigueira;05
4117305;411730510;Barreiro;10
4117305;411730515;Lajeado Bonito;15
4117305;411730520;Monjolinho;20
4117305;411730525;Natingui;25
4117404;411740405;Ourizona;05
4117453;411745305;Ouro Verde do Oeste;05
4117503;411750305;Paiçandu;05
4117503;411750310;Água Boa;10
4117602;411760205;Palmas;05
4117602;411760215;Francisco Frederico Teixeira Guimarães;15
4117602;411760220;Padre Ponciano;20
4117701;411770105;Palmeira;05
4117701;411770110;Papagaios Novos;10
4117800;411780005;Palmital;05
4117909;411790905;Palotina;05
4117909;411790915;São Camilo;15
4117909;411790925;Vila Floresta;25
4118006;411800605;Paraíso do Norte;05
4118105;411810505;Paranacity;05
4118204;411820405;Paranaguá;05
4118204;411820410;Alexandra;10
4118303;411830305;Paranapoema;05
4118402;411840205;Paranavaí;05
4118402;411840210;Cristo Rei;10
4118402;411840215;Deputado José Afonso;15
4118402;411840220;Graciosa;20
4118402;411840225;Sumaré;25
4118451;411845105;Pato Bragado;05
4118501;411850105;Pato Branco;05
4118501;411850130;São Roque do Chopim;30
4118600;411860005;Paula Freitas;05
4118709;411870905;Paulo Frontin;05
4118709;411870910;Vera Guarani;10
4118808;411880805;Peabiru;05
4118857;411885705;Perobal;05
4118907;411890705;Pérola;05
4119004;411900405;Pérola d'Oeste;05
4119004;411900415;Conciolândia;15
4119103;411910305;Piên;05
4119152;411915205;Pinhais;05
4119202;411920205;Pinhalão;05
4119202;411920210;Lavrinha;10
4119251;411925105;Pinhal de São Bento;05
4119301;411930105;Pinhão;05
4119301;411930110;Bom Retiro;10
4119301;411930115;Faxinal do Céu;15
4119301;411930125;Pinhalzinho;25
4119400;411940005;Piraí do Sul;05
4119509;411950905;Piraquara;05
4119608;411960805;Pitanga;05
4119608;411960810;Barra Bonita;10
4119608;411960837;Rio XV de Baixo;37
4119608;411960840;Vila Nova;40
4119657;411965705;Pitangueiras;05
4119707;411970705;Planaltina do Paraná;05
4119707;411970710;Comur;10
4119806;411980605;Planalto;05
4119806;411980610;Barra Grande;10
4119806;411980615;Centro Novo;15
4119806;411980620;Sagrada Família;20
4119806;411980625;Valério;25
4119905;411990505;Ponta Grossa;05
4119905;411990510;Guaragi;10
4119905;411990515;Itaiacoca;15
4119905;411990517;Piriquitos;17
4119905;411990525;Uvaia;25
4119954;411995405;Pontal do Paraná;05
4120002;412000205;Porecatu;05
4120101;412010105;Porto Amazonas;05
4120150;412015005;Porto Barreiro;05
4120200;412020005;Porto Rico;05
4120309;412030905;Porto Vitória;05
4120333;412033305;Prado Ferreira;05
4120358;412035805;Pranchita;05
4120358;412035810;Canzianópolis;10
4120408;412040805;Presidente Castelo Branco;05
4120408;412040810;Boa Vista;10
4120507;412050705;Primeiro de Maio;05
4120507;412050710;Ibiaci;10
4120606;412060605;Prudentópolis;05
4120606;412060610;Jaciaba;10
4120606;412060615;Patos Velhos;15
4120655;412065505;Quarto Centenário;05
4120705;412070505;Quatiguá;05
4120804;412080405;Quatro Barras;05
4120804;412080410;Borda do Campo;10
4120853;412085305;Quatro Pontes;05
4120903;412090305;Quedas do Iguaçu;05
4121000;412100005;Querência do Norte;05
4121000;412100010;Icatu;10
4121000;412100015;Porto Brasílio;15
4121109;412110905;Quinta do Sol;05
4121109;412110910;Irapuan;10
4121208;412120805;Quitandinha;05
4121208;412120810;Doce Grande;10
4121208;412120815;Pangaré;15
4121257;412125705;Ramilândia;05
4121307;412130705;Rancho Alegre;05
4121356;412135605;Rancho Alegre D'Oeste;05
4121406;412140605;Realeza;05
4121406;412140610;Maravilha;10
4121406;412140615;Marmelândia;15
4121406;412140620;São Roque;20
4121505;412150505;Rebouças;05
4121604;412160405;Renascença;05
4121604;412160410;Baulândia;10
4121604;412160415;Canela;15
4121703;412170305;Reserva;05
4121703;412170310;José Lacerda;10
4121703;412170315;Rio Novo;15
4121752;412175205;Reserva do Iguaçu;05
4121802;412180205;Ribeirão Claro;05
4121802;412180210;Cachoeira do Espírito Santo;10
4121901;412190105;Ribeirão do Pinhal;05
4121901;412190115;Triolândia;15
4122008;412200805;Rio Azul;05
4122107;412210705;Rio Bom;05
4122107;412210710;Santo Antônio do Palmital;10
4122156;412215605;Rio Bonito do Iguaçu;05
4122156;412215610;Assentamento Ireno Alves dos Santos;10
4122156;412215615;Campo do Bugre;15
4122156;412215620;Linha Rosa;20
4122156;412215625;Pinhalzinho;25
4122172;412217205;Rio Branco do Ivaí;05
4122206;412220605;Rio Branco do Sul;05
4122206;412220610;Açungui;10
4122305;412230505;Rio Negro;05
4122305;412230510;Lageado dos Vieiras;10
4122305;412230515;Fazendinha;15
4122404;412240405;Rolândia;05
4122404;412240410;Nossa Senhora da Aparecida;10
4122404;412240420;São Martinho;20
4122503;412250305;Roncador;05
4122503;412250310;Alto do São João;10
4122602;412260205;Rondon;05
4122651;412265105;Rosário do Ivaí;05
4122701;412270105;Sabáudia;05
4122800;412280005;Salgado Filho;05
4122800;412280020;Tiradentes;20
4122909;412290905;Salto do Itararé;05
4123006;412300605;Salto do Lontra;05
4123105;412310505;Santa Amélia;05
4123204;412320405;Santa Cecília do Pavão;05
4123303;412330305;Santa Cruz de Monte Castelo;05
4123303;412330310;Santa Esmeralda;10
4123402;412340205;Santa Fé;05
4123501;412350105;Santa Helena;05
4123501;412350110;São Clemente;10
4123600;412360005;Santa Inês;05
4123709;412370905;Santa Isabel do Ivaí;05
4123709;412370915;São José do Ivaí;15
4123808;412380805;Santa Izabel do Oeste;05
4123808;412380810;Anunciação;10
4123808;412380815;Jacutinga;15
4123808;412380820;Rio da Prata;20
4123808;412380825;Sarandi;25
4123808;412380830;União do Oeste;30
4123824;412382405;Santa Lúcia;05
4123857;412385705;Santa Maria do Oeste;05
4123857;412385720;Ouro Verde;20
4123857;412385725;Rio do Tigre;25
4123857;412385730;São José;30
4123857;412385735;São Manoel;35
4123907;412390705;Santa Mariana;05
4123956;412395605;Santa Mônica;05
4123956;412395610;Aparecida do Ivaí;10
4124004;412400405;Santana do Itararé;05
4124020;412402005;Santa Tereza do Oeste;05
4124020;412402010;Santa Maria;10
4124053;412405305;Santa Terezinha de Itaipu;05
4124103;412410305;Santo Antônio da Platina;05
4124103;412410312;Conselheiro Zacarias;12
4124103;412410317;Monte Real;17
4124202;412420205;Santo Antônio do Caiuá;05
4124301;412430105;Santo Antônio do Paraíso;05
4124301;412430110;São Judas Tadeu;10
4124400;412440005;Santo Antônio do Sudoeste;05
4124400;412440015;Marcionópolis;15
4124400;412440030;São Pedro do Florido;30
4124509;412450905;Santo Inácio;05
4124608;412460805;São Carlos do Ivaí;05
4124608;412460810;Porto São Carlos;10
4124707;412470705;São Jerônimo da Serra;05
4124707;412470710;São João do Pinhal;10
4124707;412470715;Terra Nova;15
4124707;412470720;Vila Nova de Florença;20
4124806;412480605;São João;05
4124806;412480610;Dois Irmãos;10
4124806;412480615;Nova Lourdes;15
4124806;412480617;Ouro Verde;17
4124806;412480620;Vila Paraíso;20
4124905;412490505;São João do Caiuá;05
4125001;412500105;São João do Ivaí;05
4125001;412500115;Ubaúna;15
4125001;412500125;Luar;25
4125001;412500130;Santa Luzia da Alvorada;30
4125100;412510005;São João do Triunfo;05
4125100;412510010;Palmira;10
4125209;412520905;São Jorge d'Oeste;05
4125209;412520910;Doutor Antônio Paranhos;10
4125209;412520915;Iolópolis;15
4125209;412520917;Lagos do Iguaçu;17
4125209;412520920;Sede Nova Sant'Ana;20
4125308;412530805;São Jorge do Ivaí;05
4125308;412530810;Copacabana do Norte;10
4125357;412535705;São Jorge do Patrocínio;05
4125407;412540705;São José da Boa Vista;05
4125456;412545605;São José das Palmeiras;05
4125506;412550605;São José dos Pinhais;05
4125506;412550615;Colônia Murici;15
4125555;412555505;São Manoel do Paraná;05
4125605;412560505;São Mateus do Sul;05
4125605;412560510;Caitá;10
4125605;412560515;Fluviópolis;15
4125605;412560520;Lajeado;20
4125704;412570405;São Miguel do Iguaçu;05
4125704;412570410;Aurora do Iguaçu;10
4125704;412570420;São José do Iguaçu;20
4125704;412570430;São Jorge;30
4125704;412570435;Santa Rosa do Ocoi;35
4125753;412575305;São Pedro do Iguaçu;05
4125803;412580305;São Pedro do Ivaí;05
4125803;412580310;Mariza;10
4125902;412590205;São Pedro do Paraná;05
4125902;412590210;Porto São José;10
4126009;412600905;São Sebastião da Amoreira;05
4126108;412610805;São Tomé;05
4126207;412620705;Sapopema;05
4126207;412620710;Lambari;10
4126207;412620715;Vida Nova;15
4126256;412625605;Sarandi;05
4126272;412627205;Saudade do Iguaçu;05
4126306;412630605;Sengés;05
4126306;412630607;Ouro Verde;07
4126306;412630610;Reianópolis;10
4126355;412635505;Serranópolis do Iguaçu;05
4126405;412640505;Sertaneja;05
4126405;412640510;Paranagi;10
4126504;412650405;Sertanópolis;05
4126603;412660305;Siqueira Campos;05
4126603;412660310;Alemoa;10
4126652;412665205;Sulina;05
4126678;412667805;Tamarana;05
4126702;412670205;Tamboara;05
4126801;412680105;Tapejara;05
4126801;412680110;Bela Vista do Tapiracuí;10
4126900;412690005;Tapira;05
4127007;412700705;Teixeira Soares;05
4127007;412700720;Guaraúna;20
4127106;412710605;Telêmaco Borba;05
4127205;412720505;Terra Boa;05
4127304;412730405;Terra Rica;05
4127304;412730410;Adhemar de Barros;10
4127403;412740305;Terra Roxa;05
4127403;412740310;Santa Rita d'Oeste;10
4127502;412750205;Tibagi;05
4127502;412750210;Alto do Amparo;10
4127502;412750220;Caetano Mendes;20
4127601;412760105;Tijucas do Sul;05
4127700;412770005;Toledo;05
4127700;412770008;Concórdia do Oeste;08
4127700;412770010;Dez de Maio;10
4127700;412770015;Dois Irmãos;15
4127700;412770020;Novo Sarandi;20
4127700;412770025;São Luiz do Oeste;25
4127700;412770030;São Miguel;30
4127700;412770033;Vila Ipiranga;33
4127700;412770035;Vila Nova;35
4127700;412770040;Novo Sobradinho;40
4127809;412780905;Tomazina;05
4127809;412780910;Sapé;10
4127858;412785805;Três Barras do Paraná;05
4127882;412788205;Tunas do Paraná;05
4127908;412790805;Tuneiras do Oeste;05
4127908;412790810;Aparecida D'Oeste;10
4127908;412790815;Marabá;15
4127957;412795705;Tupãssi;05
4127965;412796505;Turvo;05
4127965;412796510;Faxinal da Boa Vista;10
4128005;412800505;Ubiratã;05
4128005;412800510;Yolanda;10
4128104;412810405;Umuarama;05
4128104;412810415;Lovat;15
4128104;412810425;Roberto Silveira;25
4128104;412810430;Santa Eliza;30
4128104;412810435;Serra dos Dourados;35
4128203;412820305;União da Vitória;05
4128203;412820310;São Cristóvão;10
4128203;412820315;São Domingos;15
4128302;412830205;Uniflor;05
4128401;412840105;Uraí;05
4128401;412840110;Cruzeiro do Norte;10
4128500;412850005;Wenceslau Braz;05
4128534;412853405;Ventania;05
4128534;412853410;Novo Barro Preto;10
4128559;412855905;Vera Cruz do Oeste;05
4128609;412860905;Verê;05
4128609;412860910;Presidente Kennedy;10
4128609;412860915;Sede Progresso;15
4128625;412862505;Alto Paraíso;05
4128633;412863305;Doutor Ulysses;05
4128658;412865805;Virmond;05
4128708;412870805;Vitorino;05
4128807;412880705;Xambrê;05
4128807;412880710;Casa Branca;10
4128807;412880715;Eliza;15
4200051;420005105;Abdon Batista;05
4200101;420010105;Abelardo Luz;05
4200200;420020005;Agrolândia;05
4200309;420030905;Agronômica;05
4200408;420040805;Água Doce;05
4200408;420040810;Herciliópolis;10
4200507;420050705;Águas de Chapecó;05
4200556;420055605;Águas Frias;05
4200606;420060605;Águas Mornas;05
4200705;420070505;Alfredo Wagner;05
4200705;420070510;Arnópolis;10
4200705;420070515;Catuíra;15
4200705;420070520;São Leonardo;20
4200754;420075405;Alto Bela Vista;05
4200804;420080405;Anchieta;05
4200903;420090305;Angelina;05
4200903;420090310;Barra Clara;10
4200903;420090315;Garcia;15
4201000;420100005;Anita Garibaldi;05
4201000;420100015;Lagoa da Estiva;15
4201109;420110905;Anitápolis;05
4201208;420120805;Antônio Carlos;05
4201257;420125705;Apiúna;05
4201273;420127305;Arabutã;05
4201273;420127310;Nova Estrela;10
4201307;420130705;Araquari;05
4201307;420130710;Itapocu;10
4201406;420140605;Araranguá;05
4201406;420140610;Hercílio Luz;10
4201406;420140615;Balneário Morro dos Conventos;15
4201406;420140625;Sanga da Toca;25
4201505;420150505;Armazém;05
4201604;420160405;Arroio Trinta;05
4201653;420165305;Arvoredo;05
4201703;420170305;Ascurra;05
4201802;420180205;Atalanta;05
4201901;420190105;Aurora;05
4201950;420195005;Balneário Arroio do Silva;05
4202008;420200805;Balneário Camboriú;05
4202057;420205705;Balneário Barra do Sul;05
4202073;420207305;Balneário Gaivota;05
4202081;420208105;Bandeirante;05
4202099;420209905;Barra Bonita;05
4202107;420210705;Barra Velha;05
4202131;420213105;Bela Vista do Toldo;05
4202156;420215605;Belmonte;05
4202206;420220605;Benedito Novo;05
4202206;420220613;Barra São João;13
4202206;420220615;Santa Maria;15
4202305;420230505;Biguaçu;05
4202305;420230510;Guaporanga;10
4202305;420230515;Sorocaba do Sul;15
4202404;420240405;Blumenau;05
4202404;420240410;Itoupava;10
4202404;420240415;Grande Garcia;15
4202438;420243805;Bocaina do Sul;05
4202453;420245305;Bombinhas;05
4202503;420250305;Bom Jardim da Serra;05
4202537;420253705;Bom Jesus;05
4202578;420257805;Bom Jesus do Oeste;05
4202602;420260205;Bom Retiro;05
4202602;420260210;Canoas;10
4202701;420270105;Botuverá;05
4202800;420280005;Braço do Norte;05
4202859;420285905;Braço do Trombudo;05
4202875;420287505;Brunópolis;05
4202875;420287510;Marombas;10
4202909;420290905;Brusque;05
4203006;420300605;Caçador;05
4203006;420300615;Taquara Verde;15
4203105;420310505;Caibi;05
4203154;420315405;Calmon;05
4203204;420320405;Camboriú;05
4203204;420320410;Monte Alegre;10
4203253;420325305;Capão Alto;05
4203303;420330305;Campo Alegre;05
4203303;420330310;Bateias de Baixo;10
4203303;420330315;Fragosos;15
4203402;420340205;Campo Belo do Sul;05
4203501;420350105;Campo Erê;05
4203600;420360005;Campos Novos;05
4203600;420360010;Bela Vista;10
4203600;420360015;Dal'Pai;15
4203600;420360017;Encruzilhada;17
4203600;420360020;Espinilho;20
4203600;420360023;Ibicuí;23
4203600;420360026;Leão;26
4203600;420360045;Guarani;45
4203709;420370905;Canelinha;05
4203808;420380805;Canoinhas;05
4203808;420380812;Campo da Água Verde;12
4203808;420380815;Felipe Schmidt;15
4203808;420380820;Marcílio Dias;20
4203808;420380825;Paula Pereira;25
4203808;420380830;Pinheiros;30
4203907;420390705;Capinzal;05
4203907;420390710;Alto Alegre;10
4203956;420395605;Capivari de Baixo;05
4204004;420400405;Catanduvas;05
4204103;420410305;Caxambu do Sul;05
4204152;420415205;Celso Ramos;05
4204178;420417805;Cerro Negro;05
4204194;420419405;Chapadão do Lageado;05
4204202;420420205;Chapecó;05
4204202;420420210;Alto da Serra;10
4204202;420420220;Figueira;20
4204202;420420225;Gôio-En;25
4204202;420420240;Marechal Bormann;40
4204251;420425105;Cocal do Sul;05
4204301;420430105;Concórdia;05
4204301;420430115;Engenho Velho;15
4204301;420430120;Planalto;20
4204301;420430125;Presidente Kennedy;25
4204301;420430135;Santo Antônio;35
4204301;420430140;Tamanduá;40
4204350;420435005;Cordilheira Alta;05
4204350;420435010;Fernando Machado;10
4204400;420440005;Coronel Freitas;05
4204459;420445905;Coronel Martins;05
4204509;420450905;Corupá;05
4204558;420455805;Correia Pinto;05
4204608;420460805;Criciúma;05
4204608;420460815;Rio Maina;15
4204707;420470705;Cunha Porã;05
4204756;420475605;Cunhataí;05
4204806;420480605;Curitibanos;05
4204806;420480613;Marombas Bossardi;13
4204806;420480617;Santa Cruz do Pery;17
4204905;420490505;Descanso;05
4204905;420490515;Itajubá;15
4205001;420500105;Dionísio Cerqueira;05
4205001;420500107;Idamar;07
4205001;420500109;Jorge Lacerda;09
4205001;420500110;São Pedro Tobias;10
4205100;420510005;Dona Emma;05
4205159;420515905;Doutor Pedrinho;05
4205175;420517505;Entre Rios;05
4205191;420519105;Ermo;05
4205209;420520905;Erval Velho;05
4205209;420520910;Barra Fria;10
4205308;420530805;Faxinal dos Guedes;05
4205308;420530810;Barra Grande;10
4205357;420535705;Flor do Sertão;05
4205407;420540705;Florianópolis;05
4205407;420540708;Barra da Lagoa;08
4205407;420540710;Cachoeira do Bom Jesus;10
4205407;420540712;Campeche;12
4205407;420540715;Canasvieiras;15
4205407;420540720;Ingleses;20
4205407;420540725;Lagoa da Conceição;25
4205407;420540730;Pântano do Sul;30
4205407;420540735;Ratones;35
4205407;420540740;Ribeirão da Ilha;40
4205407;420540745;Santo Antônio de Lisboa;45
4205407;420540750;Rio Vermelho;50
4205407;420540751;Trindade;51
4205407;420540752;Saco Grande;52
4205407;420540753;Saco dos Limões;53
4205407;420540754;Estreito;54
4205407;420540755;Coqueiros;55
4205407;420540756;Tapera da Base;56
4205431;420543105;Formosa do Sul;05
4205456;420545605;Forquilhinha;05
4205506;420550605;Fraiburgo;05
4205555;420555505;Frei Rogério;05
4205555;420555510;Núcleo Tritícola;10
4205605;420560505;Galvão;05
4205704;420570405;Garopaba;05
4205803;420580305;Garuva;05
4205902;420590205;Gaspar;05
4206009;420600905;Governador Celso Ramos;05
4206108;420610805;Grão-Pará;05
4206108;420610810;Aiurê;10
4206108;420610815;Invernada;15
4206207;420620705;Gravatal;05
4206306;420630605;Guabiruba;05
4206405;420640505;Guaraciaba;05
4206405;420640520;Ouro Verde;20
4206504;420650405;Guaramirim;05
4206603;420660305;Guarujá do Sul;05
4206652;420665205;Guatambú;05
4206652;420665210;Fazenda Zandavalli;10
4206702;420670205;Herval d'Oeste;05
4206751;420675105;Ibiam;05
4206801;420680105;Ibicaré;05
4206900;420690005;Ibirama;05
4206900;420690010;Dalbérgia;10
4207007;420700705;Içara;05
4207106;420710605;Ilhota;05
4207205;420720505;Imaruí;05
4207205;420720510;Rio d'Una;10
4207304;420730405;Imbituba;05
4207304;420730410;Mirim;10
4207304;420730415;Vila Nova;15
4207403;420740305;Imbuia;05
4207502;420750205;Indaial;05
4207577;420757705;Iomerê;05
4207601;420760105;Ipira;05
4207650;420765005;Iporã do Oeste;05
4207684;420768405;Ipuaçu;05
4207700;420770005;Ipumirim;05
4207759;420775905;Iraceminha;05
4207759;420775920;São José do Laranjal;20
4207809;420780905;Irani;05
4207858;420785805;Irati;05
4207908;420790805;Irineópolis;05
4207908;420790810;Poço Preto;10
4208005;420800505;Itá;05
4208104;420810405;Itaiópolis;05
4208104;420810410;Iraputã;10
4208104;420810415;Itaió;15
4208104;420810418;Moema;18
4208203;420820305;Itajaí;05
4208302;420830205;Itapema;05
4208401;420840105;Itapiranga;05
4208450;420845005;Itapoá;05
4208500;420850005;Ituporanga;05
4208500;420850010;Rio Bonito;10
4208609;420860905;Jaborá;05
4208708;420870805;Jacinto Machado;05
4208807;420880705;Jaguaruna;05
4208906;420890605;Jaraguá do Sul;05
4208955;420895505;Jardinópolis;05
4209003;420900305;Joaçaba;05
4209003;420900315;Nova Petrópolis;15
4209003;420900325;Santa Helena;25
4209102;420910205;Joinville;05
4209102;420910210;Pirabeiraba;10
4209151;420915105;José Boiteux;05
4209177;420917705;Jupiá;05
4209201;420920105;Lacerdópolis;05
4209201;420920110;São Roque;10
4209300;420930005;Lages;05
4209300;420930025;Índios;25
4209300;420930045;Santa Teresinha do Salto;45
4209409;420940905;Laguna;05
4209409;420940915;Ribeirão Pequeno;15
4209458;420945805;Lajeado Grande;05
4209508;420950805;Laurentino;05
4209607;420960705;Lauro Müller;05
4209607;420960710;Barro Branco;10
4209607;420960715;Guatá;15
4209706;420970605;Lebon Régis;05
4209706;420970610;São Sebastião do Sul;10
4209805;420980505;Leoberto Leal;05
4209854;420985405;Lindóia do Sul;05
4209904;420990405;Lontras;05
4210001;421000105;Luiz Alves;05
4210035;421003505;Luzerna;05
4210050;421005005;Macieira;05
4210100;421010005;Mafra;05
4210100;421010010;Bela Vista do Sul;10
4210100;421010015;Rio Preto do Sul;15
4210209;421020905;Major Gercino;05
4210209;421020910;Boiteuxburgo;10
4210209;421020915;Pinheiral;15
4210308;421030805;Major Vieira;05
4210407;421040705;Maracajá;05
4210506;421050605;Maravilha;05
4210555;421055505;Marema;05
4210605;421060505;Massaranduba;05
4210704;421070405;Matos Costa;05
4210803;421080305;Meleiro;05
4210803;421080315;Sapiranga;15
4210852;421085205;Mirim Doce;05
4210902;421090205;Modelo;05
4211009;421100905;Mondaí;05
4211058;421105805;Monte Carlo;05
4211108;421110805;Monte Castelo;05
4211108;421110820;Residência Fuck;20
4211207;421120705;Morro da Fumaça;05
4211207;421120710;Estação Cocal;10
4211256;421125605;Morro Grande;05
4211306;421130605;Navegantes;05
4211405;421140505;Nova Erechim;05
4211454;421145405;Nova Itaberaba;05
4211504;421150405;Nova Trento;05
4211504;421150410;Aguti;10
4211504;421150415;Claraíba;15
4211603;421160305;Nova Veneza;05
4211603;421160307;Nossa Senhora do Caravagio;07
4211603;421160310;São Bento Baixo;10
4211652;421165205;Novo Horizonte;05
4211702;421170205;Orleans;05
4211702;421170210;Pindotiba;10
4211702;421170215;Rio das Furnas;15
4211702;421170220;Barracão;20
4211702;421170225;Brusque do Sul;25
4211702;421170230;Rio Pinheiros;30
4211751;421175105;Otacílio Costa;05
4211801;421180105;Ouro;05
4211801;421180115;Santa Lúcia;15
4211850;421185005;Ouro Verde;05
4211876;421187605;Paial;05
4211892;421189205;Painel;05
4211900;421190005;Palhoça;05
4211900;421190010;Enseada de Brito;10
4212007;421200705;Palma Sola;05
4212007;421200710;Cerro Azul;10
4212007;421200720;Rene Damo;20
4212056;421205605;Palmeira;05
4212106;421210605;Palmitos;05
4212106;421210610;Diamantina;10
4212106;421210620;Oldemburg;20
4212106;421210625;Santa Lúcia;25
4212205;421220505;Papanduva;05
4212205;421220510;Nova Cultura;10
4212239;421223905;Paraíso;05
4212239;421223910;Grápia;10
4212254;421225405;Passo de Torres;05
4212254;421225410;Balneário Rosa do Mar;10
4212270;421227005;Passos Maia;05
4212304;421230405;Paulo Lopes;05
4212403;421240305;Pedras Grandes;05
4212403;421240310;Azambuja;10
4212502;421250205;Penha;05
4212601;421260105;Peritiba;05
4212650;421265005;Pescaria Brava;05
4212700;421270005;Petrolândia;05
4212700;421270010;Rio Antinha;10
4212809;421280905;Balneário Piçarras;05
4212908;421290805;Pinhalzinho;05
4212908;421290815;Machado;15
4213005;421300505;Pinheiro Preto;05
4213104;421310405;Piratuba;05
4213104;421310410;Uruguai;10
4213153;421315305;Planalto Alegre;05
4213203;421320305;Pomerode;05
4213302;421330205;Ponte Alta;05
4213351;421335105;Ponte Alta do Norte;05
4213401;421340105;Ponte Serrada;05
4213401;421340108;Baía Alta;08
4213500;421350005;Porto Belo;05
4213609;421360905;Porto União;05
4213609;421360910;Santa Cruz do Timbó;10
4213609;421360920;São Miguel da Serra;20
4213708;421370805;Pouso Redondo;05
4213708;421370810;Aterrado Torto;10
4213807;421380705;Praia Grande;05
4213807;421380710;Cachoeira de Fátima;10
4213906;421390605;Presidente Castello Branco;05
4214003;421400305;Presidente Getúlio;05
4214003;421400310;Mirador;10
4214102;421410205;Presidente Nereu;05
4214151;421415105;Princesa;05
4214201;421420105;Quilombo;05
4214300;421430005;Rancho Queimado;05
4214300;421430010;Taquaras;10
4214409;421440905;Rio das Antas;05
4214409;421440910;Ipoméia;10
4214508;421450805;Rio do Campo;05
4214607;421460705;Rio do Oeste;05
4214706;421470605;Rio dos Cedros;05
4214706;421470610;Cedro Alto;10
4214805;421480505;Rio do Sul;05
4214904;421490405;Rio Fortuna;05
4215000;421500005;Rio Negrinho;05
4215000;421500030;Vila de Volta Grande;30
4215059;421505905;Rio Rufino;05
4215075;421507505;Riqueza;05
4215109;421510905;Rodeio;05
4215208;421520805;Romelândia;05
4215307;421530705;Salete;05
4215356;421535605;Saltinho;05
4215406;421540605;Salto Veloso;05
4215455;421545505;Sangão;05
4215455;421545515;Morro Grande;15
4215505;421550505;Santa Cecília;05
4215554;421555405;Santa Helena;05
4215604;421560405;Santa Rosa de Lima;05
4215653;421565305;Santa Rosa do Sul;05
4215679;421567905;Santa Terezinha;05
4215679;421567915;Craveiro;15
4215679;421567925;Rio da Anta;25
4215687;421568705;Santa Terezinha do Progresso;05
4215695;421569505;Santiago do Sul;05
4215703;421570305;Santo Amaro da Imperatriz;05
4215752;421575205;São Bernardino;05
4215802;421580205;São Bento do Sul;05
4215901;421590105;São Bonifácio;05
4216008;421600805;São Carlos;05
4216057;421605705;São Cristóvão do Sul;05
4216107;421610705;São Domingos;05
4216107;421610715;Maratá;15
4216107;421610730;Vila Milani;30
4216206;421620605;São Francisco do Sul;05
4216206;421620610;Saí;10
4216255;421625505;São João do Oeste;05
4216305;421630505;São João Batista;05
4216305;421630510;Tijipió;10
4216354;421635405;São João do Itaperiú;05
4216404;421640405;São João do Sul;05
4216404;421640415;Vila Conceição;15
4216404;421640420;Vila Santa Catarina;20
4216503;421650305;São Joaquim;05
4216503;421650310;Pericó;10
4216503;421650313;Santa Izabel;13
4216503;421650315;São Sebastião do Arvoredo;15
4216602;421660205;São José;05
4216602;421660210;Barreiros;10
4216602;421660213;Centro Histórico de São José;13
4216701;421670105;São José do Cedro;05
4216701;421670110;Mariflor;10
4216701;421670112;Padre Reus;12
4216800;421680005;São José do Cerrito;05
4216800;421680010;Salto dos Marianos;10
4216909;421690905;São Lourenço do Oeste;05
4216909;421690910;Frederico Wastner;10
4216909;421690920;Presidente Juscelino;20
4216909;421690929;São Roque;29
4217006;421700605;São Ludgero;05
4217105;421710505;São Martinho;05
4217105;421710510;Vargem do Cedro;10
4217154;421715405;São Miguel da Boa Vista;05
4217204;421720405;São Miguel do Oeste;05
4217253;421725305;São Pedro de Alcântara;05
4217303;421730305;Saudades;05
4217303;421730310;Juvêncio;10
4217402;421740205;Schroeder;05
4217501;421750105;Seara;05
4217501;421750115;Caraíba;15
4217501;421750120;Nova Teutônia;20
4217550;421755005;Serra Alta;05
4217600;421760005;Siderópolis;05
4217709;421770905;Sombrio;05
4217709;421770909;Boa Esperança;09
4217709;421770915;Nova Guarita;15
4217758;421775805;Sul Brasil;05
4217808;421780805;Taió;05
4217808;421780815;Passo Manso;15
4217907;421790705;Tangará;05
4217907;421790715;Irakitan;15
4217907;421790720;Marari;20
4217956;421795605;Tigrinhos;05
4218004;421800405;Tijucas;05
4218103;421810305;Timbé do Sul;05
4218202;421820205;Timbó;05
4218251;421825105;Timbó Grande;05
4218301;421830105;Três Barras;05
4218301;421830110;São Cristóvão;10
4218350;421835005;Treviso;05
4218400;421840005;Treze de Maio;05
4218400;421840010;São Gabriel;10
4218509;421850905;Treze Tílias;05
4218608;421860805;Trombudo Central;05
4218707;421870705;Tubarão;05
4218756;421875605;Tunápolis;05
4218806;421880605;Turvo;05
4218806;421880620;Morro Chato;20
4218855;421885505;União do Oeste;05
4218905;421890505;Urubici;05
4218905;421890510;Águas Brancas;10
4218905;421890520;Santa Teresinha;20
4218954;421895405;Urupema;05
4219002;421900205;Urussanga;05
4219101;421910105;Vargeão;05
4219150;421915005;Vargem;05
4219176;421917605;Vargem Bonita;05
4219200;421920005;Vidal Ramos;05
4219309;421930905;Videira;05
4219309;421930910;Anta Gorda;10
4219309;421930925;Lourdes;25
4219358;421935805;Vitor Meireles;05
4219358;421935810;Barra da Prata;10
4219408;421940805;Witmarsum;05
4219507;421950705;Xanxerê;05
4219507;421950715;Cambuinzal;15
4219606;421960605;Xavantina;05
4219606;421960610;Linha das Palmeiras;10
4219705;421970505;Xaxim;05
4219705;421970511;Anita Garibaldi;11
4219705;421970516;Diadema;16
4219853;421985305;Zortéa;05
4220000;422000005;Balneário Rincão;05
4300034;430003405;Aceguá;05
4300034;430003415;Colônia Nova;15
4300034;430003425;Minuano;25
4300034;430003435;Rio Negro;35
4300059;430005905;Água Santa;05
4300059;430005915;Engenho Grande;15
4300059;430005925;Santo Antônio dos Pinheirinhos;25
4300059;430005928;São Caetano;28
4300109;430010905;Agudo;05
4300208;430020805;Ajuricaba;05
4300208;430020815;Medianeira;15
4300307;430030705;Alecrim;05
4300406;430040605;Alegrete;05
4300406;430040610;Passo Novo;10
4300455;430045505;Alegria;05
4300455;430045510;Espírito Santo;10
4300471;430047105;Almirante Tamandaré do Sul;05
4300471;430047115;Linha Vitória;15
4300471;430047130;Rincão do Segredo;30
4300505;430050505;Alpestre;05
4300505;430050510;Farinhas;10
4300505;430050515;Sertãozinho;15
4300505;430050520;Volta Grande;20
4300554;430055405;Alto Alegre;05
4300554;430055410;Linha Bonita;10
4300554;430055420;Santa Lúcia;20
4300554;430055425;São José;25
4300554;430055430;Treze de Maio;30
4300570;430057005;Alto Feliz;05
4300604;430060405;Alvorada;05
4300604;430060410;Estância Grande;10
4300638;430063805;Amaral Ferrador;05
4300646;430064605;Ametista do Sul;05
4300646;430064625;São Valentin da Gruta;25
4300661;430066105;André da Rocha;05
4300703;430070305;Anta Gorda;05
4300703;430070310;Itapuca;10
4300802;430080205;Antônio Prado;05
4300802;430080207;Linha 21 de Abril;07
4300802;430080230;Santana;30
4300851;430085105;Arambaré;05
4300851;430085120;Santa Rita do Sul;20
4300877;430087705;Araricá;05
4300901;430090105;Aratiba;05
4300901;430090115;Dourado;15
4300901;430090118;Pio X;18
4300901;430090120;Rio Azul;20
4300901;430090125;Três Barras;25
4300901;430090130;Volta Fechada;30
4301008;430100805;Arroio do Meio;05
4301008;430100816;Forqueta;16
4301008;430100818;Palmas;18
4301008;430100830;Vale do Arroio Grande;30
4301057;430105705;Arroio do Sal;05
4301073;430107305;Arroio do Padre;05
4301107;430110705;Arroio dos Ratos;05
4301206;430120605;Arroio do Tigre;05
4301206;430120610;Coloninha;10
4301206;430120618;Linha Ocidental;18
4301206;430120625;Vila Progresso;25
4301206;430120635;Sítio Alto;35
4301206;430120640;Taboãozinho;40
4301206;430120645;Taquaral;45
4301305;430130505;Arroio Grande;05
4301305;430130510;Mauá;10
4301305;430130515;Pedreiras;15
4301305;430130520;Santa Izabel do Sul;20
4301404;430140405;Arvorezinha;05
4301404;430140420;Pinhal Queimado;20
4301503;430150305;Augusto Pestana;05
4301503;430150310;Rosário;10
4301552;430155205;Áurea;05
4301602;430160205;Bagé;05
4301602;430160217;Joca Tavares;17
4301602;430160220;José Otávio;20
4301602;430160221;Palmas;21
4301602;430160222;Piraí;22
4301636;430163605;Balneário Pinhal;05
4301636;430163610;Magistério;10
4301636;430163615;Túnel Verde;15
4301651;430165105;Barão;05
4301651;430165110;Arroio Canoas;10
4301651;430165125;Francesa Alta;25
4301651;430165127;Francesa Baixa;27
4301651;430165130;General Neto;30
4301701;430170105;Barão de Cotegipe;05
4301750;430175005;Barão do Triunfo;05
4301800;430180005;Barracão;05
4301800;430180010;Espigão Alto;10
4301859;430185905;Barra do Guarita;05
4301875;430187505;Barra do Quaraí;05
4301875;430187515;Francisco Borges;15
4301875;430187518;Guterrez;18
4301875;430187525;Passo da Cruz;25
4301909;430190905;Barra do Ribeiro;05
4301909;430190910;Douradilho;10
4301925;430192505;Barra do Rio Azul;05
4301958;430195805;Barra Funda;05
4302006;430200605;Barros Cassal;05
4302055;430205505;Benjamin Constant do Sul;05
4302105;430210505;Bento Gonçalves;05
4302105;430210507;São Pedro;07
4302105;430210510;Faria Lemos;10
4302105;430210530;Tuiuty;30
4302105;430210540;Vale dos Vinhedos;40
4302154;430215405;Boa Vista das Missões;05
4302154;430215430;São João;30
4302204;430220405;Boa Vista do Buricá;05
4302220;430222005;Boa Vista do Cadeado;05
4302220;430222015;Cadeado;15
4302220;430222020;Capela;20
4302220;430222025;Faxinal;25
4302220;430222030;Formigueiro;30
4302220;430222040;Ponte Queimada;40
4302220;430222045;Rincão do Tigre;45
4302238;430223805;Boa Vista do Incra;05
4302253;430225305;Boa Vista do Sul;05
4302303;430230305;Bom Jesus;05
4302303;430230308;Capão do Tigre;08
4302303;430230311;Capela São Francisco;11
4302303;430230313;Casa Branca;13
4302303;430230315;Itaimbezinho;15
4302303;430230320;Santo Inácio;20
4302352;430235205;Bom Princípio;05
4302378;430237805;Bom Progresso;05
4302402;430240205;Bom Retiro do Sul;05
4302402;430240215;Pinhal;15
4302451;430245105;Boqueirão do Leão;05
4302501;430250105;Bossoroca;05
4302501;430250107;Esquina Piratini;07
4302501;430250110;Ivaí;10
4302501;430250115;Timbaúva;15
4302584;430258405;Bozano;05
4302584;430258425;Salto;25
4302600;430260005;Braga;05
4302600;430260010;Pedro Gárcia;10
4302659;430265905;Brochier;05
4302659;430265920;Linha Pinheiro Machado;20
4302709;430270905;Butiá;05
4302709;430270910;Cerro do Roque;10
4302808;430280805;Caçapava do Sul;05
4302808;430280810;Bom Jardim;10
4302808;430280815;Carajá Seival;15
4302808;430280820;Cerro do Martins;20
4302808;430280825;Forninho;25
4302808;430280830;Santa Bárbara;30
4302907;430290705;Cacequi;05
4302907;430290710;Saicã;10
4302907;430290715;Umbu;15
4303004;430300405;Cachoeira do Sul;05
4303004;430300410;Barro Vermelho;10
4303004;430300412;Bosque;12
4303004;430300415;Capané;15
4303004;430300425;Cordilheira;25
4303004;430300430;Ferreira;30
4303004;430300445;Três Vendas;45
4303103;430310305;Cachoeirinha;05
4303202;430320205;Cacique Doble;05
4303202;430320210;São Luís Rei;10
4303301;430330105;Caibaté;05
4303400;430340005;Caiçara;05
4303400;430340010;Ipuaçu;10
4303509;430350905;Camaquã;05
4303509;430350912;Bandeirinha;12
4303509;430350915;Banhado do Colégio;15
4303509;430350920;Bonito;20
4303509;430350922;Capela Santo Antônio;22
4303509;430350925;Capela Velha;25
4303509;430350935;Pacheca;35
4303509;430350940;Sant'Auta;40
4303558;430355805;Camargo;05
4303558;430355810;Paraíso;10
4303608;430360805;Cambará do Sul;05
4303608;430360810;Bom Retiro;10
4303608;430360815;Osvaldo Kroeff;15
4303673;430367305;Campestre da Serra;05
4303707;430370705;Campina das Missões;05
4303806;430380605;Campinas do Sul;05
4303905;430390505;Campo Bom;05
4304002;430400205;Campo Novo;05
4304002;430400215;Vila Turvo;15
4304101;430410105;Campos Borges;05
4304101;430410115;Linha Ferrari;15
4304101;430410120;Mundo Novo;20
4304101;430410125;Rincão dos Toledos;25
4304101;430410130;São José dos Campos Borges;30
4304101;430410135;Varame;35
4304101;430410140;Volta Vitória;40
4304200;430420005;Candelária;05
4304200;430420010;Botucaraí;10
4304200;430420015;Linha Brasil;15
4304200;430420020;Linha do Rio;20
4304200;430420025;Pinheiro;25
4304200;430420030;Vila União;30
4304309;430430905;Cândido Godói;05
4304358;430435805;Candiota;05
4304358;430435810;Baú;10
4304358;430435820;Jaguarão Grande;20
4304358;430435825;Passo Real de Candiota;25
4304358;430435830;Seival;30
4304408;430440805;Canela;05
4304507;430450705;Canguçu;05
4304507;430450710;Quarto Distrito;10
4304507;430450715;Quinto Distrito;15
4304507;430450720;Segundo Distrito;20
4304507;430450725;Terceiro Distrito;25
4304606;430460605;Canoas;05
4304614;430461405;Canudos do Vale;05
4304622;430462205;Capão Bonito do Sul;05
4304622;430462210;Barretos;10
4304630;430463005;Capão da Canoa;05
4304630;430463006;Arroio Teixeira;06
4304630;430463007;Capão Novo;07
4304630;430463010;Curumim;10
4304655;430465505;Capão do Cipó;05
4304663;430466305;Capão do Leão;05
4304663;430466310;Hidráulica;10
4304663;430466315;Passo das Pedras;15
4304663;430466320;Pavão;20
4304671;430467105;Capivari do Sul;05
4304671;430467110;Rancho Velho;10
4304671;430467115;Santa Rosa;15
4304689;430468905;Capela de Santana;05
4304689;430468910;Pareci Velho;10
4304689;430468915;Passo Taquara;15
4304689;430468920;San Martin;20
4304689;430468925;Paquete;25
4304689;430468930;Sanga Funda;30
4304697;430469705;Capitão;05
4304705;430470505;Carazinho;05
4304705;430470525;Pinheiro Marcado;25
4304705;430470533;São Bento;33
4304713;430471305;Caraá;05
4304804;430480405;Carlos Barbosa;05
4304804;430480410;Arco Verde;10
4304804;430480413;Cinco da Boa Vista;13
4304804;430480420;Santa Luiza;20
4304804;430480425;Santo Antônio de Castro;25
4304853;430485305;Carlos Gomes;05
4304903;430490305;Casca;05
4304903;430490310;Evangelista;10
4304952;430495205;Caseiros;05
4305009;430500905;Catuípe;05
4305009;430500910;Colônia das Almas;10
4305009;430500912;Esquina Bom Sucesso;12
4305009;430500913;Esquina Brasil Neves;13
4305009;430500917;Passo Burmann;17
4305009;430500918;Pontão Santo Antônio;18
4305009;430500920;Santa Tereza;20
4305108;430510805;Caxias do Sul;05
4305108;430510815;Criúva;15
4305108;430510820;Fazenda Souza;20
4305108;430510835;Oliva;35
4305108;430510840;Santa Lúcia do Piaí;40
4305108;430510845;Seca;45
4305108;430510850;Vila Cristina;50
4305116;430511605;Centenário;05
4305124;430512405;Cerrito;05
4305124;430512410;Alto Alegre;10
4305124;430512415;Vila Freire;15
4305132;430513205;Cerro Branco;05
4305157;430515705;Cerro Grande;05
4305173;430517305;Cerro Grande do Sul;05
4305207;430520705;Cerro Largo;05
4305207;430520713;Santo Antônio;13
4305207;430520714;São Francisco;14
4305306;430530605;Chapada;05
4305306;430530610;Boi Preto;10
4305306;430530615;Santana;15
4305306;430530620;São Miguel;20
4305306;430530625;Tesouras;25
4305306;430530630;Vila Rica;30
4305355;430535505;Charqueadas;05
4305371;430537105;Charrua;05
4305405;430540505;Chiapetta;05
4305439;430543905;Chuí;05
4305447;430544705;Chuvisca;05
4305454;430545405;Cidreira;05
4305454;430545409;Costa do Sol;09
4305504;430550405;Ciríaco;05
4305504;430550407;Cruzaltinha;07
4305504;430550415;São João Bosco;15
4305587;430558705;Colinas;05
4305603;430560305;Colorado;05
4305603;430560310;Vista Alegre;10
4305702;430570205;Condor;05
4305801;430580105;Constantina;05
4305801;430580106;Barra Curta Baixa;06
4305801;430580107;Capinzal;07
4305801;430580114;São Marcos Baixo;14
4305835;430583505;Coqueiro Baixo;05
4305835;430583510;Arroio da Laje;10
4305850;430585005;Coqueiros do Sul;05
4305850;430585015;Igrejinha;15
4305850;430585020;Rio Bonito;20
4305850;430585022;Serra do Pontão;22
4305850;430585025;Xadrez;25
4305871;430587105;Coronel Barros;05
4305871;430587110;Linha 8;10
4305900;430590005;Coronel Bicaco;05
4305900;430590010;Antônio Kerpel;10
4305900;430590015;Campo Santo;15
4305900;430590020;Turvinho;20
4305934;430593405;Coronel Pilar;05
4305959;430595905;Cotiporã;05
4305959;430595910;Lageado Bonito;10
4305975;430597505;Coxilha;05
4306007;430600705;Crissiumal;05
4306007;430600710;Esquina Gaúcha;10
4306007;430600715;Lajeado Grande;15
4306007;430600720;Planalto;20
4306007;430600730;Vista Nova;30
4306056;430605605;Cristal;05
4306056;430605610;Bom Será;10
4306056;430605615;Cordeiro;15
4306056;430605625;Passo do Mendonça;25
4306072;430607205;Cristal do Sul;05
4306106;430610605;Cruz Alta;05
4306106;430610613;Colônia São João;13
4306130;430613005;Cruzaltense;05
4306205;430620505;Cruzeiro do Sul;05
4306304;430630405;David Canabarro;05
4306320;430632005;Derrubadas;05
4306353;430635305;Dezesseis de Novembro;05
4306379;430637905;Dilermando de Aguiar;05
4306403;430640305;Dois Irmãos;05
4306429;430642905;Dois Irmãos das Missões;05
4306452;430645205;Dois Lajeados;05
4306502;430650205;Dom Feliciano;05
4306551;430655105;Dom Pedro de Alcântara;05
4306551;430655110;Arroio dos Mengues;10
4306551;430655115;Morro dos Leffas;15
4306551;430655120;Porto Colônia;20
4306601;430660105;Dom Pedrito;05
4306601;430660110;Torquato Severo;10
4306700;430670005;Dona Francisca;05
4306734;430673405;Doutor Maurício Cardoso;05
4306734;430673415;Pitanga;15
4306734;430673420;Pranchada;20
4306759;430675905;Doutor Ricardo;05
4306767;430676705;Eldorado do Sul;05
4306767;430676710;Bom Retiro;10
4306767;430676715;Parque Eldorado;15
4306809;430680905;Encantado;05
4306809;430680925;Valdástico;25
4306908;430690805;Encruzilhada do Sul;05
4306908;430690809;Capitão Noronha;09
4306908;430690815;Cerro Partido;15
4306908;430690820;Coronel Prestes;20
4306908;430690825;Maria Santa;25
4306908;430690830;Pompeu Machado;30
4306908;430690835;Santa Bárbara;35
4306924;430692405;Engenho Velho;05
4306932;430693205;Entre-Ijuís;05
4306957;430695705;Entre Rios do Sul;05
4306973;430697305;Erebango;05
4307005;430700505;Erechim;05
4307005;430700510;Capo-Erê;10
4307005;430700515;Jaguaretê;15
4307054;430705405;Ernestina;05
4307104;430710405;Herval;05
4307104;430710410;Basílio;10
4307104;430710415;Bote;15
4307104;430710420;Cerro Chato;20
4307104;430710425;Coxilha do Lageado;25
4307104;430710430;Jaguarão Chico;30
4307104;430710435;Mingote;35
4307203;430720305;Erval Grande;05
4307203;430720310;Goio-Êm;10
4307203;430720315;Pinhalzinho;15
4307203;430720320;Santana;20
4307203;430720325;Sete de Setembro;25
4307302;430730205;Erval Seco;05
4307302;430730210;Arco Íris;10
4307302;430730212;Capivara;12
4307302;430730215;Coronel Finzito;15
4307302;430730222;Fortaleza;22
4307302;430730225;São Bom Jesus;25
4307302;430730240;Vista Gaúcha;40
4307401;430740105;Esmeralda;05
4307401;430740110;São Sebastião;10
4307450;430745005;Esperança do Sul;05
4307450;430745007;Açoita Cavalo;07
4307450;430745008;Bom Jardim;08
4307450;430745010;Lara;10
4307450;430745020;Ismael;20
4307500;430750005;Espumoso;05
4307500;430750015;Avelino Paranhos;15
4307500;430750020;Campina Redonda;20
4307500;430750030;Depósito;30
4307500;430750050;Volta Alegre;50
4307559;430755905;Estação;05
4307609;430760905;Estância Velha;05
4307708;430770805;Esteio;05
4307807;430780705;Estrela;05
4307807;430780723;Costão;23
4307807;430780726;Novo Paraíso;26
4307807;430780727;Delfina;27
4307807;430780735;Glória;35
4307815;430781505;Estrela Velha;05
4307815;430781510;Itaúba;10
4307815;430781515;Rincão da Estrela;15
4307815;430781520;São Luiz;20
4307831;430783105;Eugênio de Castro;05
4307864;430786405;Fagundes Varela;05
4307906;430790605;Farroupilha;05
4307906;430790610;Jansen;10
4307906;430790615;Nova Milano;15
4307906;430790620;Nova Sardenha;20
4308003;430800305;Faxinal do Soturno;05
4308052;430805205;Faxinalzinho;05
4308052;430805210;Coxilhão;10
4308052;430805215;Votouro;15
4308052;430805220;Faxinal Grande;20
4308052;430805225;Nossa Senhora dos Navegantes;25
4308078;430807805;Fazenda Vilanova;05
4308102;430810205;Feliz;05
4308201;430820105;Flores da Cunha;05
4308201;430820108;Mato Perso;08
4308201;430820115;Otávio Rocha;15
4308250;430825005;Floriano Peixoto;05
4308300;430830005;Fontoura Xavier;05
4308300;430830007;Campo Novo;07
4308300;430830010;Gramado São Pedro;10
4308300;430830020;Linha Silveira;20
4308300;430830035;Três Pinheiros;35
4308409;430840905;Formigueiro;05
4308433;430843305;Forquetinha;05
4308458;430845805;Fortaleza dos Valos;05
4308458;430845815;Fazenda Colorado;15
4308508;430850805;Frederico Westphalen;05
4308508;430850810;Castelinho;10
4308508;430850815;Osvaldo Cruz;15
4308508;430850818;São João do Porto;18
4308607;430860705;Garibaldi;05
4308607;430860725;Marcorama;25
4308607;430860728;São José de Costa Real;28
4308656;430865605;Garruchos;05
4308706;430870605;Gaurama;05
4308706;430870615;Baliza;15
4308805;430880505;General Câmara;05
4308805;430880508;Boca da Picada;08
4308805;430880510;Boqueirão;10
4308805;430880525;Santo Amaro do Sul;25
4308854;430885405;Gentil;05
4308854;430885410;Campo do Meio;10
4308904;430890405;Getúlio Vargas;05
4308904;430890425;Rio Toldo;25
4308904;430890430;Souza Ramos;30
4309001;430900105;Giruá;05
4309001;430900110;Cândido Freire;10
4309001;430900120;Mato Grande;20
4309001;430900122;Quinze de Novembro;22
4309001;430900123;Rincão dos Mellos;23
4309001;430900124;Rincão Maciel;24
4309001;430900126;São Paulo das Tunas;26
4309001;430900135;Boca da Picada;35
4309050;430905005;Glorinha;05
4309050;430905010;Capão Grande;10
4309050;430905015;Maracanã;15
4309050;430905020;Vila Nova;20
4309100;430910005;Gramado;05
4309126;430912605;Gramado dos Loureiros;05
4309159;430915905;Gramado Xavier;05
4309209;430920905;Gravataí;05
4309209;430920915;Barro Vermelho;15
4309209;430920930;Ipiranga;30
4309209;430920933;Itacolomi;33
4309209;430920935;Morungava;35
4309258;430925805;Guabiju;05
4309308;430930805;Guaíba;05
4309407;430940705;Guaporé;05
4309407;430940707;Colombo;07
4309407;430940735;Santo Antônio;35
4309506;430950605;Guarani das Missões;05
4309506;430950609;Linha Harmonia;09
4309506;430950620;Linha Porto Alegre;20
4309555;430955505;Harmonia;05
4309571;430957105;Herveiras;05
4309605;430960505;Horizontina;05
4309605;430960510;Cascata;10
4309654;430965405;Hulha Negra;05
4309704;430970405;Humaitá;05
4309753;430975305;Ibarama;05
4309803;430980305;Ibiaçá;05
4309803;430980310;Rio Telha;10
4309803;430980315;Vitória;15
4309902;430990205;Ibiraiaras;05
4309902;430990207;Nossa Senhora da Saúde;07
4309902;430990209;São Luiz;09
4309902;430990210;São Sebastião;10
4309951;430995105;Ibirapuitã;05
4310009;431000905;Ibirubá;05
4310009;431000910;Alfredo Brenner;10
4310009;431000920;Santo Antônio do Bom Retiro;20
4310108;431010805;Igrejinha;05
4310207;431020705;Ijuí;05
4310207;431020707;Alto da União;07
4310207;431020708;Barreiro;08
4310207;431020710;Chorão;10
4310207;431020725;Floresta;25
4310207;431020727;Itaí;27
4310207;431020730;Mauá;30
4310207;431020737;Santana;37
4310207;431020740;Santo Antônio;40
4310207;431020750;Linha 6 Norte;50
4310207;431020755;Esquina Heidmann;55
4310306;431030605;Ilópolis;05
4310330;431033005;Imbé;05
4310363;431036305;Imigrante;05
4310405;431040505;Independência;05
4310405;431040510;Colônia Medeiros;10
4310405;431040515;Esquina Araújo;15
4310405;431040520;São Valentim;20
4310413;431041305;Inhacorá;05
4310439;431043905;Ipê;05
4310439;431043920;Vila São Paulo;20
4310439;431043925;Vila Segredo;25
4310462;431046205;Ipiranga do Sul;05
4310504;431050405;Iraí;05
4310504;431050430;Vila Salete;30
4310538;431053805;Itaara;05
4310553;431055305;Itacurubi;05
4310579;431057905;Itapuca;05
4310603;431060305;Itaqui;05
4310603;431060312;Ibicuí;12
4310603;431060330;Itaó;30
4310603;431060340;Pintado;40
4310603;431060345;Tupuraí;45
4310652;431065205;Itati;05
4310702;431070205;Itatiba do Sul;05
4310702;431070210;Povoado Tozzo;10
4310702;431070215;Saltinho;15
4310702;431070220;Sete Lagoas;20
4310751;431075105;Ivorá;05
4310801;431080105;Ivoti;05
4310850;431085005;Jaboticaba;05
4310850;431085020;Trentin;20
4310876;431087605;Jacuizinho;05
4310900;431090005;Jacutinga;05
4310900;431090012;Barão Hirsch;12
4311007;431100705;Jaguarão;05
4311106;431110605;Jaguari;05
4311106;431110610;Ijucapirama;10
4311106;431110617;Santo Izidro;17
4311106;431110620;Taquarichim;20
4311122;431112205;Jaquirana;05
4311122;431112210;Chapada;10
4311130;431113005;Jari;05
4311155;431115505;Jóia;05
4311205;431120505;Júlio de Castilhos;05
4311205;431120525;São João dos Mellos;25
4311205;431120530;Três Mártires;30
4311239;431123905;Lagoa Bonita do Sul;05
4311254;431125405;Lagoão;05
4311270;431127005;Lagoa dos Três Cantos;05
4311270;431127020;Linha Glória;20
4311304;431130405;Lagoa Vermelha;05
4311304;431130408;Boqueirão;08
4311304;431130411;Campinas;11
4311304;431130414;Capão do Cedro;14
4311304;431130425;Clemente Argolo;25
4311304;431130427;Nossa Senhora de Fátima;27
4311304;431130430;Santa Luzia;30
4311304;431130435;Tupinambá;35
4311403;431140305;Lajeado;05
4311429;431142905;Lajeado do Bugre;05
4311502;431150205;Lavras do Sul;05
4311502;431150210;Ibaré;10
4311601;431160105;Liberato Salzano;05
4311601;431160110;Pinhalzinho;10
4311627;431162705;Lindolfo Collor;05
4311643;431164305;Linha Nova;05
4311700;431170005;Machadinho;05
4311700;431170010;Bela Vista;10
4311718;431171805;Maçambará;05
4311718;431171810;Bororé;10
4311718;431171815;Encruzilhada;15
4311718;431171820;Passo do Goulart;20
4311734;431173405;Mampituba;05
4311734;431173410;Rio de Dentro;10
4311734;431173415;Roça da Estância;15
4311759;431175905;Manoel Viana;05
4311759;431175910;Barragem do Itú;10
4311759;431175920;Pirajú;20
4311775;431177505;Maquiné;05
4311775;431177510;Barra do Ouro;10
4311775;431177515;Morro Alto;15
4311791;431179105;Maratá;05
4311791;431179115;Esperança;15
4311791;431179120;Macega;20
4311791;431179125;São Pedro do Maratá;25
4311809;431180905;Marau;05
4311809;431180909;Laranjeira;09
4311809;431180917;Veado Pardo;17
4311809;431180935;São Miguel;35
4311908;431190805;Marcelino Ramos;05
4311908;431190810;Coronel Teixeira;10
4311908;431190820;Pinhalzinho;20
4311981;431198105;Mariana Pimentel;05
4312005;431200505;Mariano Moro;05
4312054;431205405;Marques de Souza;05
4312054;431205410;Bela Vista do Fão;10
4312054;431205415;Tamanduá;15
4312104;431210405;Mata;05
4312104;431210410;Clara;10
4312138;431213805;Mato Castelhano;05
4312138;431213810;Capingui;10
4312153;431215305;Mato Leitão;05
4312153;431215315;Arroio Bonito;15
4312153;431215340;Sampaio;40
4312153;431215345;Santo Antônio;45
4312179;431217905;Mato Queimado;05
4312203;431220305;Maximiliano de Almeida;05
4312252;431225205;Minas do Leão;05
4312302;431230205;Miraguaí;05
4312302;431230210;Sítio Gabriel;10
4312302;431230215;Tronqueiras;15
4312351;431235105;Montauri;05
4312377;431237705;Monte Alegre dos Campos;05
4312377;431237710;Capela da Luz;10
4312377;431237715;Carmo;15
4312377;431237720;Enxovia;20
4312377;431237725;Passo do Carro;25
4312377;431237730;Ranchinho;30
4312377;431237735;Santo Antonio;35
4312377;431237738;São Francisco;38
4312377;431237740;São José;40
4312377;431237745;São Judas;45
4312377;431237750;Saúde;50
4312385;431238505;Monte Belo do Sul;05
4312401;431240105;Montenegro;05
4312401;431240113;Costa da Serra;13
4312401;431240118;Fortaleza;18
4312401;431240127;Pesqueiro;27
4312401;431240135;Santos Reis;35
4312401;431240140;Vendinha;40
4312427;431242705;Mormaço;05
4312443;431244305;Morrinhos do Sul;05
4312443;431244310;Costão;10
4312443;431244315;Morro de Dentro;15
4312443;431244320;Morro do Forno;20
4312450;431245005;Morro Redondo;05
4312476;431247605;Morro Reuter;05
4312500;431250005;Mostardas;05
4312500;431250010;Doutor Edgardo Pereira Velho;10
4312500;431250013;Rincão do Cristóvão Pereira;13
4312500;431250015;São Simão;15
4312609;431260905;Muçum;05
4312617;431261705;Muitos Capões;05
4312617;431261710;Bom Retiro;10
4312617;431261715;Capão Grande;15
4312617;431261720;Encruzilhada São Sebastião;20
4312617;431261725;Fazenda Laranjeiras;25
4312617;431261735;Morro Grande;35
4312617;431261745;Santa Rita;45
4312617;431261750;Várzea dos Antunes;50
4312617;431261755;Vila Ituim;55
4312625;431262505;Muliterno;05
4312658;431265805;Não-Me-Toque;05
4312658;431265815;São José do Centro;15
4312674;431267405;Nicolau Vergueiro;05
4312708;431270805;Nonoai;05
4312757;431275705;Nova Alvorada;05
4312757;431275715;General Cadorna;15
4312807;431280705;Nova Araçá;05
4312906;431290605;Nova Bassano;05
4312955;431295505;Nova Boa Vista;05
4313003;431300305;Nova Bréscia;05
4313011;431301105;Nova Candelária;05
4313037;431303705;Nova Esperança do Sul;05
4313060;431306005;Nova Hartz;05
4313086;431308605;Nova Pádua;05
4313102;431310205;Nova Palma;05
4313102;431310210;Canhemborá;10
4313102;431310215;Vila Cruz;15
4313201;431320105;Nova Petrópolis;05
4313201;431320107;Dos Boêmios;07
4313201;431320115;Pinhal Alto;15
4313201;431320120;Vale do Rio Caí;20
4313300;431330005;Nova Prata;05
4313334;431333405;Nova Ramada;05
4313359;431335905;Nova Roma do Sul;05
4313375;431337505;Nova Santa Rita;05
4313391;431339105;Novo Cabrais;05
4313409;431340905;Novo Hamburgo;05
4313425;431342505;Novo Machado;05
4313425;431342515;Pratos;15
4313441;431344105;Novo Tiradentes;05
4313466;431346605;Novo Xingu;05
4313490;431349005;Novo Barreiro;05
4313508;431350805;Osório;05
4313508;431350811;Aguapés;11
4313508;431350827;Atlântida-Sul;27
4313508;431350828;Borussia;28
4313508;431350835;Passinhos;35
4313508;431350845;Santa Luzia;45
4313607;431360705;Paim Filho;05
4313656;431365605;Palmares do Sul;05
4313656;431365615;Bacupari;15
4313656;431365616;Butiatuva;16
4313656;431365617;Casa Velha;17
4313656;431365620;Granja Getúlio Vargas;20
4313656;431365625;Frei Sebastião;25
4313656;431365630;Quintão;30
4313706;431370605;Palmeira das Missões;05
4313706;431370617;Quebrado;17
4313706;431370642;Santa Rosa;42
4313706;431370645;Santa Teresinha;45
4313706;431370652;São Bento;52
4313805;431380505;Palmitinho;05
4313904;431390405;Panambi;05
4313953;431395305;Pantano Grande;05
4313953;431395310;Aroeiras;10
4313953;431395320;Monte Castelo;20
4313953;431395330;Várzea;30
4314001;431400105;Paraí;05
4314027;431402705;Paraíso do Sul;05
4314035;431403505;Pareci Novo;05
4314050;431405005;Parobé;05
4314050;431405012;Poço Fundo;12
4314050;431405015;Santa Cristina;15
4314068;431406805;Passa Sete;05
4314068;431406810;Campo de Sobradinho;10
4314068;431406820;Murta;20
4314068;431406830;Pitingal;30
4314076;431407605;Passo do Sobrado;05
4314100;431410005;Passo Fundo;05
4314100;431410010;Bela Vista;10
4314100;431410017;Bom Recreio;17
4314100;431410035;Pulador;35
4314100;431410040;São Roque;40
4314100;431410045;Sede Independência;45
4314100;431410050;Santo Antônio do Capinzal;50
4314134;431413405;Paulo Bento;05
4314159;431415905;Paverama;05
4314159;431415915;Fazenda São José;15
4314159;431415920;Bom Jardim;20
4314175;431417505;Pedras Altas;05
4314175;431417510;Arroio Mau;10
4314175;431417515;Cerro do Baú;15
4314175;431417525;São Diogo;25
4314209;431420905;Pedro Osório;05
4314209;431420920;Matarazzo;20
4314308;431430805;Pejuçara;05
4314407;431440705;Pelotas;05
4314407;431440720;Cascata;20
4314407;431440725;Cerrito Alegre;25
4314407;431440727;Z/3;27
4314407;431440735;Monte Bonito;35
4314407;431440742;Rincão da Cruz;42
4314407;431440745;Quilombo;45
4314407;431440750;Santa Silvana;50
4314407;431440760;Triunfo;60
4314423;431442305;Picada Café;05
4314456;431445605;Pinhal;05
4314464;431446405;Pinhal da Serra;05
4314472;431447205;Pinhal Grande;05
4314472;431447220;Rincão do Appel;20
4314498;431449805;Pinheirinho do Vale;05
4314506;431450605;Pinheiro Machado;05
4314506;431450610;Candiota;10
4314506;431450620;Torrinhas;20
4314548;431454805;Pinto Bandeira;05
4314555;431455505;Pirapó;05
4314555;431455510;Figueira;10
4314605;431460505;Piratini;05
4314605;431460510;Segundo Distrito;10
4314605;431460515;Terceiro Distrito;15
4314605;431460520;Quarto Distrito;20
4314605;431460525;Quinto Distrito;25
4314704;431470405;Planalto;05
4314704;431470412;São Luiz;12
4314704;431470415;Santa Cruz;15
4314704;431470420;São José;20
4314753;431475305;Poço das Antas;05
4314779;431477905;Pontão;05
4314779;431477910;Sagrisa;10
4314787;431478705;Ponte Preta;05
4314787;431478730;Souto Neto;30
4314803;431480305;Portão;05
4314902;431490205;Porto Alegre;05
4315008;431500805;Porto Lucena;05
4315057;431505705;Porto Mauá;05
4315073;431507305;Porto Vera Cruz;05
4315107;431510705;Porto Xavier;05
4315107;431510720;Rincão Comprido;20
4315131;431513105;Pouso Novo;05
4315149;431514905;Presidente Lucena;05
4315156;431515605;Progresso;05
4315156;431515607;Batovira;07
4315156;431515610;Campo Branco;10
4315156;431515612;Constantino;12
4315156;431515620;Xaxim;20
4315172;431517205;Protásio Alves;05
4315206;431520605;Putinga;05
4315206;431520615;Xarqueada;15
4315305;431530505;Quaraí;05
4315313;431531305;Quatro Irmãos;05
4315321;431532105;Quevedos;05
4315354;431535405;Quinze de Novembro;05
4315354;431535420;Santa Clara do Ingaí;20
4315354;431535425;Sede Aurora;25
4315404;431540405;Redentora;05
4315404;431540410;São João;10
4315404;431540430;Sítio Cassemiro;30
4315453;431545305;Relvado;05
4315503;431550305;Restinga Sêca;05
4315552;431555205;Rio dos Índios;05
4315552;431555210;Posse dos Linhares;10
4315552;431555215;Encruzilhada Bela Vista;15
4315602;431560205;Rio Grande;05
4315602;431560215;Povo Novo;15
4315602;431560220;Quinta;20
4315602;431560225;Taim;25
4315602;431560230;Ilha dos Marinheiros;30
4315701;431570105;Rio Pardo;05
4315701;431570110;Albardão;10
4315701;431570115;Bexiga;15
4315701;431570122;Iruí;22
4315701;431570123;João Rodrigues;23
4315701;431570124;Passo da Areia;24
4315701;431570127;Passo do Adão;27
4315701;431570130;Rincão del Rei;30
4315750;431575005;Riozinho;05
4315800;431580005;Roca Sales;05
4315800;431580010;Campinho;10
4315909;431590905;Rodeio Bonito;05
4315909;431590910;Saltinho;10
4315958;431595805;Rolador;05
4315958;431595810;Igrejinha;10
4315958;431595825;Passo do Faxinal;25
4315958;431595830;Passo do Quaresma;30
4315958;431595840;Serrinha do Rosário;40
4316006;431600605;Rolante;05
4316006;431600610;Boa Esperança;10
4316006;431600617;Rolantinho;17
4316105;431610505;Ronda Alta;05
4316105;431610510;Alto Recreio;10
4316204;431620405;Rondinha;05
4316303;431630305;Roque Gonzales;05
4316303;431630310;Dona Otília;10
4316303;431630315;Rincão Vermelho;15
4316402;431640205;Rosário do Sul;05
4316402;431640210;Campo Sêco;10
4316402;431640215;Caverá;15
4316402;431640220;Mangueiras;20
4316402;431640225;São Carlos;25
4316402;431640230;Touro Passo;30
4316428;431642805;Sagrada Família;05
4316428;431642815;Leonel Rocha;15
4316436;431643605;Saldanha Marinho;05
4316436;431643610;Campinas;10
4316451;431645105;Salto do Jacuí;05
4316451;431645107;Capão Bonito;07
4316451;431645115;Tabajara;15
4316451;431645121;Júlio Borges;21
4316451;431645123;Passo Real;23
4316451;431645124;Rincão do Ivaí;24
4316477;431647705;Salvador das Missões;05
4316477;431647720;Santa Catarina;20
4316501;431650105;Salvador do Sul;05
4316501;431650109;Campestre;09
4316501;431650120;Linha Comprida;20
4316501;431650125;Linha São João;25
4316600;431660005;Sananduva;05
4316600;431660010;Rio Tigre;10
4316709;431670905;Santa Bárbara do Sul;05
4316709;431670918;Capão Alto;18
4316709;431670925;Itaíba;25
4316733;431673305;Santa Cecília do Sul;05
4316758;431675805;Santa Clara do Sul;05
4316808;431680805;Santa Cruz do Sul;05
4316808;431680807;Alto Paredão;07
4316808;431680810;Boa Vista;10
4316808;431680830;Monte Alverne;30
4316808;431680835;Rio Pardinho;35
4316808;431680838;Saraiva;38
4316808;431680841;São José da Reserva;41
4316808;431680842;São Martinho;42
4316907;431690705;Santa Maria;05
4316907;431690710;Arroio do Só;10
4316907;431690712;Arroio Grande;12
4316907;431690715;Boca do Monte;15
4316907;431690720;Pains;20
4316907;431690723;Palma;23
4316907;431690733;Passo do Verde;33
4316907;431690735;Santa Flora;35
4316907;431690738;Santo Antão;38
4316907;431690750;São Valentim;50
4316956;431695605;Santa Maria do Herval;05
4316972;431697205;Santa Margarida do Sul;05
4316972;431697210;Bolso;10
4316972;431697215;Cambaizinho;15
4316972;431697220;Canas;20
4316972;431697230;Serrinha;30
4317004;431700405;Santana da Boa Vista;05
4317103;431710305;Sant'Ana do Livramento;05
4317103;431710306;Cati;06
4317103;431710307;Espinilho;07
4317103;431710308;Ibicuí;08
4317103;431710310;Pampeiro;10
4317103;431710320;São Diogo;20
4317103;431710325;Upamaroti;25
4317202;431720205;Santa Rosa;05
4317202;431720210;Sete de Setembro;10
4317251;431725105;Santa Tereza;05
4317301;431730105;Santa Vitória do Palmar;05
4317301;431730107;Árvore Só;07
4317301;431730109;Atlântico;09
4317301;431730115;Curral Alto;15
4317301;431730120;Mirim;20
4317301;431730130;Taim;30
4317400;431740005;Santiago;05
4317400;431740015;Ernesto Alves;15
4317400;431740020;Florida;20
4317400;431740030;Tupantuba;30
4317509;431750905;Santo Ângelo;05
4317509;431750907;Atafona;07
4317509;431750910;Buriti;10
4317509;431750920;Colônia Municipal;20
4317509;431750925;Comandaí;25
4317509;431750933;Cristo Rei;33
4317509;431750941;Lajeado Cerne;41
4317509;431750942;Restinga Seca;42
4317509;431750943;Rincão dos Mendes;43
4317509;431750946;Rincão dos Meotti;46
4317509;431750947;Rincão dos Roratos;47
4317509;431750948;Ressaca Buriti;48
4317509;431750955;Sossego;55
4317509;431750960;União;60
4317509;431750970;Lajeado Micuim;70
4317558;431755805;Santo Antônio do Palma;05
4317558;431755820;Montes Carpatos;20
4317558;431755825;Santa Terezinha;25
4317558;431755830;São José;30
4317608;431760805;Santo Antônio da Patrulha;05
4317608;431760811;Catanduva Grande;11
4317608;431760812;Chicolomã;12
4317608;431760816;Evaristo;16
4317608;431760820;Miraguaia;20
4317608;431760830;Pinheirinhos;30
4317707;431770705;Santo Antônio das Missões;05
4317707;431770710;São José;10
4317756;431775605;Santo Antônio do Planalto;05
4317756;431775620;Rincão Doce;20
4317806;431780605;Santo Augusto;05
4317806;431780609;Nossa Senhora de Fátima;09
4317806;431780610;Pedro Paiva;10
4317806;431780613;Rincão dos Paivas;13
4317806;431780615;Santo Antônio;15
4317905;431790505;Santo Cristo;05
4317905;431790510;Sírio;10
4317905;431790512;Vila Bom Princípio Baixo;12
4317905;431790515;Vila Laranjeira;15
4317954;431795405;Santo Expedito do Sul;05
4318002;431800205;São Borja;05
4318002;431800225;Nhú-Porã;25
4318002;431800235;Samburá;35
4318002;431800240;Sarandi;40
4318051;431805105;São Domingos do Sul;05
4318051;431805115;Santa Gema;15
4318101;431810105;São Francisco de Assis;05
4318101;431810110;Beluno;10
4318101;431810118;Boa Vista;18
4318101;431810120;Toroquá;20
4318200;431820005;São Francisco de Paula;05
4318200;431820010;Cazuza Ferreira;10
4318200;431820020;Eletra;20
4318200;431820030;Juá;30
4318200;431820035;Lajeado Grande;35
4318200;431820040;Rincão dos Kroeff;40
4318200;431820045;Tainhas;45
4318309;431830905;São Gabriel;05
4318309;431830910;Azevedo Sodré;10
4318309;431830911;Batovi;11
4318309;431830912;Catuçaba;12
4318309;431830913;Cerro do Ouro;13
4318309;431830915;Suspiro;15
4318309;431830920;Tiaraju;20
4318309;431830925;Vacacaí;25
4318408;431840805;São Jerônimo;05
4318408;431840817;Gramal;17
4318408;431840820;Morrinhos;20
4318408;431840825;Quitéria;25
4318424;431842405;São João da Urtiga;05
4318432;431843205;São João do Polêsine;05
4318432;431843225;Recanto Maestro;25
4318432;431843230;Vale Vêneto;30
4318440;431844005;São Jorge;05
4318457;431845705;São José das Missões;05
4318465;431846505;São José do Herval;05
4318481;431848105;São José do Hortêncio;05
4318499;431849905;São José do Inhacorá;05
4318507;431850705;São José do Norte;05
4318507;431850710;Bojuru;10
4318507;431850715;Estreito;15
4318606;431860605;São José do Ouro;05
4318606;431860609;Brugnarotto;09
4318606;431860611;Cerro Azul;11
4318606;431860614;Jardim Alegre;14
4318606;431860617;Marmeleiro;17
4318606;431860619;São Miguel;19
4318606;431860620;São Pedro do Iraxim;20
4318606;431860625;Tanque;25
4318606;431860632;Vila Souza;32
4318614;431861405;São José do Sul;05
4318622;431862205;São José dos Ausentes;05
4318622;431862210;Faxinal Preto;10
4318622;431862215;São Gonçalo;15
4318622;431862220;Silveira;20
4318622;431862225;Várzea;25
4318705;431870505;São Leopoldo;05
4318804;431880405;São Lourenço do Sul;05
4318804;431880408;Boa Vista;08
4318804;431880410;Boqueirão;10
4318804;431880415;Esperança;15
4318804;431880420;Faxinal;20
4318804;431880425;Harmonia;25
4318804;431880435;Prado Novo;35
4318804;431880440;Taquaral;40
4318903;431890305;São Luiz Gonzaga;05
4318903;431890310;Afonso Rodrigues;10
4318903;431890314;Capela São Paulo;14
4318903;431890320;Rincão de São Pedro;20
4318903;431890323;Rincão dos Pintos;23
4318903;431890330;Santa Inês;30
4318903;431890335;São Lourenço das Missões;35
4319000;431900005;São Marcos;05
4319000;431900020;Pedras Brancas;20
4319109;431910905;São Martinho;05
4319125;431912505;São Martinho da Serra;05
4319158;431915805;São Miguel das Missões;05
4319158;431915810;Campestre;10
4319158;431915815;Coimbra;15
4319158;431915820;Mato Grande;20
4319158;431915827;Rincão dos Moraes;27
4319158;431915830;São João das Missões;30
4319158;431915835;São José;35
4319208;431920805;São Nicolau;05
4319208;431920820;Santo Isidro;20
4319307;431930705;São Paulo das Missões;05
4319307;431930710;Pinheiro Machado;10
4319356;431935605;São Pedro da Serra;05
4319364;431936405;São Pedro das Missões;05
4319372;431937205;São Pedro do Butiá;05
4319372;431937210;Butiá Inferior;10
4319406;431940605;São Pedro do Sul;05
4319406;431940610;Cerro Claro;10
4319406;431940615;Guassupi;15
4319406;431940645;Xiniquá;45
4319505;431950505;São Sebastião do Caí;05
4319604;431960405;São Sepé;05
4319604;431960420;Cerrito do Ouro;20
4319604;431960425;Jazidas;25
4319604;431960428;Tupanci;28
4319604;431960430;Vila Block;30
4319703;431970305;São Valentim;05
4319711;431971105;São Valentim do Sul;05
4319711;431971110;Fazenda Fialho;10
4319711;431971120;Santa Bárbara;20
4319737;431973705;São Valério do Sul;05
4319752;431975205;São Vendelino;05
4319802;431980205;São Vicente do Sul;05
4319802;431980210;Cavajuretã;10
4319802;431980215;Loreto;15
4319901;431990105;Sapiranga;05
4319901;431990125;Picada São Jacob;25
4320008;432000805;Sapucaia do Sul;05
4320107;432010705;Sarandi;05
4320107;432010710;Atiaçu;10
4320107;432010720;Barreirinho;20
4320107;432010730;Novo Sarandi;30
4320206;432020605;Seberi;05
4320206;432020610;Barrinha;10
4320206;432020615;Lajeado Bonito;15
4320230;432023005;Sede Nova;05
4320230;432023020;Monte Belo;20
4320263;432026305;Segredo;05
4320263;432026310;Bela Vista;10
4320263;432026318;Serrinha Velha;18
4320263;432026320;Tamanduá;20
4320305;432030505;Selbach;05
4320305;432030510;Arroio Grande;10
4320305;432030520;Floresta;20
4320321;432032105;Senador Salgado Filho;05
4320321;432032110;Esquina Ipiranga;10
4320321;432032112;Giruazinho;12
4320321;432032115;Vila Oito de Agosto;15
4320354;432035405;Sentinela do Sul;05
4320404;432040405;Serafina Corrêa;05
4320404;432040415;Silva Jardim;15
4320453;432045305;Sério;05
4320503;432050305;Sertão;05
4320503;432050310;Engenheiro Luiz Englert;10
4320552;432055205;Sertão Santana;05
4320578;432057805;Sete de Setembro;05
4320602;432060205;Severiano de Almeida;05
4320602;432060210;Mirim;10
4320651;432065105;Silveira Martins;05
4320677;432067705;Sinimbu;05
4320701;432070105;Sobradinho;05
4320800;432080005;Soledade;05
4320800;432080012;Bugre;12
4320800;432080027;Pinhal;27
4320800;432080035;Santa Terezinha;35
4320859;432085905;Tabaí;05
4320909;432090905;Tapejara;05
4320909;432090930;Vila Campos;30
4321006;432100605;Tapera;05
4321006;432100620;São Pedro;20
4321006;432100625;Vila Paz;25
4321105;432110505;Tapes;05
4321204;432120405;Taquara;05
4321204;432120407;Entrepelado;07
4321204;432120408;Fazenda Fialho;08
4321204;432120410;Padilha;10
4321204;432120413;Pega Fogo;13
4321204;432120417;Rio da Ilha;17
4321204;432120420;Santa Cruz da Concórdia;20
4321303;432130305;Taquari;05
4321303;432130307;Amoras;07
4321329;432132905;Taquaruçu do Sul;05
4321352;432135205;Tavares;05
4321352;432135210;Butiás;10
4321352;432135215;Capão Comprido;15
4321352;432135220;Tapera;20
4321402;432140205;Tenente Portela;05
4321402;432140212;Braço Forte;12
4321402;432140225;Daltro Filho;25
4321402;432140240;São Pedro;40
4321436;432143605;Terra de Areia;05
4321436;432143625;Sanga Funda;25
4321451;432145105;Teutônia;05
4321451;432145110;Pontes Filho;10
4321469;432146905;Tio Hugo;05
4321477;432147705;Tiradentes do Sul;05
4321477;432147710;Alto Uruguai;10
4321477;432147713;Lajeado Bonito;13
4321477;432147717;Novo Planalto;17
4321477;432147720;Porto Soberbo;20
4321493;432149305;Toropi;05
4321493;432149315;Linha Bonita;15
4321501;432150105;Torres;05
4321501;432150110;Glória;10
4321600;432160005;Tramandaí;05
4321600;432160015;Estância Velha;15
4321600;432160025;Nova Tramandaí;25
4321626;432162605;Travesseiro;05
4321634;432163405;Três Arroios;05
4321634;432163412;Coxilha Seca;12
4321667;432166705;Três Cachoeiras;05
4321667;432166710;Morro Azul;10
4321667;432166715;Rio do Terra;15
4321667;432166720;Vila Fernando Ferrari;20
4321709;432170905;Três Coroas;05
4321808;432180805;Três de Maio;05
4321808;432180811;Barrinha;11
4321808;432180815;Consolata;15
4321808;432180820;Manchinha;20
4321808;432180825;Progresso;25
4321808;432180830;Quaraim;30
4321832;432183205;Três Forquilhas;05
4321857;432185705;Três Palmeiras;05
4321857;432185710;Progresso;10
4321907;432190705;Três Passos;05
4321907;432190708;Alto Erval Novo;08
4321907;432190715;Bela Vista;15
4321907;432190722;Floresta;22
4321907;432190735;Padre Gonzales;35
4321907;432190745;Santo Antônio;45
4321956;432195605;Trindade do Sul;05
4322004;432200405;Triunfo;05
4322004;432200410;Costa da Cadeia;10
4322004;432200415;Passo Raso;15
4322004;432200420;Porto Batista;20
4322103;432210305;Tucunduva;05
4322152;432215205;Tunas;05
4322152;432215210;Cerro Preto;10
4322152;432215215;Despraiado;15
4322152;432215220;Nossa Senhora Aparecida;20
4322152;432215225;Pedregal;25
4322152;432215230;Rincão Comprido;30
4322186;432218605;Tupanci do Sul;05
4322202;432220205;Tupanciretã;05
4322202;432220207;Espinilho Grande;07
4322251;432225105;Tupandi;05
4322301;432230105;Tuparendi;05
4322301;432230110;Cerro Alto;10
4322301;432230115;Cinquentenário;15
4322327;432232705;Turuçu;05
4322343;432234305;Ubiretama;05
4322350;432235005;São Luiz;05
4322350;432235020;União da Serra;20
4322350;432235025;Pulador;25
4322376;432237605;Unistalda;05
4322400;432240005;Uruguaiana;05
4322400;432240020;João Arregui;20
4322400;432240025;Plano Alto;25
4322400;432240030;São Marcos;30
4322400;432240035;Vertentes;35
4322509;432250905;Vacaria;05
4322509;432250907;Bela Vista;07
4322509;432250908;Capão da Herança;08
4322509;432250910;Coxilha Grande;10
4322509;432250920;Estrela;20
4322509;432250940;Refugiado;40
4322525;432252505;Vale Verde;05
4322533;432253305;Vale do Sol;05
4322541;432254105;Vale Real;05
4322541;432254110;Arroio do Ouro;10
4322541;432254115;Canto Krewer;15
4322541;432254120;Forqueta Baixa;20
4322541;432254125;Morro Gaúcho;25
4322558;432255805;Vanini;05
4322608;432260805;Venâncio Aires;05
4322608;432260807;Arlindo;07
4322608;432260810;Centro Linha Brasil;10
4322608;432260815;Deodoro;15
4322608;432260817;Estância Nova;17
4322608;432260820;Mariante;20
4322608;432260822;Palanque;22
4322608;432260830;Santa Emília;30
4322608;432260845;Vale do Sampaio;45
4322707;432270705;Vera Cruz;05
4322806;432280605;Veranópolis;05
4322855;432285505;Vespasiano Corrêa;05
4322905;432290505;Viadutos;05
4323002;432300205;Viamão;05
4323002;432300210;Águas Claras;10
4323002;432300215;Capão da Porteira;15
4323002;432300220;Espigão;20
4323002;432300225;Itapuã;25
4323002;432300230;Passo da Areia;30
4323002;432300235;Passo do Sabão;35
4323002;432300240;Viamópolis;40
4323101;432310105;Vicente Dutra;05
4323101;432310110;Laranjeira;10
4323200;432320005;Victor Graeff;05
4323200;432320007;Faxinal;07
4323200;432320015;São José da Glória;15
4323309;432330905;Vila Flores;05
4323358;432335805;Vila Lângaro;05
4323408;432340805;Vila Maria;05
4323457;432345705;Vila Nova do Sul;05
4323507;432350705;Vista Alegre;05
4323606;432360605;Vista Alegre do Prata;05
4323705;432370505;Vista Gaúcha;05
4323705;432370510;Bom Plano;10
4323754;432375405;Vitória das Missões;05
4323754;432375430;São João Batista;30
4323770;432377005;Westfália;05
4323804;432380405;Xangri-lá;05
4323804;432380415;Guará;15
4323804;432380425;Rainha do Mar;25
5000203;500020305;Água Clara;05
5000252;500025205;Alcinópolis;05
5000609;500060905;Amambai;05
5000708;500070805;Anastácio;05
5000807;500080705;Anaurilândia;05
5000856;500085605;Angélica;05
5000856;500085610;Ipezal;10
5000906;500090605;Antônio João;05
5000906;500090610;Campestre;10
5001003;500100305;Aparecida do Taboado;05
5001102;500110205;Aquidauana;05
5001102;500110210;Camisão;10
5001102;500110215;Cipolândia;15
5001102;500110220;Piraputanga;20
5001102;500110225;Taunay;25
5001243;500124305;Aral Moreira;05
5001508;500150805;Bandeirantes;05
5001508;500150810;Congonha;10
5001904;500190405;Bataguassu;05
5001904;500190410;Porto XV de Novembro;10
5002001;500200105;Batayporã;05
5002100;500210005;Bela Vista;05
5002100;500210010;Nossa Senhora de Fátima;10
5002159;500215905;Bodoquena;05
5002159;500215910;Morraria do Sul;10
5002209;500220905;Bonito;05
5002209;500220910;Águas de Miranda;10
5002308;500230805;Brasilândia;05
5002308;500230815;Debrasa;15
5002407;500240705;Caarapó;05
5002407;500240710;Cristalina;10
5002407;500240720;Nova América;20
5002605;500260505;Camapuã;05
5002605;500260535;Pontinha do Cocho;35
5002704;500270405;Campo Grande;05
5002704;500270460;Anhanduí;60
5002704;500270480;Rochedinho;80
5002803;500280305;Caracol;05
5002902;500290205;Cassilândia;05
5002902;500290215;Indaiá do Sul;15
5002951;500295105;Chapadão do Sul;05
5003108;500310805;Corguinho;05
5003108;500310810;Baianópolis;10
5003157;500315705;Coronel Sapucaia;05
5003207;500320705;Corumbá;05
5003207;500320710;Albuquerque;10
5003207;500320715;Amolar;15
5003207;500320720;Coimbra;20
5003207;500320725;Nhecolândia;25
5003207;500320730;Paiaguás;30
5003207;500320735;Porto Esperança;35
5003256;500325605;Costa Rica;05
5003256;500325610;Baús;10
5003306;500330605;Coxim;05
5003306;500330608;Jauru;08
5003306;500330610;São Romão;10
5003306;500330615;Taquari;15
5003454;500345405;Deodápolis;05
5003454;500345410;Lagoa Bonita;10
5003454;500345415;Porto Vilma;15
5003454;500345420;Presidente Castelo;20
5003454;500345425;Vila União;25
5003488;500348805;Dois Irmãos do Buriti;05
5003488;500348810;Palmeiras;10
5003504;500350405;Douradina;05
5003504;500350410;Bocajá;10
5003504;500350415;Cruzaltina;15
5003702;500370205;Dourados;05
5003702;500370220;Guaçu;20
5003702;500370225;Itaum;25
5003702;500370230;Panambi;30
5003702;500370235;Picadinha;35
5003702;500370240;São Pedro;40
5003702;500370245;Indápolis;45
5003702;500370248;Vila Formosa;48
5003702;500370250;Vila Vargas;50
5003751;500375105;Eldorado;05
5003751;500375110;Morumbi;10
5003801;500380105;Fátima do Sul;05
5003801;500380115;Culturama;15
5003900;500390005;Figueirão;05
5004007;500400705;Glória de Dourados;05
5004007;500400715;Guaçulândia;15
5004106;500410605;Guia Lopes da Laguna;05
5004304;500430405;Iguatemi;05
5004403;500440305;Inocência;05
5004403;500440310;Morangas;10
5004403;500440315;São José do Sucuriú;15
5004403;500440320;São Pedro;20
5004502;500450205;Itaporã;05
5004502;500450210;Carumbé;10
5004502;500450215;Montese;15
5004502;500450220;Piraporã;20
5004502;500450225;Santa Terezinha;25
5004601;500460105;Itaquiraí;05
5004700;500470005;Ivinhema;05
5004700;500470010;Amandina;10
5004809;500480905;Japorã;05
5004809;500480910;Jacareí;10
5004908;500490805;Jaraguari;05
5004908;500490810;Bom Fim;10
5005004;500500405;Jardim;05
5005004;500500410;Boqueirão;10
5005103;500510305;Jateí;05
5005152;500515205;Juti;05
5005202;500520205;Ladário;05
5005251;500525105;Laguna Carapã;05
5005400;500540005;Maracaju;05
5005400;500540010;Vista Alegre;10
5005608;500560805;Miranda;05
5005681;500568105;Mundo Novo;05
5005707;500570705;Naviraí;05
5005806;500580605;Nioaque;05
5006002;500600205;Nova Alvorada do Sul;05
5006002;500600210;Pana;10
5006200;500620005;Nova Andradina;05
5006200;500620020;Nova Casa Verde;20
5006259;500625905;Novo Horizonte do Sul;05
5006275;500627505;Paraíso das Águas;05
5006275;500627510;Alto Sucuriú;10
5006275;500627515;Bela Alvorada;15
5006309;500630905;Paranaíba;05
5006309;500630908;Alto Santana;08
5006309;500630923;Raimundo;23
5006309;500630935;São João do Aporé;35
5006309;500630940;Tamandaré;40
5006309;500630945;Velhacaria;45
5006358;500635805;Paranhos;05
5006408;500640805;Pedro Gomes;05
5006606;500660605;Ponta Porã;05
5006606;500660615;Cabeceira do Apa;15
5006606;500660625;Sanga Puitã;25
5006903;500690305;Porto Murtinho;05
5007109;500710905;Ribas do Rio Pardo;05
5007109;500710910;Bálsamo;10
5007208;500720805;Rio Brilhante;05
5007208;500720810;Prudêncio Thomaz;10
5007307;500730705;Rio Negro;05
5007307;500730710;Nova Esperança;10
5007406;500740605;Rio Verde de Mato Grosso;05
5007406;500740610;Juscelândia;10
5007505;500750505;Rochedo;05
5007505;500750510;Água Boa;10
5007554;500755405;Santa Rita do Pardo;05
5007695;500769505;São Gabriel do Oeste;05
5007695;500769510;Areado;10
5007695;500769515;Ponte Vermelha;15
5007703;500770305;Sete Quedas;05
5007802;500780205;Selvíria;05
5007901;500790105;Sidrolândia;05
5007901;500790110;Capão Seco;10
5007901;500790115;Quebra Côco;15
5007935;500793505;Sonora;05
5007950;500795005;Tacuru;05
5007976;500797605;Taquarussu;05
5008008;500800805;Terenos;05
5008305;500830505;Três Lagoas;05
5008305;500830510;Arapuá;10
5008305;500830515;Garcias;15
5008305;500830520;Ilha Comprida;20
5008305;500830525;Guadalupe do Alto Paraná;25
5008404;500840405;Vicentina;05
5008404;500840440;São José;40
5008404;500840445;Vila Rica;45
5100102;510010205;Acorizal;05
5100102;510010207;Baús;07
5100102;510010210;Aldeia;10
5100201;510020105;Água Boa;05
5100201;510020115;Jaraguá;15
5100201;510020125;Serrinha;25
5100250;510025005;Alta Floresta;05
5100300;510030005;Alto Araguaia;05
5100300;510030007;Buriti;07
5100359;510035905;Alto Boa Vista;05
5100409;510040905;Alto Garças;05
5100508;510050805;Alto Paraguai;05
5100508;510050807;Capão Verde;07
5100508;510050810;Lavouras;10
5100607;510060705;Alto Taquari;05
5100805;510080505;Apiacás;05
5101001;510100105;Araguaiana;05
5101209;510120905;Araguainha;05
5101258;510125805;Araputanga;05
5101308;510130805;Arenápolis;05
5101407;510140705;Aripuanã;05
5101407;510140735;Conselvan;35
5101605;510160505;Barão de Melgaço;05
5101605;510160510;Joselândia;10
5101704;510170405;Barra do Bugres;05
5101704;510170406;Assari;06
5101704;510170422;Tapirapuã;22
5101803;510180305;Barra do Garças;05
5101803;510180315;Indianópolis;15
5101803;510180330;Toricueije;30
5101803;510180335;Vale dos Sonhos;35
5101837;510183705;Boa Esperança do Norte;05
5101852;510185205;Bom Jesus do Araguaia;05
5101902;510190205;Brasnorte;05
5101902;510190210;Água da Prata;10
5102504;510250405;Cáceres;05
5102504;510250407;Bezerro Branco;07
5102504;510250415;Caramujo;15
5102504;510250425;Horizonte do Oeste;25
5102504;510250430;Nova Cáceres;30
5102603;510260305;Campinápolis;05
5102603;510260315;São José do Couto;15
5102637;510263705;Campo Novo do Parecis;05
5102637;510263715;Itanorte;15
5102637;510263720;Marechal Rondon;20
5102678;510267805;Campo Verde;05
5102678;510267810;Coronel Ponce;10
5102686;510268605;Campos de Júlio;05
5102694;510269405;Canabrava do Norte;05
5102702;510270205;Canarana;05
5102793;510279305;Carlinda;05
5102850;510285005;Castanheira;05
5103007;510300705;Chapada dos Guimarães;05
5103007;510300710;Água Fria;10
5103007;510300720;Rio da Casca;20
5103056;510305605;Cláudia;05
5103106;510310605;Cocalinho;05
5103205;510320505;Colíder;05
5103254;510325405;Colniza;05
5103254;510325410;Guariba;10
5103304;510330405;Comodoro;05
5103304;510330409;Colônia dos Mineiros;09
5103304;510330415;Nova Alvorada;15
5103304;510330417;Noroagro;17
5103304;510330420;Padronal;20
5103353;510335305;Confresa;05
5103353;510335320;Veranópolis;20
5103361;510336105;Conquista D'Oeste;05
5103379;510337905;Cotriguaçu;05
5103379;510337910;Nova União;10
5103403;510340305;Cuiabá;05
5103403;510340310;Coxipó da Ponte;10
5103403;510340315;Coxipó do Ouro;15
5103403;510340320;Guia;20
5103403;510340325;Nova Esperança (Pequizeiro);25
5103403;510340330;Aguaçu;30
5103403;510340335;Sucuri;35
5103437;510343705;Curvelândia;05
5103452;510345205;Denise;05
5103502;510350205;Diamantino;05
5103601;510360105;Dom Aquino;05
5103601;510360120;Entre Rios;20
5103700;510370005;Feliz Natal;05
5103809;510380905;Figueirópolis D'Oeste;05
5103858;510385805;Gaúcha do Norte;05
5103908;510390805;General Carneiro;05
5103908;510390820;Paredão Grande;20
5103957;510395705;Glória D'Oeste;05
5103957;510395716;Monte Castelo D'Oeste;16
5104104;510410405;Guarantã do Norte;05
5104203;510420305;Guiratinga;05
5104203;510420310;Alcantilado;10
5104203;510420325;Vale Rico;25
5104500;510450005;Indiavaí;05
5104526;510452605;Ipiranga do Norte;05
5104542;510454205;Itanhangá;05
5104559;510455905;Itaúba;05
5104609;510460905;Itiquira;05
5104609;510460910;Ouro Branco do Sul;10
5104807;510480705;Jaciara;05
5104807;510480720;Celma;20
5104906;510490605;Jangada;05
5105002;510500205;Jauru;05
5105002;510500215;Lucialva;15
5105101;510510105;Juara;05
5105101;510510110;Águas Claras;10
5105101;510510115;Catuaí;15
5105101;510510120;Paranorte;20
5105150;510515005;Juína;05
5105150;510515009;Filadélfia;09
5105150;510515010;Fontanillas;10
5105150;510515030;Terra Roxa;30
5105176;510517605;Juruena;05
5105200;510520005;Juscimeira;05
5105200;510520010;Irenópolis;10
5105200;510520015;Santa Elvira;15
5105200;510520020;São Lourenço de Fátima;20
5105234;510523405;Lambari D'Oeste;05
5105259;510525905;Lucas do Rio Verde;05
5105259;510525910;Groslândia;10
5105309;510530905;Luciara;05
5105507;510550705;Vila Bela da Santíssima Trindade;05
5105507;510550710;Aguapeí;10
5105580;510558005;Marcelândia;05
5105606;510560605;Matupá;05
5105622;510562205;Mirassol d'Oeste;05
5105622;510562230;Sonho Azul;30
5105903;510590305;Nobres;05
5105903;510590306;Bom Jardim;06
5105903;510590307;Coqueiral;07
5106000;510600005;Nortelândia;05
5106109;510610905;Nossa Senhora do Livramento;05
5106109;510610910;Pirizal;10
5106109;510610913;Ribeirão dos Cocais;13
5106109;510610915;Faval;15
5106158;510615805;Nova Bandeirantes;05
5106158;510615810;Japuranã;10
5106174;510617405;Nova Nazaré;05
5106182;510618205;Nova Lacerda;05
5106190;510619005;Nova Santa Helena;05
5106208;510620805;Nova Brasilândia;05
5106208;510620810;Riolândia;10
5106216;510621605;Nova Canaã do Norte;05
5106216;510621610;Colorado do Norte;10
5106216;510621615;Ouro Branco;15
5106224;510622405;Nova Mutum;05
5106224;510622425;Ranchão;25
5106232;510623205;Nova Olímpia;05
5106240;510624005;Nova Ubiratã;05
5106240;510624010;Entre Rios;10
5106240;510624015;Novo Mato Grosso;15
5106240;510624026;Santa Terezinha do Rio Ferro;26
5106240;510624030;Santo Antônio do Rio Bonito;30
5106257;510625705;Nova Xavantina;05
5106257;510625725;União do Leste;25
5106265;510626505;Novo Mundo;05
5106273;510627305;Novo Horizonte do Norte;05
5106281;510628105;Novo São Joaquim;05
5106281;510628115;Itaquerê;15
5106299;510629905;Paranaíta;05
5106307;510630705;Paranatinga;05
5106307;510630715;Salto da Alegria;15
5106315;510631505;Novo Santo Antônio;05
5106372;510637205;Pedra Preta;05
5106372;510637210;São José do Planalto;10
5106422;510642205;Peixoto de Azevedo;05
5106422;510642210;União do Norte;10
5106455;510645505;Planalto da Serra;05
5106505;510650505;Poconé;05
5106505;510650510;Cangas;10
5106505;510650515;Nossa Senhora Aparecida do Chumbo;15
5106653;510665305;Pontal do Araguaia;05
5106703;510670305;Ponte Branca;05
5106752;510675205;Pontes e Lacerda;05
5106778;510677805;Porto Alegre do Norte;05
5106802;510680205;Porto dos Gaúchos;05
5106828;510682805;Porto Esperidião;05
5106828;510682810;Vila Cardoso;10
5106828;510682815;Pedro Neca;15
5106851;510685105;Porto Estrela;05
5107008;510700805;Poxoréu;05
5107008;510700810;Alto Coité;10
5107008;510700815;Jarudore;15
5107008;510700820;Paraíso do Leste;20
5107040;510704005;Primavera do Leste;05
5107065;510706505;Querência;05
5107065;510706515;Coutinho União;15
5107107;510710705;São José dos Quatro Marcos;05
5107107;510710710;Santa Fé;10
5107156;510715605;Reserva do Cabaçal;05
5107180;510718005;Ribeirão Cascalheira;05
5107198;510719805;Ribeirãozinho;05
5107206;510720605;Rio Branco;05
5107248;510724805;Santa Carmem;05
5107263;510726305;Santo Afonso;05
5107297;510729705;São José do Povo;05
5107297;510729715;Nova Catanduva;15
5107305;510730505;São José do Rio Claro;05
5107354;510735405;São José do Xingu;05
5107354;510735425;Santo Antônio do Fontoura;25
5107404;510740405;São Pedro da Cipa;05
5107578;510757805;Rondolândia;05
5107602;510760205;Rondonópolis;05
5107602;510760210;Anhumas;10
5107602;510760215;Nova Galiléia;15
5107602;510760220;Boa Vista;20
5107602;510760230;Vila Operária;30
5107701;510770105;Rosário Oeste;05
5107701;510770110;Arruda;10
5107701;510770115;Bauxi;15
5107701;510770120;Marzagão;20
5107743;510774305;Santa Cruz do Xingu;05
5107750;510775005;Salto do Céu;05
5107750;510775010;Cristinópolis;10
5107750;510775015;Vila Progresso;15
5107768;510776805;Santa Rita do Trivelato;05
5107776;510777605;Santa Terezinha;05
5107792;510779205;Santo Antônio do Leste;05
5107800;510780005;Santo Antônio de Leverger;05
5107800;510780010;Engenho Velho;10
5107800;510780015;Mimoso;15
5107800;510780017;Caité;17
5107800;510780025;Varginha;25
5107859;510785905;São Félix do Araguaia;05
5107859;510785915;Espigão do Leste;15
5107875;510787505;Sapezal;05
5107883;510788305;Serra Nova Dourada;05
5107909;510790905;Sinop;05
5107925;510792505;Sorriso;05
5107925;510792515;Caravágio;15
5107925;510792530;Primavera;30
5107941;510794105;Tabaporã;05
5107958;510795805;Tangará da Serra;05
5107958;510795815;Progresso;15
5107958;510795820;São Joaquim;20
5107958;510795825;São Jorge;25
5108006;510800605;Tapurah;05
5108006;510800630;Novo Eldorado;30
5108055;510805505;Terra Nova do Norte;05
5108055;510805515;Miraguaí do Norte;15
5108055;510805520;Nonoaí do Norte;20
5108055;510805530;Nona Agrovila;30
5108105;510810505;Tesouro;05
5108105;510810510;Batovi;10
5108105;510810515;Cassununga;15
5108204;510820405;Torixoréu;05
5108303;510830305;União do Sul;05
5108352;510835205;Vale de São Domingos;05
5108402;510840205;Várzea Grande;05
5108402;510840210;Bom Sucesso;10
5108402;510840215;Passagem da Conceição;15
5108402;510840220;Porto Velho;20
5108402;510840225;Capão Grande;25
5108501;510850105;Vera;05
5108600;510860005;Vila Rica;05
5108808;510880805;Nova Guarita;05
5108857;510885705;Nova Marilândia;05
5108907;510890705;Nova Maringá;05
5108956;510895605;Nova Monte Verde;05
5200050;520005005;Abadia de Goiás;05
5200100;520010005;Abadiânia;05
5200100;520010010;Posse d'Abadia;10
5200134;520013405;Acreúna;05
5200159;520015905;Adelândia;05
5200175;520017505;Água Fria de Goiás;05
5200175;520017510;Mato Seco;10
5200209;520020905;Água Limpa;05
5200258;520025805;Águas Lindas de Goiás;05
5200308;520030805;Alexânia;05
5200308;520030810;Olhos D'Água;10
5200506;520050605;Aloândia;05
5200555;520055505;Alto Horizonte;05
5200605;520060505;Alto Paraíso de Goiás;05
5200605;520060525;São Jorge;25
5200803;520080305;Alvorada do Norte;05
5200829;520082905;Amaralina;05
5200852;520085205;Americano do Brasil;05
5200902;520090205;Amorinópolis;05
5201108;520110805;Anápolis;05
5201108;520110810;Goialândia;10
5201108;520110815;Interlândia;15
5201108;520110820;Joanápolis;20
5201108;520110830;Souzânia;30
5201207;520120705;Anhanguera;05
5201306;520130605;Anicuns;05
5201306;520130615;Capelinha;15
5201306;520130620;Choupana;20
5201405;520140505;Aparecida de Goiânia;05
5201405;520140510;Nova Brasília;10
5201454;520145405;Aparecida do Rio Doce;05
5201504;520150405;Aporé;05
5201603;520160305;Araçu;05
5201702;520170205;Aragarças;05
5201801;520180105;Aragoiânia;05
5202155;520215505;Araguapaz;05
5202353;520235305;Arenópolis;05
5202502;520250205;Aruanã;05
5202601;520260105;Aurilândia;05
5202809;520280905;Avelinópolis;05
5203104;520310405;Baliza;05
5203203;520320305;Barro Alto;05
5203302;520330205;Bela Vista de Goiás;05
5203302;520330215;Roselândia;15
5203401;520340105;Bom Jardim de Goiás;05
5203500;520350005;Bom Jesus de Goiás;05
5203559;520355905;Bonfinópolis;05
5203575;520357505;Bonópolis;05
5203609;520360905;Brazabrantes;05
5203807;520380705;Britânia;05
5203906;520390605;Buriti Alegre;05
5203939;520393905;Buriti de Goiás;05
5203962;520396205;Buritinópolis;05
5204003;520400305;Cabeceiras;05
5204102;520410205;Cachoeira Alta;05
5204201;520420105;Cachoeira de Goiás;05
5204250;520425005;Cachoeira Dourada;05
5204300;520430005;Caçu;05
5204409;520440905;Caiapônia;05
5204508;520450805;Caldas Novas;05
5204557;520455705;Caldazinha;05
5204607;520460705;Campestre de Goiás;05
5204656;520465605;Campinaçu;05
5204706;520470605;Campinorte;05
5204706;520470610;Colinaçu;10
5204805;520480505;Campo Alegre de Goiás;05
5204854;520485405;Campo Limpo de Goiás;05
5204904;520490405;Campos Belos;05
5204953;520495305;Campos Verdes;05
5205000;520500005;Carmo do Rio Verde;05
5205059;520505905;Castelândia;05
5205109;520510905;Catalão;05
5205109;520510908;Pires Belo;08
5205109;520510910;Santo Antônio do Rio Verde;10
5205208;520520805;Caturaí;05
5205307;520530705;Cavalcante;05
5205406;520540605;Ceres;05
5205455;520545505;Cezarina;05
5205471;520547105;Chapadão do Céu;05
5205497;520549705;Cidade Ocidental;05
5205513;520551305;Cocalzinho de Goiás;05
5205521;520552105;Colinas do Sul;05
5205521;520552130;Vila Borba;30
5205703;520570305;Córrego do Ouro;05
5205802;520580205;Corumbá de Goiás;05
5205901;520590105;Corumbaíba;05
5206206;520620605;Cristalina;05
5206206;520620610;Campos Lindos;10
5206305;520630505;Cristianópolis;05
5206404;520640405;Crixás;05
5206404;520640407;Auriverde;07
5206503;520650305;Cromínia;05
5206602;520660205;Cumari;05
5206701;520670105;Damianópolis;05
5206800;520680005;Damolândia;05
5206909;520690905;Davinópolis;05
5207105;520710505;Diorama;05
5207253;520725305;Doverlândia;05
5207352;520735205;Edealina;05
5207402;520740205;Edéia;05
5207501;520750105;Estrela do Norte;05
5207535;520753505;Faina;05
5207535;520753510;Caiçara;10
5207535;520753515;Jeroaquara;15
5207600;520760005;Fazenda Nova;05
5207600;520760010;Bacilândia;10
5207600;520760015;Serra Dourada;15
5207808;520780805;Firminópolis;05
5207907;520790705;Flores de Goiás;05
5207907;520790710;Santa Maria;10
5208004;520800405;Formosa;05
5208004;520800407;Bezerra;07
5208004;520800410;Santa Rosa;10
5208004;520800415;Juscelino Kubitschek;15
5208103;520810305;Formoso;05
5208152;520815205;Gameleira de Goiás;05
5208301;520830105;Divinópolis de Goiás;05
5208400;520840005;Goianápolis;05
5208509;520850905;Goiandira;05
5208608;520860805;Goianésia;05
5208608;520860810;Natinópolis;10
5208707;520870705;Goiânia;05
5208707;520870715;Vila Rica;15
5208806;520880605;Goianira;05
5208905;520890505;Goiás;05
5208905;520890515;Buenolândia;15
5208905;520890525;Calcilândia;25
5208905;520890530;Davidópolis;30
5208905;520890540;Águas de São João;40
5208905;520890545;Uvá;45
5209101;520910105;Goiatuba;05
5209101;520910107;Marcianópolis;07
5209150;520915005;Gouvelândia;05
5209200;520920005;Guapó;05
5209291;520929105;Guaraíta;05
5209408;520940805;Guarani de Goiás;05
5209457;520945705;Guarinos;05
5209606;520960605;Heitoraí;05
5209705;520970505;Hidrolândia;05
5209804;520980405;Hidrolina;05
5209903;520990305;Iaciara;05
5209937;520993705;Inaciolândia;05
5209952;520995205;Indiara;05
5209952;520995210;Carlândia;10
5210000;521000005;Inhumas;05
5210109;521010905;Ipameri;05
5210109;521010910;Cavalheiro;10
5210109;521010915;Domiciano Ribeiro;15
5210158;521015805;Ipiranga de Goiás;05
5210208;521020805;Iporá;05
5210307;521030705;Israelândia;05
5210307;521030715;Piloândia;15
5210406;521040605;Itaberaí;05
5210562;521056205;Itaguari;05
5210604;521060405;Itaguaru;05
5210802;521080205;Itajá;05
5210901;521090105;Itapaci;05
5210901;521090110;Aparecida de Goiás;10
5211008;521100805;Itapirapuã;05
5211008;521100810;Jacilândia;10
5211206;521120605;Itapuranga;05
5211206;521120610;Cibele;10
5211206;521120615;Diolândia;15
5211305;521130505;Itarumã;05
5211305;521130515;Olaria do Angico;15
5211404;521140405;Itauçu;05
5211503;521150305;Itumbiara;05
5211602;521160205;Ivolândia;05
5211602;521160210;Campolândia;10
5211701;521170105;Jandaia;05
5211800;521180005;Jaraguá;05
5211909;521190905;Jataí;05
5212006;521200605;Jaupaci;05
5212055;521205505;Jesúpolis;05
5212105;521210505;Joviânia;05
5212204;521220405;Jussara;05
5212204;521220410;Canadá;10
5212204;521220415;Juscelândia;15
5212204;521220425;São Sebastião do Rio Claro;25
5212253;521225305;Lagoa Santa;05
5212303;521230305;Leopoldo de Bulhões;05
5212501;521250105;Luziânia;05
5212501;521250106;Jardim Ingá;06
5212600;521260005;Mairipotaba;05
5212709;521270905;Mambaí;05
5212808;521280805;Mara Rosa;05
5212907;521290705;Marzagão;05
5212956;521295605;Matrinchã;05
5212956;521295610;Lua Nova;10
5213004;521300405;Maurilândia;05
5213053;521305305;Mimoso de Goiás;05
5213087;521308705;Minaçu;05
5213087;521308710;Cana Brava;10
5213103;521310305;Mineiros;05
5213400;521340005;Moiporá;05
5213400;521340010;Messianópolis;10
5213509;521350905;Monte Alegre de Goiás;05
5213707;521370705;Montes Claros de Goiás;05
5213707;521370710;Lucilândia;10
5213707;521370715;Registro do Araguaia;15
5213707;521370720;Aparecida do Rio Claro;20
5213707;521370726;Ponte Alta do Araguaia;26
5213756;521375605;Montividiu;05
5213772;521377205;Montividiu do Norte;05
5213806;521380605;Morrinhos;05
5213855;521385505;Morro Agudo de Goiás;05
5213905;521390505;Mossâmedes;05
5214002;521400205;Mozarlândia;05
5214051;521405105;Mundo Novo;05
5214101;521410105;Mutunópolis;05
5214408;521440805;Nazário;05
5214507;521450705;Nerópolis;05
5214606;521460605;Niquelândia;05
5214606;521460610;São Luiz do Tocantins;10
5214606;521460615;Tupiraçaba;15
5214606;521460625;Vila Taveira;25
5214705;521470505;Nova América;05
5214804;521480405;Nova Aurora;05
5214838;521483805;Nova Crixás;05
5214838;521483810;Bandeirantes;10
5214861;521486105;Nova Glória;05
5214879;521487905;Nova Iguaçu de Goiás;05
5214903;521490305;Nova Roma;05
5215009;521500905;Nova Veneza;05
5215207;521520705;Novo Brasil;05
5215231;521523105;Novo Gama;05
5215256;521525605;Novo Planalto;05
5215306;521530605;Orizona;05
5215306;521530610;Alto Alvorada;10
5215405;521540505;Ouro Verde de Goiás;05
5215504;521550405;Ouvidor;05
5215603;521560305;Padre Bernardo;05
5215603;521560307;Mariápolis e Taboquinha;07
5215603;521560320;Monte Alto;20
5215603;521560325;Trajanópolis;25
5215652;521565205;Palestina de Goiás;05
5215702;521570205;Palmeiras de Goiás;05
5215801;521580105;Palmelo;05
5215900;521590005;Palminópolis;05
5216007;521600705;Panamá;05
5216304;521630405;Paranaiguara;05
5216403;521640305;Paraúna;05
5216452;521645205;Perolândia;05
5216809;521680905;Petrolina de Goiás;05
5216908;521690805;Pilar de Goiás;05
5217104;521710405;Piracanjuba;05
5217203;521720305;Piranhas;05
5217302;521730205;Pirenópolis;05
5217302;521730210;Lagolândia;10
5217401;521740105;Pires do Rio;05
5217609;521760905;Planaltina;05
5217609;521760910;Córrego Rico;10
5217609;521760915;São Gabriel de Goiás;15
5217708;521770805;Pontalina;05
5218003;521800305;Porangatu;05
5218052;521805205;Porteirão;05
5218102;521810205;Portelândia;05
5218300;521830005;Posse;05
5218391;521839105;Professor Jamil;05
5218508;521850805;Quirinópolis;05
5218607;521860705;Rialma;05
5218607;521860710;Castrinópolis;10
5218706;521870605;Rianápolis;05
5218789;521878905;Rio Quente;05
5218805;521880505;Rio Verde;05
5218805;521880512;Lagoa do Bauzinho;12
5218805;521880515;Ouroana;15
5218805;521880520;Riverlândia;20
5218904;521890405;Rubiataba;05
5218904;521890415;Valdelândia;15
5219001;521900105;Sanclerlândia;05
5219100;521910005;Santa Bárbara de Goiás;05
5219209;521920905;Santa Cruz de Goiás;05
5219258;521925805;Santa Fé de Goiás;05
5219308;521930805;Santa Helena de Goiás;05
5219357;521935705;Santa Isabel;05
5219357;521935712;Cirilândia;12
5219407;521940705;Santa Rita do Araguaia;05
5219456;521945605;Santa Rita do Novo Destino;05
5219506;521950605;Santa Rosa de Goiás;05
5219605;521960505;Santa Tereza de Goiás;05
5219704;521970405;Santa Terezinha de Goiás;05
5219712;521971205;Santo Antônio da Barra;05
5219738;521973805;Santo Antônio de Goiás;05
5219753;521975305;Santo Antônio do Descoberto;05
5219803;521980305;São Domingos;05
5219902;521990205;São Francisco de Goiás;05
5220009;522000905;São João d'Aliança;05
5220009;522000910;Forte;10
5220058;522005805;São João da Paraúna;05
5220108;522010805;São Luís de Montes Belos;05
5220108;522010810;Rosalândia;10
5220157;522015705;São Luiz do Norte;05
5220207;522020705;São Miguel do Araguaia;05
5220264;522026405;São Miguel do Passa Quatro;05
5220280;522028005;São Patrício;05
5220405;522040505;São Simão;05
5220405;522040510;Itaguaçu;10
5220454;522045405;Senador Canedo;05
5220504;522050405;Serranópolis;05
5220603;522060305;Silvânia;05
5220686;522068605;Simolândia;05
5220702;522070205;Sítio d'Abadia;05
5221007;522100705;Taquaral de Goiás;05
5221080;522108005;Teresina de Goiás;05
5221197;522119705;Terezópolis de Goiás;05
5221304;522130405;Três Ranchos;05
5221403;522140305;Trindade;05
5221452;522145205;Trombas;05
5221502;522150205;Turvânia;05
5221551;522155105;Turvelândia;05
5221577;522157705;Uirapuru;05
5221601;522160105;Uruaçu;05
5221601;522160115;Geriaçu;15
5221601;522160120;Pau Terra;20
5221700;522170005;Uruana;05
5221700;522170010;Uruíta;10
5221700;522170020;Uruceres;20
5221809;522180905;Urutaí;05
5221858;522185805;Valparaíso de Goiás;05
5221908;522190805;Varjão;05
5222005;522200505;Vianópolis;05
5222005;522200510;Caraíba;10
5222054;522205405;Vicentinópolis;05
5222203;522220305;Vila Boa;05
5222302;522230205;Vila Propício;05
5222302;522230210;Assunção de Goiás;10
5300108;530010805;Brasília;05
