id;nome;ativo
1;UNIVERSIDADE FEDERAL DE MATO GROSSO;1
2;UNIVERSIDADE DE BRASILIA;1
3;UNIVERSIDADE FEDERAL DE SERGIPE;1
4;UNIVERSIDADE FEDERAL DO AMAZONAS;1
5;UNIVERSIDADE FEDERAL DO PIAUI;1
6;UNIVERSIDADE FEDERAL DE OURO PRETO;1
7;UNIVERSIDADE FEDERAL DE SAO CARLOS;1
8;UNIVERSIDADE FEDERAL DE VICOSA;1
9;UNIVERSIDADE ESTADUAL DE LONDRINA;1
10;PONTIFICIA UNIVERSIDADE CATOLICA DO PARANA;1
11;UNIVERSIDADE CATOLICA DE PERNAMBUCO;1
12;UNIVERSIDADE FEDERAL DO RIO GRANDE;1
13;UNIVERSIDADE DE CAXIAS DO SUL;1
14;UNIVERSIDADE DO VALE DO RIO DOS SINOS;1
15;UNIVERSIDADE CATOLICA DE PETROPOLIS;1
16;UNIVERSIDADE GAMA FILHO;0
17;UNIVERSIDADE FEDERAL DE UBERLANDIA;1
18;UNIVERSIDADE CATOLICA DE PELOTAS;1
19;PONTIFICIA UNIVERSIDADE CATOLICA DE CAMPINAS;1
20;UNIVERSIDADE DE PASSO FUNDO;1
21;PONTIFICIA UNIVERSIDADE CATOLICA DO RIO GRANDE DO SUL;1
22;UNIVERSIDADE PRESBITERIANA MACKENZIE;1
23;UNIVERSIDADE FEEVALE;1
24;UNIVERSIDADE ESTADUAL DE SANTA CRUZ;1
26;ESCOLA NACIONAL DE CIENCIAS ESTATISTICAS;1
27;CENTRO UNIVERSITARIO UNINCOR;1
29;UNIVERSIDADE ESTADUAL DO CEARA;1
30;UNIVERSIDADE PROFESSOR EDSON ANTONIO VELANO;1
31;CENTRO DE EDUCACAO TECNICA DA UTRAMIG;1
32;UNIVERSIDADE ESTADUAL DE CIENCIAS DA SAUDE DE ALAGOAS UNCISAL;1
33;FACULDADE DE TECNOLOGIA DE SOROCABA;1
34;FACULDADE DE TECNOLOGIA DE SAO PAULO;1
35;"FACULDADE DE TECNOLOGIA DE AMERICANA ""MINISTRO RALPH BIASI""";1
36;FACULDADE DE TECNOLOGIA RUBENS LARA;1
37;FACULDADE DE TECNOLOGIA DE JAHU;1
38;UNIVERSIDADE DO ESTADO DO PARA;1
39;INSTITUTO DE TECNOLOGIA DA AMAZONIA;0
40;UNIVERSIDADE DO ESTADO DA BAHIA;1
41;FACULDADE ESTADUAL DE EDUCACAO FISICA DE JACAREZINHO;0
42;FACULDADE ESTADUAL DE DIREITO DO NORTE PIONEIRO;0
43;FUNDACAO UNIVERSIDADE DO ESTADO DE SANTA CATARINA;1
44;FACULDADE DE ENGENHARIA CIVIL DE ITAJUBA;0
45;FACULDADE DE FILOSOFIA CIENCIAS E LETRAS DE ITAJUBA;0
46;FACULDADE ESTADUAL DE CIENCIAS ECONOMICAS DE APUCARANA;0
47;UNIVERSIDADE ESTADUAL DE GOIAS;1
54;UNIVERSIDADE ESTADUAL DE CAMPINAS;1
55;UNIVERSIDADE DE SAO PAULO;1
56;UNIVERSIDADE ESTADUAL PAULISTA JULIO DE MESQUITA FILHO;1
57;UNIVERSIDADE ESTADUAL DE MARINGA;1
58;FACULDADE DE DIREITO DE SAO BERNARDO DO CAMPO;1
59;FACULDADE DE DIREITO DE FRANCA;1
60;CENTRO UNIVERSITARIO MUNICIPAL DE FRANCA;1
61;ESCOLA SUPERIOR DE EDUCACAO FISICA DE AVARE;0
62;FACULDADE DE CIENCIAS E LETRAS DE AVARE;0
63;FACULDADE DE CIENCIAS DE BARRETOS;0
64;FACULDADE DE ENGENHARIA DE BARRETOS;0
65;FACULDADE DE ODONTOLOGIA DE BARRETOS;0
66;FACULDADE DE DIREITO E ADMINISTRACAO DE BARRETOS;0
67;ESCOLA DE ENGENHARIA DE PIRACICABA;1
68;FACULDADE DE FILOSOFIA CIENCIAS E LETRAS DE PENAPOLIS;1
71;UNIVERSIDADE DO ESTADO DO RIO GRANDE DO NORTE;1
72;FACULDADE DE FORMACAO DE PROFESSORES DA MATA SUL;1
73;CENTRO DE ENSINO SUPERIOR DE ARCOVERDE;1
74;FACULDADE DE FILOSOFIA CIENCIAS E LETRAS DE SAO JOSE DO RIO PARDO;1
75;FACULDADE ESTADUAL DE EDUCACAO CIENCIAS E LETRAS DE PARANAVAI;0
76;UNIVERSIDADE REGIONAL DE BLUMENAU;1
77;FACULDADE DA REGIAO DOS LAGOS;1
78;FACULDADE DE FILOSOFIA CIENCIAS E LETRAS DE ALEGRE;1
79;INSTITUTO MUNICIPAL DE ENSINO SUPERIOR DE CATANDUVA;1
80;CENTRO UNIVERSITARIO PARA O DESENVOLVIMENTO DO ALTO VALE DO ITAJAI;1
81;UNIVERSIDADE DA REGIAO DE JOINVILLE;1
82;UNIVERSIDADE DO OESTE DE SANTA CATARINA;1
83;UNIVERSIDADE DO VALE DO ITAJAI;1
84;FACULDADE DE FILOSOFIA CIENCIAS E LETRAS DE MACAE;0
85;FACULDADE DE FILOSOFIA DE ITAPERUNA;0
86;FACULDADE DE CIENCIAS HUMANAS E SOCIAIS PADRE HUMBERTO;0
87;CENTRO UNIVERSITARIO DE BRUSQUE;1
88;FACULDADE DE FORMACAO DE PROFESSORES DE PENEDO;0
89;FUNDACAO FACULDADES LUIZ MENEGHEL;0
90;ESCOLA SUPERIOR DE EDUCACAO CIENCIAS E LETRAS DE RIO VERDE;0
91;ESCOLA SUPERIOR DE CIENCIAS AGRARIAS DE RIO VERDE;0
92;ESCOLA SUPERIOR CIENCIAS HUMANAS E EXATAS DE RIO VERDE;0
93;FACULDADE DE MEDICINA DE JUNDIAI;1
94;ESCOLA SUPERIOR DE EDUCACAO FISICA DE JUNDIAI;1
95;UNIVERSIDADE ESTADUAL VALE DO ACARAU;1
96;FACULDADE DE FILOSOFIA CIENCIAS E LETRAS PROFESSOR JOSE AUGUSTO VIEIRA;0
97;ESCOLA SUPERIOR DE AGRICULTURA E CIENCIAS DE MACHADO;0
98;FACULDADE DE ADMINISTRACAO E FINANCAS DE MACHADO;0
99;FACULDADE DE DIREITO DE CONSELHEIRO LAFAIETE;1
100;FACULDADE DE FILOSOFIA CIENCIAS E LETRAS DE ARAXA;0
101;FACULDADE DE CIENCIAS GERENCIAIS DO ALTO PARANAIBA;0
102;FACULDADE DE DIREITO DO ALTO PARANAIBA;0
103;FACULDADE DE FILOSOFIA CIENCIAS E LETRAS DE ARAGUARI;0
104;FACULDADE DE CIENCIAS ECONOMICAS DE PATOS;0
105;FACULDADE DE FILOSOFIA CIENCIAS E LETRAS DE PATOS;0
106;FACULDADE DE EDUCACAO DE PATOS;0
107;UNIVERSIDADE FEDERAL DE SAO JOAO DEL REI;1
108;ESCOLA SUPERIOR DE EDUCACAO FISICA E TECNICAS DESPORTIVAS DE ANDRADINA;0
109;FACULDADES INTEGRADAS RUI BARBOSA;1
110;FACULDADE DE DIREITO DE SETE LAGOAS;0
111;FACULDADE DE FILOSOFIA CIENCIAS E LETRAS DE SETE LAGOAS;0
122;FACULDADE DE ENGENHARIA DE AGRIMENSURA DE ARARAQUARA;0
123;FACULDADE DE ENGENHARIA CIVIL DE ARARAQUARA;0
124;UNIVERSIDADE DE ARARAQUARA;1
125;CENTRO UNIVERSITARIO DE ARARAS;1
126;INSTITUTO NACIONAL DE TELECOMUNICACOES;1
127;FACULDADE DE CIENCIAS SOCIAIS APLICADAS DE ATIBAIA;0
128;FACULDADE DE FILOSOFIA CIENCIAS E LETRAS DE TEOFILO OTONI;0
129;FACULDADE DE DIREITO DE TEOFILO OTONI;0
130;FACULDADE DE ADMINISTRACAO DE TEOFILO OTONI;0
131;FACULDADE VERITAS COLLEGE;0
132;FACULDADE DE EDUCACAO ANTONIO AUGUSTO REIS NEVES;0
133;FACULDADE DE CIENCIAS CONTABEIS DE BARRETOS;0
134;FACULDADE DE TECNOLOGIA E PROCESSAMENTO DE DADOS BARRETOS;0
135;CLARETIANO CENTRO UNIVERSITARIO;1
136;FACULDADE DE FILOSOFIA CIENCIAS E LETRAS DE BEBEDOURO;0
137;CENTRO UNIVERSITARIO SAGRADO CORACAO;1
138;CENTRO UNIVERSITARIO BARAO DE MAUA;1
139;FACULDADE UNIBRASILIA DE CIENCIAS ECONOMICAS DE MINAS GERAIS;0
140;UNIVERSIDADE DE VASSOURAS;1
141;FACULDADE DE DIREITO DE VARGINHA FADIVA;1
142;CENTRO UNIVERSITARIO DO TRIANGULO;1
143;UNIVERSIDADE DE UBERABA;1
144;FACULDADE DE CIENCIAS HUMANAS DE OLINDA;1
145;FACULDADE DE CIENCIAS HUMANAS E SOCIAIS;0
146;CENTRO UNIVERSITARIO DE RIO PRETO;1
149;FACULDADE DE MEDICINA DE SAO JOSE DO RIO PRETO;1
150;UNIVERSIDADE DE SOROCABA;1
151;ESCOLA DE ADMINISTRACAO DE EMPRESAS DE SAO PAULO FGV EAESP;1
152;FACULDADE DE CIENCIAS CONTABEIS;1
158;CONSERVATORIO BRASILEIRO DE MUSICA CENTRO UNIVERSITARIO BRASILEIRO DE EDUCACAO;1
159;FACULDADE NOVA ROMA CARUARU;1
160;CENTRO UNIVERSITARIO FRASSINETTI DO RECIFE;1
161;CENTRO UNIVERSITARIO ASSUNCAO;1
162;CENTRO UNIVERSITARIO BELAS ARTES DE SAO PAULO;1
163;UNIVERSIDADE ESTACIO DE SA;1
165;UNIVERSIDADE VEIGA DE ALMEIDA;1
166;FAI CENTRO DE ENSINO SUPERIOR EM GESTAO TECNOLOGIA E EDUCACAO;1
167;UNIVERSIDADE METODISTA DE SAO PAULO;1
170;FUNVIC FACULDADE FUNVIC DE MOCOCA;1
171;FACULDADE DE DIREITO DO SUL DE MINAS;1
172;FACULDADE DE FILOSOFIA CIENCIAS E LETRAS EUGENIO PACELLI;0
173;FACULDADE DE CIENCIAS MEDICAS DR JOSE ANTONIO GARCIA COUTINHO;0
174;INSTITUTO SUPERIOR DE ESTUDOS SOCIAIS CLOVIS BEVILACQUA;0
176;UNIVERSIDADE CASTELO BRANCO;1
177;FACULDADE DE CIENCIAS ECONOMICAS E DE ADMINISTRACAO DE EMPRESAS DE SAO JOSE DO RIO PRETO;0
178;FACULDADE DE ENGENHARIA DE SAO JOSE DO RIO PRETO;0
179;FACULDADE DE ARQUITETURA E URBANISMO DE SAO JOSE DO RIO PRETO;0
180;FACULDADE DE DIREITO DE CARUARU;0
181;FACULDADE DE ODONTOLOGIA DE CARUARU;0
190;ESCOLA DE MEDICINA SOUZA MARQUES DA FUNDACAO TECNICOEDUCACIONAL SOUZA MARQUES;1
191;FACULDADE DE CIENCIAS CONTABEIS E DE ADMINISTRACAO DE EMPRESAS;1
192;FACULDADE SOUZA MARQUES;1
193;FACULDADE DE ENGENHARIA SOUZA MARQUES;1
194;ESCOLA DE ENFERMAGEM DA FUNDACAO TECNICO EDUCACIONAL SOUZA MARQUES;1
195;FACULDADE PRESBITERIANA MACKENZIE RIO;1
197;FACULDADE DE EDUCACAO SUPERIOR DO PARANA;1
198;CENTRO UNIVERSITARIO DA CIDADE;0
199;FACULDADE SAO LUIS;0
200;FACULDADE CASPER LIBERO;1
201;FACULDADE BRASILEIRA DE CIENCIAS JURIDICAS;0
202;FACULDADE DO RIO DE JANEIRO;1
203;UNIVERSIDADE SAO JUDAS TADEU;1
206;CENTRO UNIVERSITARIO CATOLICO ITALO BRASILEIRO;1
207;CENTRO UNIVERSITARIO MOURA LACERDA;1
208;UNIVERSIDADE DE RIBEIRAO PRETO;1
210;FACULDADE DE FILOSOFIA CIENCIAS E LETRAS DE SANTO ANDRE;0
211;FACULDADE DE CIENCIAS ECONOMICAS E ADMINISTR1S DE SANTO ANDRE;0
212;FACULDADE DE FILOSOFIA DE CAMPO GRANDE;0
213;CENTRO UNIVERSITARIO ALVARES PENTEADO;1
214;FACULDADE DE ENGENHARIA DE MINAS GERAIS FEAMIG;1
215;UNIVERSIDADE DO GRANDE ABC;0
216;CENTRO UNIVERSITARIO METODISTA IZABELA HENDRIX;1
217;CENTRO UNIVERSITARIO DAS FACULDADES ASSOCIADAS DE ENSINO FAE;1
218;FACULDADE DE FILOSOFIA CIENCIAS E LETRAS DE DUQUE DE CAXIAS;0
219;FACULDADE DE EDUCACAO CIENCIAS E ARTES DOM BOSCO DE MONTE APRAZIVEL;1
220;FACULDADE SAO JUDAS TADEU;1
221;UNIVERSIDADE CRUZEIRO DO SUL;1
222;CENTRO UNIVERSITARIO DE VOTUPORANGA;1
223;FACULDADE DE EDUCACAO FISICA DE SANTO ANDRE;0
224;CENTRO UNIVERSITARIO FMABC;1
225;FACULDADE DE SANTO ANDRE;1
226;CENTRO UNIVERSITARIO LUSIADA;1
227;UNIVERSIDADE CATOLICA DE SANTOS;1
228;FACULDADE DE ENGENHARIA INDUSTRIAL DE SAO BERNARDO DO CAMPO;0
229;ESCOLA SUPERIOR DE ADMINISTRACAO DE NEGOCIOS DE SAO BERNARDO DO CAMPO;0
230;ESCOLA SUPERIOR DE ADMINISTRACAO DE NEGOCIOS DE SAO PAULO;0
231;FACULDADE DE SAO BERNARDO DO CAMPO;1
234;FACULDADES OSWALDO CRUZ;1
236;FACULDADE DE CIENCIAS CONTABEIS E ADMINISTR1S DE SAO JOAO DA BOA VISTA;0
237;FACULDADE DE DIREITO DE SAO JOAO DA BOA VISTA;0
238;FACULDADE DE FILOSOFIA CIENCIAS E LETRAS DE SAO JOAO DA BOA VISTA;0
239;FACULDADE DE MEDICINA VETERINARIA OCTAVIO BASTOS;0
240;UNIVERSIDADE SANTA URSULA;1
241;FACULDADE DE ENGENHARIA QUIMICA DE LORENA;0
242;CENTRO UNIVERSITARIO ANHANGUERA PITAGORAS AMPLI;1
243;FACULDADE DO CLUBE NAUTICO MOGIANO;1
244;CENTRO UNIVERSITARIO FIEO;1
245;FACULDADE DE ADMINISTRACAO;0
254;CENTRO UNIVERSITARIO UNIBAN;1
255;FACULDADE DE ENGENHARIA E AGRIMENSURA DE PIRASSUNUNGA FEAP;0
256;FACULDADE DE PIRAJU;0
257;FACULDADE DE ADMINISTRACAO E CIENCIAS CONTABEIS LUZWELL;0
263;FACULDADES INTEGRADAS CAMPOS SALLES;1
264;UNIVERSIDADE SAO MARCOS;0
265;CENTRO UNIVERSITARIO DAS FACULDADES INTEGRADAS DE OURINHOS;1
266;UNIVERSIDADE METODISTA DE PIRACICABA;1
267;CENTRO UNIVERSITARIO ESPIRITOSANTENSE/FAESA;1
268;FACULDADE DE DIREITO DA ALTA PAULISTA;0
269;FACULDADE FACCAT;1
270;FACULDADE DE TUPA;0
271;UNIVERSIDADE DO OESTE PAULISTA;1
273;ESCOLA DE ENGENHARIA INDUSTRIAL DE SAO JOSE DOS CAMPOS;0
274;FACULDADE DE CIENCIAS APLICADAS DE SAO JOSE DOS CAMPOS;0
275;UNIVERSIDADE DO VALE DO PARAIBA;1
276;FACULDADE DE DIREITO DE SOROCABA;1
277;CENTRO UNIVERSITARIO AUGUSTO MOTTA;1
278;FACULDADES INTEGRADAS SIMONSEN;1
279;CENTRO UNIVERSITARIO HELIO ALONSO;1
280;FACULDADE DE DIREITO DO OESTE DE MINAS;0
281;CONSERVATORIO DRAMATICO MUSICAL SAO PAULO;0
282;FACULDADE DE CIENCIAS ADMINISTRATIVAS E CONTABEIS COSTA BRAGA;0
283;FACULDADE DE EDUCACAO COSTA BRAGA;0
284;FACULDADE DE MEDICINA DE ITAJUBA;1
288;FACULDADE DE DIREITO DO VALE DO RIO DOCE;1
289;FACULDADE DE EDUCACAO DE JOINVILLE;0
290;FACULDADE DE DIREITO DE JOINVILLE;0
291;FACULDADE DE PSICOLOGIA DE JOINVILLE;0
292;FACULDADE DE CIENCIAS DA SAUDE DE JOINVILLE;0
293;FACULDADE DE CIENCIAS E TECNOLOGIA DE JOINVILLE;0
294;FACULDADE TRES DE MAIO;1
295;UNIVERSIDADE DE SANTA CRUZ DO SUL;1
296;CENTRO UNIVERSITARIO DA REGIAO DA CAMPANHA;1
297;FACULDADE DE CIENCIAS CONTABEIS E ADMINISTR1S SAO JUDAS TADEU;0
298;UNIVERSIDADE PITAGORAS UNOPAR ANHANGUERA;1
299;FACULDADE DE JANDAIA DO SUL;1
300;FACULDADE DE FILOSOFIA CIENCIAS E LETRAS DE FORMIGA;0
301;ESCOLA DE BIBLIOTECONOMIA;0
302;FACULDADE DIVINOPOLIS;0
303;FACULDADE DE FILOSOFIA CIENCIAS E LETRAS DE CATAGUASES;0
304;FACULDADE DE CIENCIAS CONTABEIS DE CARATINGA;0
307;FACULDADE DE MEDICINA DE BARBACENA;1
308;CENTRO UNIVERSITARIO PRESIDENTE ANTONIO CARLOS;1
316;UNIVERSIDADE NOVE DE JULHO;1
317;FACULDADES INTEGRADAS ALCANTARA MACHADO;0
318;FACULDADE DE ARTES ALCANTARA MACHADO;0
319;UNIVERSIDADE BRASIL;1
320;FACULDADE DE FILOSOFIA CIENCIAS E LETRAS DE TATUI;0
321;FACULDADE UNIDAS DE TATUI;0
322;UNIVERSIDADE PAULISTA;1
328;FACULDADE DE CIENCIAS JURIDICAS E SOCIAIS VIANNA JUNIOR;0
329;ESCOLA SUPERIOR DE AGRONOMIA DE PARAGUACU PAULISTA;0
330;UNIVERSIDADE IGUACU;1
332;ESCOLA DE ENGENHARIA DE LINS;0
333;FACULDADE DE INFORMATICA DE LINS;0
334;FACULDADE DE SERVICO SOCIAL DE LINS;0
335;FACULDADE DE EDUCACAO E CIENCIAS PINHEIRENSE;0
336;FACULDADE MACHADO SOBRINHO;0
337;CENTRO UNIVERSITARIO ACADEMIA;1
338;PONTIFICIA UNIVERSIDADE CATOLICA DE MINAS GERAIS;1
339;FACULDADE UNINEVES;1
343;CENTRO UNIVERSITARIO NEWTON PAIVA;1
344;CENTRO UNIVERSITARIO UNA;1
345;ESCOLA DE ENGENHARIA KENNEDY;1
346;INSTITUTO SUPERIOR DE CIENCIAS APLICADAS ISCA;1
349;CENTRO UNIVERSITARIO DE BELO HORIZONTE;1
351;FACULDADE DE CIENCIAS MEDICAS DE MINAS GERAIS;1
352;CENTRO UNIVERSITARIO DE JOAO PESSOA;1
353;FACULDADE EVANGELICA MACKENZIE DO PARANA;1
355;UNIVERSIDADE TUIUTI DO PARANA;1
359;ESCOLA SUPERIOR DE EDUCACAO FISICA DE MUZAMBINHO;0
360;CENTRO UNIVERSITARIO PAULISTANA;1
361;FACULDADE PAULISTA DE SERVICO SOCIAL DE SAO CAETANO DO SUL;1
362;FACULDADE PRIMUM;1
363;FACULDADE MOZARTEUM DE SAO PAULO;1
364;FACULDADE DE CIENCIAS CONTABEIS DE PONTE NOVA;0
367;UNIVERSIDADE ESTADUAL DE MONTES CLAROS;1
368;FACULDADE DE EDUCACAO FISICA DA ASSOCIACAO CRISTA DE MOCOS DE SOROCABA;1
369;FACULDADE AUXILIUM DE FILOSOFIA CIENCIAS E LETRAS DE LINS;0
370;FACULDADE PAULISTA DE ARTES;1
371;FACULDADE DE MUSICA CARLOS GOMES;1
372;FACULDADE DE BIBLIOTECONOMIA E CIENCIA DA INFORMACAO;1
373;ESCOLA DE SOCIOLOGIA E POLITICA DE SAO PAULO;1
374;CENTRO UNIVERSITARIO DAS FACULDADES METROPOLITANAS UNIDAS;1
375;UNIVERSIDADE SANTO AMARO;1
376;CENTRO UNIVERSITARIO ANHANGUERA DE SAO PAULO;1
377;FACULDADE DE EDUCACAO PADRE ANCHIETA;0
378;FACULDADE DE DIREITO PADRE ANCHIETA;0
379;FACULDADE DE CIENCIAS E LETRAS PADRE ANCHIETA;0
380;FACULDADE DE CIENCIAS ECONOMICAS CONTABEIS E DE ADM DE EMPRESAS PADRE ANCHIETA;0
381;FACULDADE DE PSICOLOGIA PADRE ANCHIETA;0
382;FACULDADE DE TECNOLOGIA PADRE ANCHIETA;0
383;UNIVERSIDADE DA AMAZONIA;1
384;UNIVERSIDADE EVANGELICA DE GOIAS;1
385;UNIVERSIDADE SALVADOR;1
386;CENTRO UNIVERSITARIO DE GOIAS;1
387;UNIVERSIDADE CATOLICA DOM BOSCO;1
388;FACULDADE DE CIENCIAS CONTABEIS E ATUARIAIS DA ALTA NOROESTE;0
389;FACULDADE DE CIENCIAS ADMINISTRATIVAS E CONTABEIS DE LINS;0
390;FACULDADE DE EDUCACAO FISICA DE LINS;0
391;FACULDADE DE TECNOLOGIA DA ALTA NOROESTE;0
395;FACULDADE DE CIENCIAS CONTABEIS DE LUCELIA;0
396;CENTRO UNIVERSITARIO RUY BARBOSA WYDEN;1
397;FACULDADE RUY BARBOSA DE TECNOLOGIA EM PROCESSAMENTO DE DADOS;0
398;UNIVERSIDADE TIRADENTES;1
399;ESCOLA DE ENGENHARIA DE AGRIMENSURA;0
400;FACULDADE DE DIREITO DE OLINDA;0
401;CENTRO DE ESTUDOS SUPERIORES BARROS MELO;0
402;CENTRO UNIVERSITARIO DE BRASILIA;1
403;UNIVERSIDADE CATOLICA DE BRASILIA;1
404;FACULDADES INTEGRADAS DA UPIS;1
405;FOCCA FACULDADE DE OLINDA;1
408;ESCOLA SUPERIOR DE RELACOES PUBLICAS;0
409;UNIVERSIDADE DE PERNAMBUCO;1
410;FACULDADE DE CIENCIAS HUMANAS ESUDA;1
413;FACULDADE PORTOALEGRENSE DE EDUCACAO CIENCIAS E LETRAS;0
414;FACULDADE PORTOALEGRENSE DE CIENCIAS CONTABEIS E ADMINISTR1S;0
415;FACULDADE DE CIENCIAS MEDICAS DA SANTA CASA SAO PAULO;1
416;FACULDADE DE SAO PAULO;1
417;UNIVERSIDADE CIDADE DE SAO PAULO;1
420;UNIVERSIDADE DE MARILIA;1
421;FACULDADE ESTADUAL DE CIENCIAS E LETRAS DE CAMPO MOURAO;0
423;UNIVERSIDADE REGIONAL INTEGRADA DO ALTO URUGUAI E DAS MISSOES;1
424;FACULDADE DE CIENCIAS CONTABEIS E ADMINISTR1S DE SANTA ROSA;0
425;FACULDADE DE EDUCACAO ARTISTICA DE SANTA ROSA;0
426;UNIVERSIDADE FRANCISCANA;1
428;FACULDADE DE CIENCIAS CONTABEIS E DE ADMINISTRACAO DE MARILIA;0
429;FACULDADE DE DIREITO DE MARILIA;0
430;CENTRO UNIVERSITARIO FILADELFIA;1
431;FACULDADE DE MEDICINA DE MARILIA;1
432;FACULDADE PARANAENSE;1
433;FACULDADE DE FILOSOFIA CIENCIAS E LETRAS DE PALMAS;0
434;FACULDADE SANTA MARCELINA;1
435;FACULDADE SANTA MARCELINA MURIAE FASM;1
436;FACULDADE DE CIENCIAS DA SAUDE;0
437;UNIVERSIDADE PARANAENSE;1
438;FACULDADE DE FILOSOFIA CIENCIAS E LETRAS DE ITUVERAVA;1
439;FACULDADE DOUTOR FRANCISCO MAEDA;1
440;FACULDADE DE DIREITO DE ITU;1
441;UNIVERSIDADE DO CONTESTADO;1
442;FACULDADE DE FILOSOFIA CIENCIAS E LETRAS DE ITARARE;0
443;FACULDADE DE CIENCIAS CONTABEIS E ADMINISTR1S DE ITARARE;0
446;UNIVERSIDADE DE CRUZ ALTA;1
447;FACULDADE CATOLICA DE CIENCIAS ECONOMICAS DA BAHIA;0
448;CENTRO UNIVERSITARIO RITTER DOS REIS;1
449;UNIVERSIDADE LUTERANA DO BRASIL;1
450;CENTRO UNIVERSITARIO SAO LUCAS JIPARANA;1
451;CENTRO UNIVERSITARIO LUTERANO DE SANTAREM;1
452;CENTRO UNIVERSITARIO LUTERANO DE MANAUS;1
453;CENTRO UNIVERSITARIO LUTERANO DE PALMAS;1
454;FACULDADE CAMAQUENSE DE CIENCIAS CONTABEIS E ADMINISTRATIVAS;1
455;FACULDADE DE FORMACAO DE PROFESSORES E ESPECIALISTAS DE EDUCACAO;0
456;CENTRO UNIVERSITARIO SANT?ANNA;1
457;UNIVERSIDADE ANHANGUERA DE SAO PAULO;1
458;UNIVERSIDADE IBIRAPUERA;1
459;FACULDADE RENASCENCA;0
460;FACULDADE DE ARTES PLASTICAS DA FUNDACAO ARMANDO ALVARES PENTEADO;0
461;CENTRO UNIVERSITARIO ARMANDO ALVARES PENTEADO;1
462;FACULDADE DE ENGENHARIA DA FUNDACAO ARMANDO ALVARES PENTEADO;0
463;FACULDADE DE COMUNICACAO E MARKETING DA FUNDACAO ARMANDO ALVARES PENTEADO;0
464;FACULDADE DE ECONOMIA DA FUNDACAO ARMANDO ALVARES PENTEADO;0
465;FACULDADE DE COMPUTACAO E INFORMATICA DA FUNDACAO ARMANDO ALVARES PENTEADO;0
466;UNIVERSIDADE ANHEMBI MORUMBI;1
467;FACULDADE DE CIENCIAS CONTABEIS DE ITAPETININGA;0
468;FACULDADE DE FILOSOFIA CIENCIAS E LETRAS DE ITAPETININGA;0
469;ABEU FACULDADES INTEGRADAS;0
470;FACULDADE DE ODONTOLOGIA DE NOVA FRIBURGO;0
472;UNIVERSIDADE DO GRANDE RIO PROFESSOR JOSE DE SOUZA HERDY;1
473;CENTRO UNIVERSITARIO DOM BOSCO DO RIO DE JANEIRO;1
474;FACULDADE DE FILOSOFIA CIENCIAS E LETRAS DOM BOSCO;1
475;FACULDADE DE MEDICINA DE PETROPOLIS;1
480;CENTRO UNIVERSITARIO SERRA DOS ORGAOS;1
481;UNIVERSIDADE UNIVERSUS VERITAS GUARULHOS;1
482;UNIVERSIDADE DO EXTREMO SUL CATARINENSE;1
483;CENTRO UNIVERSITARIO METROPOLITANO DE SAO PAULO;1
486;FACULDADE DE FORMACAO DE PROFESSORES DE ARAPIRACA;0
487;FACULDADE DE ADMINISTRACAO CIENCIAS CONTABEIS JURIDICAS E SOCIAIS DO ESTADO DE ALAGOAS;0
488;ESCOLA SUPERIOR DE CIENCIAS HUMANAS FISICAS E BIOLOGICAS DO SERTAO;0
489;CENTRO UNIVERSITARIO DE VOLTA REDONDA;1
490;CENTRO UNIVERSITARIO DE VALENCA;1
491;CENTRO UNIVERSITARIO DON DOMENICO;1
492;FACULDADE DE ADMINISTRACAO CIENCIAS ECON E CONTABEIS DE GUARATINGUETA;1
493;FACULDADE DE EDUCACAO DE GUARATINGUETA;1
494;UNIVERSIDADE DO SUL DE SANTA CATARINA;1
495;FACULDADE DE CIENCIAS E LETRAS DE BRAGANCA PAULISTA;1
496;UNIVERSIDADE DE FRANCA;1
498;ESCOLA SUPERIOR DE EDUCACAO FISICA E DESPORTOS DE CATANDUVA;0
499;FACULDADE DE DIREITO E ADMINISTRACAO CATANDUVA;0
500;FACULDADE DE MEDICINA DE CATANDUVA;0
501;ESCOLA SUPERIOR DE CIENCIAS DA SANTA CASA DE MISERICORDIA DE VITORIA;1
502;CENTRO UNIVERSITARIO SAO JUDAS TADEU;1
503;FACULDADE DE DIREITO DE CAMPOS;0
504;FACULDADE DE ODONTOLOGIA DE CAMPOS;0
505;FACULDADE DE FILOSOFIA DE CAMPOS;0
506;FACULDADE DE MEDICINA DE CAMPOS;1
507;FACULDADE MAIS DE ITUIUTABA;1
508;FACULDADE DE CIENCIAS SOCIAIS APLICADAS DO SUL DE MINAS FACESM;1
509;FACULDADES INTEGRADAS DE CRUZEIRO;0
510;FACULDADE WENCESLAU BRAZ;1
511;FACULDADE DE FILOSOFIA CIENCIAS E LETRAS DE GUAXUPE;0
512;FACULDADE DE CIENCIAS ADMINISTR1S ECONOMICAS E CONTABEIS DE GUAXUPE;0
513;UNIVERSIDADE VALE DO RIO DOCE;1
514;CENTRO UNIVERSITARIO DE BARRA MANSA;1
515;CENTRO UNIVERSITARIO ANHANGUERA PITAGORAS UNOPAR DE NITEROI;1
516;CENTRO UNIVERSITARIO DO RIO DE JANEIRO;1
517;FACULDADE DE EDUCACAO SAO LUIS;1
518;CENTRO UNIVERSITARIO DO DISTRITO FEDERAL;1
519;UNIVERSIDADE CATOLICA DO SALVADOR;1
521;UNIVERSIDADE DE MOGI DAS CRUZES;1
522;CENTRO UNIVERSITARIO CELSO LISBOA;1
524;FACULDADE DE FILOSOFIA CIENCIAS E LETRAS DE OURO FINO;0
526;CENTRO UNIVERSITARIO BRAZ CUBAS;1
527;PONTIFICIA UNIVERSIDADE CATOLICA DE GOIAS;1
528;PONTIFICIA UNIVERSIDADE CATOLICA DO RIO DE JANEIRO;1
530;FACULDADE DE MUSICA DO ESPIRITO SANTO MAURICIO DE OLIVEIRA;1
531;FACULDADE DE FORMACAO DE PROFESSORES DE VITORIA DE SANTO ANTAO;0
532;UNIVERSIDADE REGIONAL DO NOROESTE DO ESTADO DO RIO GRANDE DO SUL;1
533;FACULDADES INTEGRADAS DE ITAPETININGA;1
534;ESCOLA BAHIANA DE MEDICINA E SAUDE PUBLICA;1
535;FUNDACAO FACULDADE DE FILOSOFIA CIENCIAS E LETRAS DE MANDAGUARI;1
543;FACULDADE DE CIENCIAS DA FUNDACAO INSTITUTO TECNOLOGICO DE OSASCO;1
544;FACULDADE DE CIENCIAS HUMANAS DE ITABIRA;0
545;CENTRO UNIVERSITARIO FUNCESI;1
546;PONTIFICIA UNIVERSIDADE CATOLICA DE SAO PAULO;1
547;UNIVERSIDADE DO ESTADO DO RIO DE JANEIRO;1
548;UNIVERSIDADE FEDERAL DO MARANHAO;1
549;UNIVERSIDADE FEDERAL DO ACRE;1
550;UNIVERSIDADE ESTADUAL DA PARAIBA;1
552;FACULDADE DE FILOSOFIA CIENCIAS E LETRAS DE CARATINGA;0
553;FACULDADE DE CIENCIAS ADMINISTR1S DE CARATINGA;0
554;FACULDADE DE FILOSOFIA CIENCIAS E LETRAS DE BOA ESPERANCA;0
555;UNIVERSIDADE DE FORTALEZA;1
556;CONSERVATORIO DE MUSICA DE NITEROI;0
557;ESCOLA DE MUSICA E BELAS ARTES DO PARANA;0
558;FACULDADE DE ARTES DO PARANA;0
568;UNIVERSIDADE ESTADUAL DO MARANHAO;1
569;UNIVERSIDADE FEDERAL DO PARA;1
570;UNIVERSIDADE FEDERAL DO RIO GRANDE DO NORTE;1
571;UNIVERSIDADE FEDERAL DO PARANA;1
572;UNIVERSIDADE FEDERAL FLUMINENSE;1
573;UNIVERSIDADE FEDERAL DO ESPIRITO SANTO;1
574;UNIVERSIDADE FEDERAL RURAL DO RIO DE JANEIRO;1
575;UNIVERSIDADE FEDERAL DE MINAS GERAIS;1
576;UNIVERSIDADE FEDERAL DE JUIZ DE FORA;1
577;UNIVERSIDADE FEDERAL DE ALAGOAS;1
578;UNIVERSIDADE FEDERAL DA BAHIA;1
579;UNIVERSIDADE FEDERAL DA PARAIBA;1
580;UNIVERSIDADE FEDERAL DE PERNAMBUCO;1
581;UNIVERSIDADE FEDERAL DO RIO GRANDE DO SUL;1
582;UNIVERSIDADE FEDERAL DE SANTA MARIA;1
583;UNIVERSIDADE FEDERAL DO CEARA;1
584;UNIVERSIDADE FEDERAL DE GOIAS;1
585;UNIVERSIDADE FEDERAL DE SANTA CATARINA;1
586;UNIVERSIDADE FEDERAL DO RIO DE JANEIRO;1
587;UNIVERSIDADE FEDERAL RURAL DE PERNAMBUCO;1
588;UNIVERSIDADE TECNOLOGICA FEDERAL DO PARANA;1
589;UNIVERSIDADE FEDERAL RURAL DO SEMIARIDO;1
590;UNIVERSIDADE FEDERAL RURAL DA AMAZONIA;1
591;UNIVERSIDADE FEDERAL DE SAO PAULO;1
592;UNIVERSIDADE FEDERAL DE LAVRAS;1
593;CENTRO FEDERAL DE EDUCACAO TECNOLOGICA CELSO SUCKOW DA FONSECA;1
594;CENTRO FEDERAL DE EDUCACAO TECNOLOGICA DE MINAS GERAIS;1
595;UNIVERSIDADE FEDERAL DE ALFENAS;1
596;UNIVERSIDADE FEDERAL DOS VALES DO JEQUITINHONHA E MUCURI;1
597;UNIVERSIDADE FEDERAL DO TRIANGULO MINEIRO;1
598;UNIVERSIDADE FEDERAL DE ITAJUBA UNIFEI;1
599;INSTITUTO FEDERAL DE EDUCACAO CIENCIA E TECNOLOGIA DA BAHIA;1
600;INSTITUTO FEDERAL DE EDUCACAO CIENCIA E TECNOLOGIA DO MARANHAO;1
601;INSTITUTO FEDERAL DE EDUCACAO CIENCIA E TECNOLOGIA DO RIO GRANDE DO SUL;1
602;INSTITUTO TECNOLOGICO DE AERONAUTICA;1
605;UNIVERSIDADE MUNICIPAL DE SAO CAETANO DO SUL;1
606;FACULDADE DE DIREITO DE CACHOEIRO DO ITAPEMIRIM;1
607;FACULDADE DE CIENCIAS CONTABEIS E ADMINISTRATIVAS DE CACHOEIRO DO ITAPEMIRIM;1
608;"ESCOLA SUPERIOR DE CRUZEIRO ""PREFEITO HAMILTON VIEIRA MENDES""";1
609;UNIVERSIDADE ESTADUAL DO OESTE DO PARANA;1
610;CENTRO UNIVERSITARIO MAURICIO DE NASSAU DO RIO DE JANEIRO;1
614;FACULDADE DE FILOSOFIA SANTA DOROTEIA;0
615;FACULDADE DE FILOSOFIA CIENCIAS E LETRAS PROFESSORA NAIR FORTES ABUMERHY;0
616;FACULDADE DE FILOSOFIA CIENCIAS E LETRAS DE GUARULHOS;0
617;FACULDADE DE ENFERMAGEM E OBSTETRICIA DE GUARULHOS;0
618;FACULDADE DE FISIOTERAPIA DE GUARULHOS;0
621;CENTRO UNIVERSITARIO CESMAC;1
622;FACULDADES INTEGRADAS SILVA E SOUZA;0
623;FACULDADES DE FILOSOFIA CIENCIAS E LETRAS DE SANTA CRUZ DO RIO PARDO;0
624;FACULDADE DE FILOSOFIA CIENCIAS E LETRAS CARLOS QUEIROZ;0
625;FACULDADE CENECISTA DE CAPIVARI;1
626;CENTRO UNIVERSITARIO CENECISTA DE OSORIO;1
627;FACULDADE CNEC VARGINHA;1
629;FACULDADE CENECISTA DE VITORIA FACEV;0
630;FACULDADE CENECISTA DE CIENCIAS ADMINISTR1S DE OSORIO;0
631;FACULDADE CNEC FARROUPILHA;1
632;FACULDADE DE CIENCIAS ECONOMICAS ADMINISTR1S E CONTABEIS DE SAO SEBASTIAO DO PARAISO;0
633;INSTITUTO MILITAR DE ENGENHARIA;1
634;UNIVERSIDADE FEDERAL DE PELOTAS;1
636;ESCOLA SUPERIOR DE PROPAGANDA E MARKETING;1
637;FACULDADE DE ENGENHARIA SAO PAULO;0
638;FACULDADE MILTON CAMPOS;1
639;FACULDADE DE DESENHO INDUSTRIAL DE MAUA;0
640;FACULDADE MARIA THEREZA;1
641;UNIVERSIDADE LA SALLE;1
645;CENTRO UNIVERSITARIO CATOLICA DE SANTA CATARINA EM JARAGUA DO SUL;1
646;FACULDADES ASSOCIADAS DE SAO PAULO;0
647;FACULDADE DE ENFERMAGEM LUIZA DE MARILLAC;0
648;FACULDADES ASSOCIADAS DE UBERABA FAZU;1
649;CENTRO UNIVERSITARIO DE UNIAO DA VITORIA;1
650;FACULDADE DE AVARE;0
651;FACULDADE DE ADMINISTRACAO DE GOVERNADOR VALADARES;0
652;CENTRO UNIVERSITARIO SANTA CECILIA;1
657;FACULDADE DE FORMACAO DE PROFESSORES DE SERRA TALHADA;1
659;FACULDADE DE CIENCIAS HUMANAS DO SUL PAULISTA;0
660;FACULDADE METODISTA DO SUL PAULISTA;0
661;CENTRO UNIVERSITARIO PIO DECIMO;1
662;FACULDADES INTEGRADAS CORACAO DE JESUS;0
663;UNIVERSIDADE SALGADO DE OLIVEIRA;1
664;UNIVERSIDADE VILA VELHA;1
665;UNIVERSIDADE DE TAUBATE;1
666;UNIVERSIDADE ESTADUAL DE FEIRA DE SANTANA;1
667;FACULDADES INTEGRADAS DE JACAREPAGUA;0
668;CENTRO UNIVERSITARIO DE ENSINO SUPERIOR DO AMAZONAS;1
669;UNIVERSIDADE NILTON LINS;1
670;UNIVERSIDADE SAO FRANCISCO;1
671;UNIVERSIDADE ANHANGUERA;1
672;CENTRO UNIVERSITARIO FACENS;1
673;CENTRO UNIVERSITARIO DA GRANDE DOURADOS;1
674;CENTRO DE ENSINO SUPERIOR DO VALE SAO FRANCISCO;1
677;FACULDADES REUNIDAS DA ASCE;1
678;FACULDADE DE ODONTOLOGIA DO PLANALTO CENTRAL;0
679;FACULDADE DE REABILITACAO DO PLANALTO CENTRAL;0
680;FACULDADES INTEGRADAS DE PEDRO LEOPOLDO;0
681;FACULDADES INTEGRADAS ANGLOAMERICANO;0
682;FACULDADE DO NOROESTE DE MINAS;1
683;FACULDADE DE CIENCIAS ECONOMICAS DE COLATINA;0
684;FACULDADE DE FILOSOFIA CIENCIAS E LETRAS DE COLATINA;0
685;FACULDADE DO BELO JARDIM;1
686;FACULDADE DE CIENCIAS APLICADAS DE LIMOEIRO;1
687;FACULDADE ESTADUAL DE FILOSOFIA CIENCIAS LETRAS UNIAO DA VITORIA;0
688;UNIVERSIDADE ESTADUAL DO SUDOESTE DA BAHIA;1
689;FACULDADE DE NUTRICAO E FONOAUDIOLOGIA;0
690;FACULDADE DE CIENCIAS CONTABEIS E ADMINISTR1S DE TAQUARA;0
691;FACULDADE DE EDUCACAO DE TAQUARA;0
692;FACULDADE DE PETROLINA;1
693;UNIVERSIDADE FEDERAL DO ESTADO DO RIO DE JANEIRO;1
694;UNIVERSIDADE FEDERAL DE MATO GROSSO DO SUL;1
695;FACULDADE DE FILOSOFIA CIENCIAS E LETRAS DE ITUMBIARA;0
696;FACULDADE DE CIENCIAS AGRARIAS DE ITUMBIARA;0
697;FACULDADE DE ADMINISTRACAO DE EMPRESAS DE ITUMBIARA;0
699;FUNDACAO UNIVERSIDADE FEDERAL DE RONDONIA;1
700;FACULDADE DE EDUCACAO DE ITABORAI;1
701;FACULDADES INTEGRADAS DE GARANHUNS;1
702;FACULDADE DE CIENCIAS E TECNOLOGIA PROFESSOR DIRSON MACIEL DE BARROS;1
703;FACULDADE DE FORMACAO DE PROFESSORES DE ARARIPINA;1
704;FACULDADE DE CIENCIAS AGRARIAS DE ARARIPINA;1
705;CENTRO UNIVERSITARIO SAO JOSE;1
706;FACULDADE DE ARTES DULCINA DE MORAES;1
707;CENTRO UNIVERSITARIO CENTRAL PAULISTA;1
708;INSTITUTO DE CIENCIAS SOCIAIS APLICADAS;0
709;INSTITUTO DE CIENCIAS EXATAS;0
710;FACULDADE BETHENCOURT DA SILVA;0
711;FACULDADES REUNIDAS DE ADMINISTRACAO CIENCIAS CONTABEIS E ECONOMICAS DE PALMAS;0
712;CENTRO UNIVERSITARIO IBMR;1
713;ESCOLA SUPERIOR DE ESTATISTICA DA BAHIA;0
714;FACULDADE ESTADUAL DE FILOSOFIA CIENCIAS E LETRAS DE CORNELIO PROCOPIO;0
715;FAE CENTRO UNIVERSITARIO;1
716;FACULDADES INTEGRADAS DE BOTUCATU;1
717;FUNDACAO UNIVERSIDADE FEDERAL DE CIENCIAS DA SAUDE DE PORTO ALEGRE;1
718;UNIVERSIDADE POTIGUAR;1
719;UNIVERSIDADE DO ESTADO DE MATO GROSSO CARLOS ALBERTO REYES MALDONADO UNEMAT;1
720;FACULDADE DE CIENCIAS HUMANAS E SOCIAIS APLICADAS DO CABO DE SANTO AGOSTINHO;1
721;FACULDADE DE ASSIS;1
722;ESCOLA DE EDUCACAO FISICA DE ASSIS;0
723;FACULDADE DE ADMINISTRACAO DE ASSIS;0
724;CENTRO UNIVERSITARIO FACEX;1
725;FACULDADE ESTADUAL DE FILOSOFIA CIENCIAS E LETRAS DE PARANAGUA;0
726;FACULDADE ESTADUAL DE FILOSOFIA CIENCIAS E LETRAS DE JACAREZINHO;0
727;FACULDADE DE FILOSOFIA CIENCIAS E LETRAS DO ALTO SAO FRANCISCO;1
728;FACULDADE DE CIENCIAS HUMANAS DE CURVELO;1
729;FACULDADE DE FILOSOFIA CIENCIAS E LETRAS DE PRESIDENTE VENCESLAU;0
730;UNIVERSIDADE ESTADUAL DE PONTA GROSSA;1
734;FACULDADES INTEGRADAS MARIA IMACULADA;1
736;FACULDADE ANHANGUERA DE LINHARES;1
737;CENTRO UNIVERSITARIO SAO CAMILO;1
738;CENTRO UNIVERSITARIO TERESA D'AVILA;1
739;CENTRO UNIVERSITARIO SAO CAMILO ESPIRITO SANTO;1
740;FACULDADE DE CIENCIAS HUMANAS DE VITORIA;0
741;ESCOLA SUPERIOR DE SECRETARIADO DE PERNAMBUCO;0
742;FACULDADE DE ARQUITETURA E URBANISMO DE PERNAMBUCO;0
743;ESCOLA SUPERIOR DE ENSINO HELENA ANTIPOFF;0
744;FACULDADE DE ANICUNS;1
745;INSTITUTO MUNICIPAL DE ENSINO SUPERIOR DE SAO MANUEL;1
746;UNIVERSIDADE REGIONAL DO CARIRI;1
747;FACULDADE DE CIENCIAS HUMANAS DE IVAIPORA;0
749;CENTRO DE ENSINO SUPERIOR DO VALE DO PARNAIBA;1
750;UNIVERSIDADE DE GURUPI;1
751;FACULDADE DA ILHA;0
752;FACULDADE CATOLICA DE PARA DE MINAS;1
753;FACULDADE DE CIENCIAS HUMANAS DO SERTAO CENTRAL;1
754;CENTRO SUPERIOR UNA DE CATALAO;1
755;CENTRO DE ENSINO SUPERIOR DE JATAI;1
756;UNIVERSIDADE ESTADUAL DO PIAUI;1
757;CENTRO UNIVERSITARIO DA AMAZONIA;1
758;FACULDADE BRASILEIRA DE RECURSOS HUMANOS;0
759;FACULDADE DE CIENCIAS MEDICAS E PARAMEDICAS FLUMINENSE;0
760;FACULDADE DE CIENCIAS HUMANAS DE PERNAMBUCO;1
761;FACULDADE NACIONAL DE CURITIBA;0
762;FACULDADES INTEGRADAS DE FATIMA DO SUL;0
763;CENTRO UNIVERSITARIO DE GOIANIA;1
764;FACULDADE PINHEIRO GUIMARAES;0
767;INSTITUTO SUPERIOR DE INFORMATICA;0
768;FACULDADE DE ADMINISTRACAO DE NOVA ANDRADINA;0
769;FACULDADES INTEGRADAS DE NAVIRAI;1
770;FACULDADE DE EDUCACAO DE CACOAL;0
771;FACULDADE MARIA AUGUSTA RIBEIRO DAHER;0
773;FACULDADE DE ADMINISTRACAO E CIENCIAS CONTABEIS DE LINHARES;0
774;FACULDADE ALVORADA DE INFORMATICA E PROCESSAMENTO DE DADOS;0
775;FACULDADE ALVORADA DE EDUCACAO FISICA E DESPORTO;0
776;FACULDADE DE CIENCIAS CONTABEIS DE JEQUIE;0
777;FACULDADE DE EDUCACAO THEREZA PORTO MARQUES;0
778;FACULDADE INTEGRADA DOS VALES;0
779;FACULDADE DE PONTA PORA;1
780;UNIVERSIDADE DE CUIABA;1
781;FACULDADE ANHANGUERA DE RONDONOPOLIS;1
782;FACULDADE CUIABANA DE EDUCACAO E LETRAS;0
783;FACULDADE MATOGROSSENSE DE CIENCIAS CONTABEIS E ADMINISTR1 DE CUIABA;0
785;FACULDADE DE EDUCACAO DE TANGARA DA SERRA;1
788;FACULDADE DE RONDONIA;1
789;UNIVERSIDADE FEDERAL DE RORAIMA;1
790;FACULDADE ISRAELITA DE CIENCIAS DA SAUDE ALBERT EINSTEIN;1
791;FACULDADE SENAC DE TURISMO E HOTELARIA DE SAO PAULO;0
792;CENTRO UNIVERSITARIO DO ESTADO DO PARA;1
793;CENTRO UNIVERSITARIO ESTACIO DE SAO PAULO;1
794;CENTRO UNIVERSITARIO DE VARZEA GRANDE;1
795;FACULDADES INTEGRADAS DE DIAMANTINO;1
796;FACULDADE DE CIENCIAS SOCIAIS APLICADAS DO VALE DO SAO LOURENCO;1
797;FACULDADE FAVOO COOP;1
798;FACULDADES INTEGRADAS DE ARACRUZ;1
799;FACULDADE LEONARDO DA VINCI;0
800;FACULDADE DE EDUCACAO FISICA MONTENEGRO;0
801;FACULDADE MONTENEGRO;0
802;CENTRO UNIVERSITARIO UNICARIOCA;1
803;FACULDADE INTERACAO AMERICANA;0
809;FACULDADE DE DIREITO E CIENCIAS SOCIAIS DO LESTE DE MINAS FADILESTE;1
810;CENTRO TECNICOEDUCACIONAL SUPERIOR DO OESTE PARANAENSE;1
811;FACULDADES INTEGRADAS DE CASSILANDIA;0
817;FACULDADE BATISTA CARIOCA;0
818;FACULDADE DE ADMINISTRACAO DE MINEIROS;0
819;FACULDADE DE AGRONOMIA DE MINEIROS;0
820;FACULDADE DE CIENCIAS DA COMPUTACAO DE MINEIROS;0
821;FACULDADE DE PEDAGOGIA DE MINEIROS;0
822;ESCOLA SUPERIOR DE ESTUDOS EMPRESARIAIS E INFORMATICA;0
823;UNIVERSIDADE CEUMA;1
824;CENTRO UNIVERSITARIO DE GOIATUBA;1
825;FACULDADE PRESBITERIANA GAMMON;1
826;CENTRO UNIVERSITARIO DE DESENVOLVIMENTO DO CENTRO OESTE;1
827;FACULDADES UNIDAS DO VALE DO ARAGUAIA;0
828;FACULDADE DE SAO LOURENCO;1
829;UNIVERSIDADE ESTADUAL DO TOCANTINS;1
830;UNIVERSIDADE FEDERAL DO AMAPA;1
831;FACULDADE DE CIENCIAS HUMANAS DO VALE DO RIO GRANDE;0
832;FACULDADE ARQUIDIOCESANA DE CURVELO;1
833;FACULDADES INTEGRADAS DE ARIQUEMES;0
834;FACULDADE VARZEAGRANDENSE DE CIENCIAS HUMANAS;0
835;FACULDADE VARZEAGRANDENSE DE COMUNICACAO SOCIAL;0
837;FACULDADE DE CIENCIAS HUMANAS DE FORTALEZA;0
838;FACULDADE DE CIENCIAS TECNOLOGICAS DE FORTALEZA;1
839;FACULDADE VITORIANA DE CIENCIAS CONTABEIS;0
840;FACULDADE VITORIANA DE TECNOLOGIA;0
841;FACULDADE DE TURISMO GUARAPARI;0
843;FACULDADE DE CIENCIAS E TECNOLOGIA DE BIRIGUI;1
844;FACULDADE DE AGRONOMIA E ENGENHARIA FLORESTAL DE GARCA;0
845;FACULDADE DA FUNDACAO EDUCACIONAL ARACATUBA;1
846;FACULDADE DE ADMINISTRACAO DE TERESINA;0
847;FACULDADE PIAUIENSE DE PROCESSAMENTO DE DADOS;0
848;FACULDADE PARAIBANA DE PROCESSAMENTO DE DADOS;0
849;FACULDADE JESUITA DE FILOSOFIA E TEOLOGIA;1
850;FACULDADE PRIMUS DE INFORMATICA;0
851;FACULDADE DE TECNOLOGIA EM PROCESSAMENTO DE DADOS DO LITORAL;0
852;FIAP CENTRO UNIVERSITARIO;1
859;FACULDADE REGIONAL SANTA CRUZ DE CURITIBA;0
860;FACULDADE DE CIENCIAS SOCIAIS DE ARAUCARIA;0
861;CENTRO DE ENSINO SUPERIOR DO AMAPA;1
862;CENTRO UNIVERSITARIO ESTACIO DE CAMPO GRANDE;1
864;FACULDADE DE DIREITO DE VARZEA GRANDE;0
866;FACULDADE DE INFORMATICA DE CUIABA;0
867;FACULDADE DE EDUCACAO CIENCIAS E LETRAS DE PONTA PORA;0
873;FACULDADES UNIFICADAS DE FOZ DO IGUACU;1
874;FACULDADE DE ESTUDOS SOCIAIS APLICADOS DE VIANA;0
875;FACULDADE DE ESTUDOS SOCIAIS DE BARRA DO GARCAS;0
876;FACULDADE DE TECNOLOGIA DO VALE DO ARAGUAIA;0
877;FACULDADE DE ECONOMIA E PROCESSAMENTO DE DADOS DE FOZ DO IGUACU;0
878;CENTRO UNIVERSITARIO CATOLICA DO LESTE DE MINAS GERAIS;1
880;FACULDADE DE CIENCIAS E TECNOLOGIA DO PARANA;0
881;INSTITUTO MUNICIPAL DE ENSINO SUPERIOR DE ASSIS;1
882;INSTITUTO MUNICIPAL DE ENSINO SUPERIOR DE BEBEDOURO VICTORIO CARDASSI;1
886;FACULDADE DE HORTOLANDIA;1
887;FACULDADE CHRISTUS;0
888;FACULDADE BANDEIRANTES DE CIENCIAS EXATAS E HUMANAS;0
890;ESCOLA DE GOVERNO PROFESSOR PAULO NEVES DE CARVALHO;1
891;FACULDADE PITAGORAS;0
896;ESCOLA SUPERIOR DE TURISMO E HOTELARIA FLORIANOPOLIS;0
897;UNIAO DAS ESCOLAS SUPERIORES DO VALE DO IVAI;0
898;CENTRO UNIVERSITARIO UNISAN;1
899;FACULDADES INTEGRADAS DE RIO VERDE;0
900;FACULDADE UNIABRANGE;1
903;FACULDADE DE CIENCIAS SOCIAIS APLICADAS DO RIO DE JANEIRO;0
904;FACULDADE DE PROCESSAMENTO DE DADOS DE JOINVILLE;0
905;FACULDADE ESCOLA PAULISTA DE DIREITO;1
906;FACULDADE DE SUMARE;0
907;FACULDADE DE EDUCACAO E CIENCIAS GERENCIAIS DE INDAIATUBA;0
908;FACULDADE ALAGOANA DE ADMINISTRACAO;0
909;FACULDADE FERNANDA BICCHIERI;0
910;FACULDADE SANTA LUCIA;1
911;FACULDADES UNIDAS DE ITUMBIARA;0
912;FACULDADE COMPACTO DE CIENCIAS GERENCIAIS;0
913;FACULDADES INTEGRADAS DE PARANAIBA FIPAR;1
914;FACULDADE PARANAENSE DE ADMINISTRACAO;0
915;FACULDADE DE ADMINISTRACAO DE FATIMA DO SUL;1
916;FACULDADE ESTACIO DE TERESINA;1
917;FACULDADE DE CIENCIAS CONTABEIS DE NAVIRAI;0
918;CENTRO UNIVERSITARIO UNIVEL;1
922;FACULDADE REGES DE DRACENA;1
923;CENTRO UNIVERSITARIO SAO ROQUE;1
924;FACULDADE INTERLAGOS DE EDUCACAO E CULTURA;0
925;FACULDADE DE CIENCIAS GERENCIAIS DE VILHENA;0
926;CENTRO UNIVERSITARIO ANHANGUERA PITAGORAS UNOPAR DE CAMPO GRANDE;1
927;CENTRO DE ESTUDOS SUPERIORES DA AMAZONIA;0
929;INSTITUTO MANAUARA DE ENSINO SUPERIOR;0
930;FACULDADE DE EDUCACAO DE ALTA FLORESTA;0
934;FACULDADE SAO CARLOS;0
935;FACULDADE PAULISTA;0
939;FACULDADE CATOLICA DE ANAPOLIS;1
940;FACULDADES MAGSUL;1
941;FACULDADE DE EDUCACAO DE PORTO VELHO;0
944;ESCOLA SUPERIOR DE PROPAGANDA E MARKETING DO RIO DE JANEIRO;1
945;FACULDADE FUNORTE DE JANUARIA;1
950;UNIAO DE ENSINO SUPERIOR DE NOVA MUTUM;0
951;FACULDADES INTEGRADAS DE COXIM;0
952;UNIVERSIDADE SANTA CECILIA;1
953;UNIVERSIDADE METROPOLITANA DE SANTOS;1
954;FACULDADE SNA DIGITAL;1
955;FACULDADE DE FILOSOFIA NOSSA SENHORA IMACULADA CONCEICAO;0
959;FACULDADE DE FILOSOFIA CIENCIAS E LETRAS;0
960;FACULDADE DE CIENCIAS CONTABEIS DE ALTA FLORESTA;0
961;FACULDADE GARCIA SILVEIRA;0
966;FACULDADE DE TURISMO SANTOS DUMONT;0
967;FACULDADE DE TECNOLOGIA DE TAQUARITINGA;1
968;FACULDADE DE TECNOLOGIA EM PROCESSAMENTO DE DADOS DE ANDRADINA;0
969;FACULDADE DE TURISMO FORMIGA;0
970;FACULDADE DE SERVICO SOCIAL DE CARATINGA;0
971;FACULDADE DE TECNOLOGIA E CIENCIAS DE CONSELHEIRO LAFAIETE;0
973;FACULDADE DE LUCELIA;0
975;FACULDADE DE FISIOTERAPIA DE CARATINGA;0
976;FACULDADES INTEGRADAS DE PONTA PORA;1
977;FACULDADE SAO CAMILO;0
980;FACULDADE DE ADMINISTRACAO DE GUARAPARI;0
983;FACULDADE PRUDENTE DE MORAES;0
984;FACULDADE DE EDUCACAO DE IVAIPORA;0
985;FACULDADE EVANGELICA DE RUBIATABA;1
986;FACULDADE DE EDUCACAO E CULTURA MONTESSORI;0
988;FACULDADE DE COMUNICACAO SOCIAL TAMOIOS;0
989;ESCOLA SUPERIOR EM MEIO AMBIENTE;1
990;FACULDADE DE FILOSOFIA CIENCIAS E LETRAS DE CONGONHAS;0
991;FACULDADE SENAICETIQT;1
994;FACULDADE DE DUQUE DE CAXIAS;1
997;CENTRO UNIVERSITARIO DE BAURU;1
998;FACULDADE DE SERVICO SOCIAL DE BAURU;0
999;FACULDADE DE DIREITO DE BAURU;0
1001;FACULDADE DE CIENCIAS ECONOMICAS E ADMINISTR1S DE PRESIDENTE PRUDENTE;0
1002;FACULDADE DE DIREITO DE PRESIDENTE PRUDENTE;0
1003;FACULDADE DE SERVICO SOCIAL PRESIDENTE PRUDENTE;0
1012;FACULDADE DO SERTAO DO PAJEU;1
1013;FACULDADE SUDOESTE PAULISTANO;0
1014;INSTITUTO SUPERIOR E CENTRO EDUCACIONAL LUTERANO BOM JESUS IELUSC;1
1015;FACULDADE DE CIENCIAS CONTABEIS MACHADO DE ASSIS;0
1016;FACULDADE DE CIENCIAS HUMANAS DO VALE DO PIRANGA;0
1017;FACULDADE STEFANINI;0
1019;FACULDADE DE CIENCIAS E TECNOLOGIA DE UNAI FACTU;1
1021;FACULDADE DE CIENCIAS DE TIMBAUBA;1
1027;UNIVERSIDADE ESTADUAL DO NORTE FLUMINENSE DARCY RIBEIRO;1
1028;UNIVERSIDADE ESTADUAL DE MATO GROSSO DO SUL;1
1030;CENTRO UNIVERSITARIO IBMEC;1
1031;FACULDADE ANDRE DA SILVEIRA;0
1032;CENTRO UNIVERSITARIO SALESIANO DE SAO PAULO;1
1034;UNIAO DE ESCOLAS SUPERIORES DA FUNESO;0
1036;UNIVERSIDADE DO ESTADO DE MINAS GERAIS;1
1038;FACULDADES INTEGRADAS DE TRES LAGOAS;1
1040;FACULDADES DE VALINHOS;0
1041;UNIVERSIDADE DO VALE DO TAQUARI;1
1042;UNIVERSIDADE POSITIVO;1
1043;CENTRO UNIVERSITARIO DA FUNDACAO HERMINIO OMETTO;1
1045;CENTRO UNIVERSITARIO ANHANGUERA;1
1046;UNIAO DAS FACULDADES DOS GRANDES LAGOS;1
1047;FACULDADE TECNOLOGICA PORTO ALEGRENSE;0
1048;FACULDADE CAMPOS ELISEOS;1
1049;INSTITUTO DE ENSINO SUPERIOR FUCAPI;1
1051;FACULDADE DA SEUNE;1
1052;FACULDADE ADVENTISTA DE ADMINISTRACAO DO NORDESTE;0
1053;CENTRO UNIVERSITARIO DE EXCELENCIA;1
1054;ESCOLA BAHIANA DE ADMINISTRACAO;0
1055;CENTRO UNIVERSITARIO MAURICIO DE NASSAU DE SALVADOR;1
1058;CENTRO UNIVERSITARIO ESTACIO DA BAHIA;1
1059;FACULDADE MULTIVERSA DE FORTALEZA;1
1060;CENTRO UNIVERSITARIO DO INSTITUTO DE EDUCACAO SUPERIOR DE BRASILIA IESB;1
1061;FACULDADE PLANALTO DE ADMINISTRACAO E CIENCIAS ECONOMICAS;0
1063;FACULDADE DOCTUM DE VILA VELHA;1
1064;FACULDADE DOCTUM DE VITORIA;1
1065;FACULDADE DE CIENCIAS ECONOMICAS E ADMINISTRATIVAS DE VILA VELHA;0
1066;INSTITUTO DE ENSINO E PESQUISA OBJETIVO;0
1067;FACULDADE DE JUSSARA;1
1068;FACULDADE ALDETE MARIA ALVES;1
1069;CENTRO REGIONAL DE ESTUDOS EM CIENCIAS HUMANAS;0
1070;FACULDADE CNEC UNAI;1
1071;FACULDADE NOVA ROMA DE CAMPO GRANDE;1
1072;FACULDADE AFIRMATIVO;0
1075;CENTRO UNIVERSITARIO UNIESP;1
1076;FACULDADE CATOLICA DA PARAIBA;1
1077;CENTRO UNIVERSITARIO ESTACIO DO RECIFE;1
1078;CENTRO UNIVERSITARIO INTEGRADO DE CAMPO MOURAO;1
1079;FACULDADE MARINGA;1
1080;CENTRO UNIVERSITARIO ARTHUR SA EARP NETO;1
1081;FACULDADE DE ENGENHARIA DE RESENDE;1
1082;INSTITUTO FEDERAL DE EDUCACAO CIENCIA E TECNOLOGIA DO RIO GRANDE DO NORTE;1
1084;CENTRO UNIVERSITARIO CNEC DE BENTO GONCALVES;1
1085;FACULDADE METODISTA CENTENARIO;1
1086;FACULDADE DE EDUCACAO DE COLORADO DO OESTE;0
1087;CENTRO UNIVERSITARIO APARICIO CARVALHO;1
1088;FACULDADE DE DESENHO INDUSTRIAL DE JOINVILLE;0
1089;CENTRO DE EDUCACAO SUPERIOR UNICA;0
1090;FACULDADE SAO LUIS DE FRANCA;0
1091;FACULDADE DE PEDAGOGIA DE VARGEM GRANDE PAULISTA;0
1092;FACULDADES INTEGRADAS DE BAURU;1
1093;FACULDADE DE CIENCIAS JURIDICAS E GERENCIAIS DE GARCA;0
1095;FACULDADE DE ADMINISTRACAO E NEGOCIOS DE MONTE ALTO;0
1096;FACULDADE DE PRESIDENTE EPITACIO FAPE;1
1097;FACULDADES INTEGRADAS DE SAO PAULO;0
1099;FACULDADE DE EDUCACAO E CIENCIAS GERENCIAIS DE SAO PAULO;0
1100;CENTRO UNIVERSITARIO CARLOS DRUMMOND DE ANDRADE;1
1101;FACULDADE ADVENTISTA DE CIENCIAS DA SAUDE;0
1102;FACULDADE DE INFORMATICA MARILIA;0
1103;FACULDADE DE ADMINISTRACAO SAO PAULO;0
1104;FACULDADE DE COMUNICACAO SOCIAL DE CARATINGA;0
1107;CENTRO UNIVERSITARIO ESTACIO DO CEARA;1
1108;FACULDADE DE CIENCIAS GERENCIAIS COTIA;0
1111;FACULDADE DE TURISMO DOMUS;0
1112;FACULDADE DE RELACOES INTERNACIONAIS DOMUS;0
1113;CENTRO UNIVERSITARIO EUROAMERICANO;1
1114;FACULDADE DE CIENCIAS JURIDICAS E SOCIAIS APLICADAS RIO BRANCO FIRB;0
1115;CENTRO UNIVERSITARIO SANTA TEREZINHA;1
1116;FACULDADE CAICARAS;0
1117;FACULDADE SENAC DE COMUNICACAO E ARTES;0
1118;FACULDADE DE MIRASSOL;1
1119;FACULDADE PLANALTO DE FILOSOFIA CIENCIAS E LETRAS;0
1120;INSTITUTO FEDERAL DE EDUCACAO CIENCIA E TECNOLOGIA FLUMINENSE;1
1122;FACULDADE REGES DE OSVALDO CRUZ;1
1123;INSTITUTO DE EDUCACAO SUPERIOR UNYAHNA DE SALVADOR;1
1124;FACULDADE DOM PEDRO II DE BARREIRAS;0
1125;FACULDADES INTEGRADAS ESPIRITA;1
1126;UNIVERSIDADE ESTADUAL DO CENTRO OESTE;1
1128;UNIVERSIDADE DE ITAUNA;1
1129;CENTRO UNIVERSITARIO DO NORTE DE SAO PAULO;1
1130;FACULDADE METODISTA DE CIENCIAS HUMANAS E EXATAS;1
1131;CENTRO UNIVERSITARIO SANTO AGOSTINHO;1
1132;FACULDADE DE CIENCIA DA COMPUTACAO DE CARATINGA;0
1134;FACULDADE EVANGELICA LUTERANA MARTINUS;0
1135;FACULDADE PLANALTO DE CIENCIA DA COMPUTACAO;0
1136;FACULDADE UNIFACIG;1
1137;CENTRO DE ENSINO SUPERIOR HEROIS DE JENIPAPO;0
1138;CENTRO DE EDUCACAO SUPERIOR DE BLUMENAU;0
1139;FACULDADE DE ESTUDOS ADMINISTRATIVOS DE MINAS GERAIS FEADMG;1
1140;FACULDADE DE CIENCIAS HUMANAS E SOCIAIS;0
1141;CENTRO UNIVERSITARIO GAMA E SOUZA;1
1142;FACULDADE DE DIREITO DE VITORIA;1
1143;FACULDADE DE CIENCIAS DE TIMBAUBA;0
1144;FACULDADE DE CIENCIAS HUMANAS;1
1145;FACULDADE DE CIENCIAS AGRARIAS DO PLANALTO CENTRAL;0
1147;FACULDADE RUY BARBOSA DE PSICOLOGIA;0
1149;CENTRO UNIVERSITARIO NOSSA SENHORA DO PATROCINIO;1
1150;FACULDADE DE TECNOLOGIA SENAI THEOBALDO DE NIGRIS;1
1151;FACULDADE DE ADMINISTRACAO NEGOCIOS E SAUDE DE SERGIPE;1
1152;INSTITUTO SUL BRASIL DE ENSINO SUPERIOR;0
1153;UNIVERSIDADE CANDIDO MENDES;1
1155;FACULDADE SALESIANA DE SANTA TERESA;1
1156;FACULDADE CNEC ALBERTO TORRES;1
1157;ESCOLA SUPERIOR SAO FRANCISCO DE ASSIS;1
1158;FACULDADE RUY BARBOSA DE CIENCIA DA COMPUTACAO;0
1159;CENTRO DE ENSINO SUPERIOR DE VITORIA;1
1160;CENTRO UNIVERSITARIO CAMBURY;1
1161;INSPER INSTITUTO DE ENSINO E PESQUISA;1
1162;FACULDADE DE ALTA FLORESTA;1
1163;FACULDADE DE CIENCIA DA COMPUTACAO;0
1164;FACULDADE VARZEAGRANDENSE DE ADMINISTRACAO;0
1166;INSTITUTO FEDERAL DE EDUCACAO CIENCIA E TECNOLOGIA DA PARAIBA;1
1168;FACULDADE DE ANALISE DE SISTEMAS DE INFORMACAO DOMUS;0
1169;FACULDADE SENAC DE MODA;0
1170;CENTRO UNIVERSITARIO FAMEC;1
1171;FACULDADE DE LETRAS MARILIA;0
1172;FACULDADE AD 1;0
1173;FACULDADE ANHANGUERA DE BRASILIA;1
1174;FACULDADE DE SABARA;1
1175;FACULDADE ESTACIO DO RIO GRANDE DO SUL ESTACIO FARGS;1
1176;FACULDADE DE ANGRA DOS REIS;0
1177;ESCOLA SUPERIOR DE CIENCIAS AGRARIAS;0
1179;ESCOLA SUPERIOR DE CIENCIAS DA SAUDE DE RIO VERDE;0
1180;FACULDADE BARDDAL DE LETRAS;0
1181;FACULDADE BRASILIA DE SAO PAULO;0
1182;INSTITUTO DE ENSINO SUPERIOR DE AMERICANA;1
1183;INSTITUTO SAO JOSE DOS CAMPOS DE ENSINO SUPERIOR;0
1184;CENTRO DE CIENCIAS DA SAUDE DE VITORIA;0
1185;CENTRO UNIVERSITARIO JORGE AMADO;1
1186;FACULDADE DE TURISMO E HOTELARIA;0
1187;CENTRO UNIVERSITARIO MODULO;1
1189;UNIVERSIDADE DO PLANALTO CATARINENSE;1
1190;FACULDADE INTEGRAL CANTAREIRA;0
1191;INSTITUTO DE ENSINO SUPERIOR DE FORTALEZA;1
1192;FACULDADE DE CIENCIAS DA SAUDE DE SAO PAULO;0
1194;FACULDADE DE TECNOLOGIA DE PONTA PORA;0
1195;FACULDADE SENAI DE TECNOLOGIA MECATRONICA;1
1196;UNIVERSIDADE CESUMAR;1
1197;FACULDADE DE TURISMO AEMARJ;0
1198;FACULDADE DE CIENCIAS SOCIAIS E APLICADAS DO PARANA;0
1200;INSTITUTO BRASILIENSE DE TECNOLOGIA E CIENCIA;0
1201;FACULDADE DE ADMINISTRACAO MILTON CAMPOS;1
1202;CENTRO UNIVERSITARIO SANTA RITA;1
1203;FACULDADE DE ECONOMIA DE OURO FINO;0
1204;FACULDADE DE AMAMBAI;0
1205;CENTRO UNIVERSITARIO FAEL;1
1206;FACULDADE ADVENTISTA DE FISIOTERAPIA;0
1207;FACULDADE DE ADMINISTRACAO GERAL;0
1208;FAL ESTACIO FACULDADE ESTACIO DE NATAL;1
1209;FACULDADE DE ADMINISTRACAO DE EMPRESAS DE CACOAL;0
1210;FACULDADE DE CIENCIAS DA COMUNICACAO DE TAQUARA;0
1211;INSTITUTO DE ENSINO SUPERIOR DE SOROCABA;0
1212;FACULDADE DE CIENCIAS CONTABEIS DE ASSIS;0
1213;FACULDADE FLEMING;0
1215;FACULDADE ANGLO LATINO;0
1217;CENTRO DE TECNOLOGIA EM AUTOMACAO DE INFORMATICA;0
1219;INSTITUTO ITAPETININGANO DE ENSINO SUPERIOR;1
1220;INSTITUTO MATAO DE ENSINO SUPERIOR;0
1221;ESCOLA SUPERIOR DE AGRONOMIA DE PARAGUACU PAULISTA;1
1222;FACULDADE SENAC DE CIENCIAS EXATAS E TECNOLOGIA;0
1223;FACULDADE RADIAL JABAQUARA;0
1224;CENTRO UNIVERSITARIO DE JALES;1
1225;CENTRO UNIVERSITARIO AMPARENSE;1
1226;INSTITUTO DE ENSINO SUPERIOR DO ACRE;0
1227;CENTRO UNIVERSITARIO MAURICIO DE NASSAU DE BARREIRAS;1
1228;FACULDADE DE TECNOLOGIA EMPRESARIAL;0
1229;INSTITUTO DE ENSINO SUPERIOR DO NORDESTE;0
1230;FACULDADE REGIONAL DE ESPIRITO SANTO DO PINHAL;1
1231;FACULDADE CNEC SANTO ANGELO;1
1232;CENTRO UNIVERSITARIO CAMPOS DE ANDRADE;1
1233;CENTRO UNIVERSITARIO UNIC;1
1234;FACULDADE METROPOLITANA;0
1235;ESCOLA DE EDUCACAO SUPERIOR IPITANGA;0
1236;ESCOLA POLITECNICA IPITANGA;0
1237;CENTRO UNIVERSITARIO NOSSA SENHORA APARECIDA;1
1238;FACULDADE DE CIENCIAS CONTABEIS DO PLANALTO CENTRAL;0
1239;FACULDADE PADRAO;1
1240;FACULDADE DE ESTUDOS SOCIAIS DO ESPIRITO SANTO;1
1241;FACULDADE ESPIRITO SANTENSE DE ENSINO TECNOLOGICO;0
1243;FACULDADE DOCTUM DE SERRA;1
1244;CENTRO UNIVERSITARIO MULTIVIX VITORIA;1
1245;FACULDADE DE CASTELO MULTIVIX CASTELO;1
1246;FACULDADE CANDIDO MENDES DE VITORIA;0
1247;FACULDADE DE CIENCIAS CONTABEIS DE NOVA ANDRADINA FACINAN;1
1248;FACULDADE DE PEDAGOGIA;1
1249;FACULDADE DE EDUCACAO DE COSTA RICA;1
1252;FACULDADE PROMOVE DE MINAS GERAIS;1
1253;FACULDADE METODISTA GRANBERY;1
1254;FACULDADE DE ADMINISTRACAO DE ITABIRITO;0
1255;CENTRO UNIVERSITARIO FBV WYDEN;1
1256;FACULDADE DOM BOSCO;1
1257;FACULDADE DE ADMINISTRACAO CIENCIAS EDUCACAO E LETRAS;0
1258;FACULDADE ANHANGUERA DE CASCAVEL;1
1259;FACULDADE NOBEL;0
1260;FACULDADE OPET;0
1261;FACULDADE ADVENTISTA DE CIENCIAS CONTABEIS DE MINAS GERAIS;0
1262;FACULDADE ADVENTISTA DE EDUCACAO DO NORDESTE;0
1263;FACULDADE BEZERRA DE ARAUJO;1
1264;CENTRO UNIVERSITARIO DO RIO GRANDE DO NORTE;1
1265;FACULDADE DE PROCESSAMENTO DE DADOS DE CACOAL;0
1266;FACULDADES INTEGRADAS URUBUPUNGA;1
1267;INSTITUTO DE ENSINO SUPERIOR DA GRANDE FLORIANOPOLIS;1
1270;CENTRO UNIVERSITARIO ESTACIO DE RIBEIRAO PRETO;1
1271;FACULDADE DE COMUNICACAO SOCIAL DOMUS;0
1272;FACULDADE SANT?ANNA DE SALTO;0
1273;CENTRO UNIVERSITARIO CAMPO LIMPO PAULISTA;1
1274;FACULDADE DE EDUCACAO DOMUS;0
1275;FACULDADE DO GUARUJA;1
1276;INSTITUTO TAUBATE DE ENSINO SUPERIOR;1
1277;FACULDADE DE INFORMATICA;0
1278;FACULDADE ADVENTISTA DE EDUCACAO E CIENCIAS HUMANAS;0
1279;FACULDADE DE ITAPOLIS FACITA;1
1280;FACULDADE ESTACIO COTIA;1
1281;FACULDADE DE CIENCIAS SOCIAIS E AGRARIAS DE ITAPEVA;1
1283;INSTITUTO MANCHESTER PAULISTA DE ENSINO SUPERIOR;0
1285;INSTITUTO DE ENSINO SUPERIOR DE MAIRIPORA;0
1286;FACULDADE DE TECNOLOGIA SENAI MARIO AMATO;1
1287;FACULDADE DE CIENCIAS GERENCIAIS DO PLANALTO CENTRAL;0
1288;FACULDADE INDEPENDENTE BUTANTA;0
1289;FACULDADE DE DIREITO DA FUNDACAO ARMANDO ALVARES PENTEADO;0
1290;FACULDADE ALVARES DE AZEVEDO;1
1291;FACULDADE DE SANTO ANTONIO DA PLATINA;1
1292;CENTRO UNIVERSITARIO DE ADAMANTINA;1
1293;INSTITUTO DE ENSINO SUPERIOR DO OESTE PAULISTA;0
1294;CENTRO UNIVERSITARIO DAS AMERICAS;1
1295;FACULDADE DE EDUCACAO E TECNOLOGIA IRACEMA;1
1296;ESCOLA SUPERIOR DE MARKETING;0
1297;FACULDADE DOURADOS;0
1298;FACULDADE ESTACIO DE ALAGOAS ESTACIO FAL;1
1299;FACULDADES INTEGRADAS DE FERNANDOPOLIS;1
1300;INSTITUTO TAQUARITINGUENSE DE ENSINO SUPERIOR DR. ARISTIDES DE CARVALHO SCHLOBACH;1
1301;INSTITUTO MATONENSE MUNICIPAL DE ENSINO SUPERIOR;1
1302;FACULDADE BATISTA BRASILEIRA;1
1303;INSTITUTO FEDERAL DE EDUCACAO CIENCIA E TECNOLOGIA GOIANO;1
1304;FACULDADE DE RIBEIRAO PIRES;1
1305;FACULDADE ANHANGUERA DE CIENCIAS JURIDICAS GERENCIAIS E EDUCACAO DE SINOP;1
1306;FACULDADE DE CIENCIAS CONTABEIS DE CACOAL;0
1307;FACULDADE DE ENSINO SUPERIOR E FORMACAO INTEGRAL;1
1308;FACULDADE NOVO MILENIO;1
1309;FACULDADE PROJECAO DE TAGUATINGA NORTE;0
1310;FACULDADE DE AMERICANA;1
1311;TREVISAN ESCOLA SUPERIOR DE NEGOCIOS;1
1312;FACULDADES INTEGRADAS DE RONDONOPOLIS;1
1313;CENTRO UNIVERSITARIO DE SUZANO;1
1314;FACULDADE ABRANGES DE TECNOLOGIA E CIENCIAS;1
1315;FACULDADE DE EDUCACAO DA SERRA;0
1316;FACULDADE DA TERRA DE BRASILIA;0
1317;CENTRO UNIVERSITARIO SUDOESTE PAULISTA;1
1318;FACULDADE UNINASSAU VITORIA DA CONQUISTA;1
1319;FACULDADE TECSOMA;1
1320;FACULDADE DE EDUCACAO FISICA DO LITORAL NORTE;0
1321;FACULDADE DE CIENCIAS ADMINISTR1S E CONTABEIS DA ZONA NORTE;0
1322;CENTRO UNIVERSITARIO EDUVALE UNEDUVALE;1
1323;FACULDADE TANCREDO NEVES;0
1324;FACULDADE DE INFORMATICA LEMOS DE CASTRO;0
1325;FACULDADE DE APUCARANA;1
1326;FACULDADE MULTIVIX SERRA;1
1327;ESCOLA SUPERIOR DE PROPAGANDA E MARKETING DE PORTO ALEGRE;1
1328;CENTRO UNIVERSITARIO UNINOVO;1
1329;FACULDADE DE ADMINISTRACAO DE DIADEMA;0
1330;FACULDADE COTEMIG;1
1331;FACULDADE HOYLER DE COMUNICACAO SOCIAL;0
1332;FACULDADE DE COMUNICACAO SOCIAL DE HORTOLANDIA;0
1333;FACULDADE CECAP DO LAGO NORTE;0
1334;CENTRO UNIVERSITARIO FACISA;1
1335;INSTITUTO DE ENSINO SUPERIOR THATHI;0
1336;CENTRO UNIVERSITARIO ASSIS GURGACZ;1
1337;CENTRO UNIVERSITARIO MATER DEI;1
1338;FACULDADE DE EDUCACAO DE PORTO VELHO;0
1339;FACULDADE DE CIENCIAS ADMINISTR1S DE PARANAIBA;0
1340;FACULDADE DE CIENCIAS GERENCIAIS DE SETE LAGOAS;0
1341;FACULDADE DE ARQUITETURA E URBANISMO DO PLANALTO CENTRAL;0
1342;FACULDADE COMUNITARIA DE PEDAGOGIA DA SERRA;0
1343;FACULDADE DE EDUCACAO DA TERRA DE BRASILIA;0
1344;FACULDADE BORGES DE MENDONCA;1
1345;FACULDADE ANHANGUERA DE OSASCO;1
1346;FACULDADE IPEMIG;1
1347;FACULDADE ADVENTISTA DE ADMINISTRACAO DE MINAS GERAIS;0
1348;FACULDADE BATISTA DE ADMINISTRACAO E INFORMATICA;0
1349;FACULDADE DE CIENCIAS ECONOMICAS DE AFONSO CLAUDIO;0
1350;CENTRO UNIVERSITARIO MULTIVERSA DO JAGUARIBE UNIJAGUARIBE;1
1351;CENTRO UNIVERSITARIO SOCIESC;1
1352;FACULDADE ADVENTISTA DE EDUCACAO FISICA;0
1353;INSTITUTO DE ENSINO SUPERIOR DE GARCA;0
1354;FACULDADE DE CIENCIA DE ADMINISTRACAO;0
1355;FACULDADES INTEGRADAS DE JAHU;1
1356;CENTRO UNIVERSITARIO DE SANTA FE DO SUL;1
1357;INSTITUTO SUPERIOR DE EDUCACAO DO RIO DE JANEIRO;1
1358;FACULDADE DE PEDAGOGIA DE AFONSO CLAUDIO;0
1359;FACULDADE MULTIVIX NOVA VENECIA;1
1360;ICEV INSTITUTO DE ENSINO SUPERIOR;1
1361;FACULDADE DOM ORIONE;0
1362;CENTRO UNIVERSITARIO GOVERNADOR OZANAM COELHO;1
1363;FACULDADE VISCONDE DE CAIRU;1
1364;CENTRO UNIVERSITARIO DE EXCELENCIA DE VITORIA DA CONQUISTA;1
1365;CENTRO UNIVERSITARIO ADVENTISTA DE SAO PAULO;1
1366;FACULDADE BARDDAL;0
1367;FACULDADE DE CIENCIA DA COMPUTACAO DE FORMIGA;0
1368;FACULDADE DE CIENCIAS CONTABEIS DE BOM DESPACHO;0
1369;FACULDADE SENAC DE TURISMO E HOTELARIA DE AGUAS DE SAO PEDRO;0
1370;FACULDADE SENAC DE TURISMO E HOTELARIA DE CAMPOS DO JORDAO;0
1371;FACULDADE DE MIRANDOPOLIS;0
1372;FACULDADE SENAC DE EDUCACAO AMBIENTAL;0
1373;FACULDADE CASA BRANCA;1
1374;FACULDADE DE GUARANTA DO NORTE;1
1375;FACULDADE CATOLICA RAINHA DA PAZ DE ARAPUTANGA;1
1376;FACULDADE COMPACTO DE EDUCACAO;0
1377;FACULDADE DE CIENCIA E TECNOLOGIA DO PLANALTO CENTRAL;0
1378;FACULDADE ASSEMBLEIANA;0
1379;CENTRO UNIVERSITARIO FAESA;1
1380;FACULDADE DE DOMINGOS MARTINS;0
1381;FACULDADE MARTHA FALCAO WYDEN;1
1382;FACULDADES EST;1
1383;FACULDADE NOVO HORIZONTE DE IPOJUCA;1
1384;FACULDADE SANTA HELENA;1
1385;FACULDADES INTEGRADAS IPEP;1
1386;FACULDADE ESAMC CAMPINAS;1
1387;FACULDADE PENTAGONO FAPEN;1
1388;CENTRO UNIVERSITARIO SUMARE;1
1389;FACULDADE TORRICELLI;0
1390;FACULDADE ELITE;0
1394;FACULDADE CASTRO ALVES;1
1395;FACULDADE DE CALDAS NOVAS;1
1396;CENTRO UNIVERSITARIO DINAMICA DAS CATARATAS;1
1397;FACULDADE OESTE MINEIRA DE INFORMATICA;0
1398;FACULDADE DE DIREITO DOS CAMPOS GERAIS;0
1399;FACULDADE ANDREOTTI;0
1400;CENTRO UNIVERSITARIO SENAI PARANA;1
1401;FACULDADE ADELMAR ROSADO;1
1402;INSTITUTO DE CIENCIAS SOCIAIS E HUMANAS;1
1403;FACULDADE ESTACIO DE PIMENTA BUENO;1
1404;FACULDADE DE PIRACANJUBA;1
1405;FACULDADE DE CIENCIAS CONTABEIS DE GUARAPARI;0
1406;FACULDADE DE ENGENHARIA E TECNOLOGIA DO INSTITUTO MAIRIPORA DE ENSINO SUPERIOR;0
1407;FACULDADE DE ECONOMIA E ADMINISTRACAO DOMUS;0
1408;FACULDADE DE SANTO ANDRE;0
1409;FACULDADE DO CENTRO LESTE;1
1410;FACULDADE AREA1 WYDEN;1
1411;FACULDADE DOIS DE JULHO;1
1412;FACULDADE ANHANGUERA DE JUNDIAI;1
1413;FACULDADE DE PRIMAVERA;1
1414;CENTRO UNIVERSITARIO SAO LUCAS PORTO VELHO;1
1415;FACULDADE MAGISTER;0
1416;FACULDADE GRANDE VITORIA;0
1417;FACULDADE CNEC CAMPO LARGO;1
1418;CENTRO UNIVERSITARIO TOLEDO WYDEN;1
1419;CENTRO UNIVERSITARIO CURITIBA;1
1420;FACULDADES DE DRACENA;1
1422;CENTRO UNIVERSITARIO DO NORTE;1
1423;FACULDADE IDEAL WYDEN;1
1424;FACULDADE PIO XII;1
1425;FACULDADE EVOLUIR;1
1426;INSTITUTO LUTERANO DE ENSINO SUPERIOR DE ITUMBIARA;1
1427;CENTRO UNIVERSITARIO DA SERRA GAUCHA;1
1428;INSTITUTO DE ENSINO SUPERIOR PLANALTO;1
1429;FACULDADE BATISTA DO RIO DE JANEIRO;1
1430;CENTRO UNIVERSITARIO INGA;1
1431;FACULDADE PIRATININGA;0
1432;FACULDADE BERTIOGA;1
1433;FACULDADE VILAS BOAS;1
1434;CENTRO UNIVERSITARIO DE ITAPIRA UNIESI;1
1435;FACULDADE DE VILA VELHA;0
1436;ESCOLA SUPERIOR BATISTA DO AMAZONAS;1
1437;ESCOLA SUPERIOR DE TECNOLOGIA E EDUCACAO DE RIO CLARO;0
1438;CENTRO UNIVERSITARIO FACAMP;1
1439;FACULDADE DE CIENCIAS ECONOMICAS;1
1440;INSTITUTO APHONSIANO DE ENSINO SUPERIOR;1
1441;FACULDADE DE TECNOLOGIA DO PIAUI;1
1442;FACULDADE DE DIREITO DE TANGARA DA SERRA;0
1443;FACULDADE VIVA VITORIA;1
1444;CENTRO UNIVERSITARIO EINSTEIN DE LIMEIRA;1
1445;CENTRO UNIVERSITARIO DO INSTITUTO MAUA DE TECNOLOGIA;1
1446;CENTRO UNIVERSITARIO PLANALTO DO DISTRITO FEDERAL UNIPLAN;1
1447;FACULDADE DE DIREITO DE CARATINGA;0
1448;FACULDADE DO CENTRO EDUCACIONAL DE NITEROI;0
1449;FACULDADE DE IBAITI;1
1450;CENTRO UNIVERSITARIO DO CERRADOPATROCINIO;1
1451;FACULDADES INTEGRADAS DE SAO CARLOS;0
1452;FACULDADE ANHANGUERA DE SAO LUIS;1
1453;FACULDADE LOGOS INTERNACIONAL;0
1454;FACULDADE DE ADMINISTRACAO SAUDE E TECNOLOGIA;1
1455;FACULDADE SANTISSIMO SACRAMENTO;1
1456;FACULDADE ANHANGUERA DE SERTAOZINHO;1
1457;FACULDADE ESTACIO DE COTIA;0
1458;FACULDADE DO NORTE PAULISTA;0
1459;CENTRO UNIVERSITARIO MARIO PALMERIO;1
1460;FACULDADE DE CIENCIAS SOCIAIS E APLICADAS DO COMPLEXO DE ENSINO SUPERIOR DO BRASIL;0
1461;CENTRO UNIVERSITARIO ZARNS SALVADOR;1
1462;INSTITUTO PARAIBANO DE ENSINO RENOVADO;1
1463;FACULDADE DE BARUERI;0
1464;HSM ESCOLA SUPERIOR DE ADMINISTRACAO;0
1465;FACULDADE DE RIBEIRAO PRETO;1
1466;INSTITUTO DE ENSINO SUPERIOR DE ALPHAVILLE;0
1467;FACULDADE CENECISTA DE VILA VELHA;0
1468;FACULDADE ESAMC UBERLANDIA;1
1469;CENTRO UNIVERSITARIO CESUSC;1
1470;FACULDADE CAMOES;0
1471;INSTITUTO DE ENSINO SUPERIOR DE LINHARES;0
1472;CENTRO UNIVERSITARIO LEONARDO DA VINCI;1
1473;FACULDADE DE ADMINISTRACAO;0
1474;FACULDADE DE EDUCACAO DE ATIBAIA;0
1475;FACULDADE DE CIENCIAS ECONOMICAS DE CACOAL;0
1476;"FACULDADE DE COMUNICACAO E DESIGN ""OSWALDO CRUZ""";1
1477;FACULDADE ERICH FROMM;1
1478;FACULDADE ANHANGUERA DE SAO BERNARDO;1
1479;FACULDADES INTEGRADAS TIBIRICA;0
1480;FACULDADE DE LETRAS DOMUS;0
1481;FACULDADE DE ADMINISTRACAO DE FLORIANOPOLIS;0
1482;FACULDADE DE CIENCIAS ECONOMICAS VIANNA JUNIOR;0
1483;FACULDADE DE CIENCIAS ECONOMICAS DE EUNAPOLIS;0
1484;CENTRO UNIVERSITARIO IBMEC BH;1
1485;FACULDADE DE ENFERMAGEM DE CATANDUVA;0
1486;CENTRO UNIVERSITARIO ESTACIO DE VITORIA;1
1487;CENTRO UNIVERSITARIO UNIDOM BOSCO;1
1488;FACULDADE LUSOFONA DO RIO DE JANEIRO;1
1489;FACULDADE DE SELVIRIA;0
1490;CENTRO UNIVERSITARIO DE JAGUARIUNA;1
1491;CENTRO UNIVERSITARIO INTERNACIONAL;1
1492;FACULDADE ANHANGUERA DE UBERLANDIA;1
1493;CENTRO UNIVERSITARIO ALVES FARIA;1
1494;CENTRO UNIVERSITARIO SALESIANO;1
1495;FACULDADE UNIAO DE QUEDAS DO IGUACU;0
1496;FACULDADE ESTACIO DE SA DE VILA VELHA;1
1497;FACULDADE DE ADMINISTRACAO DE SANTA CRUZ DO RIO PARDO;1
1498;INSTITUTO DE ENSINO SUPERIOR E FORMACAO AVANCADA DE VITORIA;1
1499;FACULDADE ANHANGUERA DE TABOAO DA SERRA;1
1500;FACULDADE UNIGUACU;1
1501;FACULDADE LATINO AMERICANA DE EDUCACAO;0
1502;FACULDADE ANHANGUERA PITAGORAS DE JUNDIAI;1
1503;FACULDADE DOUTOR LEOCADIO JOSE CORREIA;0
1504;CENTRO UNIVERSITARIO MAURICIO DE NASSAU DE MACEIO;1
1505;FACULDADE DE MEDICINA VETERINARIA E ZOOTECNIA;0
1506;FACULDADE CNEC ITAJAI;1
1507;FACULDADE PROJECAO DE CEILANDIA;1
1508;CENTRO UNIVERSITARIO METROPOLITANO DE MARINGA;1
1509;CENTRO UNIVERSITARIO ESTACIO DE BELO HORIZONTE ESTACIO BH;1
1510;CENTRO UNIVERSITARIO ESTACIO DE SANTA CATARINA ESTACIO SANTA CATARINA;1
1511;FACULDADE DE ENFERMAGEM DOS CAMPOS GERAIS;0
1512;FACULDADE DE CIENCIA DA EDUCACAO DE LAGES;0
1513;FACULDADE PITAGORAS ANHANGUERA DE TERESINA;1
1514;CENTRO UNIVERSITARIO VALE DO CRICARE;1
1515;FACULDADE DE EDUCACAO UNISAPIENS;1
1516;FACULDADE DE VINHEDO;0
1517;FACULDADE NOVO ATENEU DE GUARAPUAVA;0
1518;FACULDADE ANHANGUERA DE TAGUATINGA;1
1519;CENTRO UNIVERSITARIO DE PATO BRANCO;1
1520;FACULDADE FIA DE ADMINISTRACAO E NEGOCIOS;1
1521;FACULDADE ESTACIO DE BELEM ESTACIO BELEM;1
1522;FACULDADE DE EDUCACAO DE GUARAPARI;0
1523;CENTRO DE ENSINO SUPERIOR CESUL;1
1524;FACULDADE OLGA METTIG;1
1525;FACULDADE DE CIENCIAS CONTABEIS DE AFONSO CLAUDIO;0
1526;CENTRO UNIVERSITARIO SENAI SAO PAULO;1
1527;FACULDADE TAMOIOS;0
1528;FACULDADE DE CIENCIAS HUMANAS SAO PAULO;0
1529;FACULDADE DE EDUCACAO FISICA DE AMERICANA;0
1530;FACULDADE CNEC JOINVILLE;1
1531;FACULDADE DE ENFERMAGEM DO PLANALTO CENTRAL;0
1532;FACULDADE DE SERTAOZINHO;0
1533;FACULDADE DE COMUNICACAO SOCIAL;0
1534;FACULDADE DE CIENCIAS LETRAS E EDUCACAO DO NOROESTE DO PARANA;0
1535;CENTRO UNIVERSITARIO DE PINHAIS;1
1536;CENTRO UNIVERSITARIO UNIFATEB;1
1537;FACULDADE EXPONENCIAL;0
1538;CENTRO UNIVERSITARIO PROJECAO;1
1539;FACULDADE ITALO BRASILEIRA;0
1540;INSTITUTO DE ENSINO SUPERIOR DE RONDONIA;1
1541;FACULDADE FLAMINGO;1
1542;CENTRO UNIVERSITARIO GERALDO DI BIASE;1
1543;FACULDADE DE DIREITO DE LINHARES;0
1544;FACULDADE DECISAO;0
1545;FACULDADE DE BOITUVA;1
1546;FACULDADE DE EDUCACAO SAO FRANCISCO;1
1547;FACULDADE DE MEDICINA ESTACIO DE JUAZEIRO DO NORTE;1
1548;FACULDADE DE CAMPO GRANDE;0
1549;FACULDADE PALAS ATENA DE CHOPINZINHO;0
1550;FACULDADE DE EDUCACAO FISICA DE FOZ DO IGUACU;0
1551;FACULDADE FRANCO BRASILEIRO;0
1552;CENTRO UNIVERSITARIO MAURICIO DE NASSAU DE PARNAIBA;1
1553;FACULDADE DE ODONTOLOGIA DE SAO JOSE DO RIO PRETO;0
1554;CENTRO UNIVERSITARIO DO VALE DO RIBEIRA;1
1555;FACULDADE DE DIREITO DE GUARAPUAVA;0
1556;CENTRO UNIVERSITARIO SETE DE SETEMBRO;1
1557;UNIVERSIDADE FUMEC;1
1558;FACULDADE DOCTUM DE JOAO MONLEVADE;1
1559;CENTRO UNIVERSITARIO DO ESPIRITO SANTO UNESC;1
1561;FACULDADE ESAMC SOROCABA;1
1562;FACULDADE DE ILHA SOLTEIRA;1
1563;CENTRO UNIVERSITARIO UNINOVAFAPI;1
1564;FACULDADE SUL FLUMINENSE;1
1565;FACULDADE UNIME DE CIENCIAS JURIDICAS;1
1566;FACULDADE DE CIENCIAS GERENCIAIS;0
1567;FACULDADE VIZINHANCA VALE DO IGUACU;0
1568;FACULDADES DOCTUM DE CARATINGA;1
1569;FACULDADES INTEGRADAS DE ARARAQUARA;1
1570;FACULDADE DE CIENCIAS CONTABEIS DE POMBAL;0
1571;FACULDADE UNIME DE CIENCIAS SOCIAIS;1
1572;FACULDADE DE CIENCIAS SOCIAIS APLICADAS;1
1573;CENTRO UNIVERSITARIO ALFREDO NASSER;1
1574;FACULDADE EDUCACIONAL DE MEDIANEIRA;1
1575;CENTRO UNIVERSITARIO DO PLANALTO DE ARAXA;1
1576;INSTITUTO DE ENSINO SUPERIOR BLAURO CARDOSO DE MATTOS;0
1577;FACULDADE INTERMUNICIPAL DO NOROESTE DO PARANA;0
1578;INSTITUTO FEDERAL DE EDUCACAO CIENCIA E TECNOLOGIA SULRIOGRANDENSE;1
1579;FACULDADE DE CIENCIAS SOCIAIS DE IBIRACU;0
1580;FACULDADE EVANGELICA DE VALPARAISO;1
1581;FACULDADE DE SANTA LUZIA;1
1582;FACULDADE DECISAO;0
1583;FACULDADE DE TECNOLOGIA DE INDAIATUBA;1
1584;FACULDADE DE TECNOLOGIA DE GUARATINGUETA;1
1585;FACULDADE ENERGIA;1
1586;UNIVERSIDADE DO VALE DO SAPUCAI;1
1587;FACULDADE ANHANGUERA DE TANGARA DA SERRA;1
1588;FACULDADE PITAGORAS DE TURISMO E HOTELARIA DE MONTES CLAROS;0
1589;FACULDADE DE CASCAVEL;0
1590;CENTRO UNIVERSITARIO ESTACIO DE SAO LUIS;1
1591;FACULDADE ESTACIO MACAPA ESTACIO MACAPA;1
1592;FACULDADE DE ODONTOLOGIA DE MANAUS;1
1593;FACULDADE DE PEDAGOGIA DE EUNAPOLIS;0
1594;FACULDADE DE LETRAS DA INSTITUICAO DE ENSINO SUPERIOR DE GOIAS;0
1595;FACULDADE DE LETRAS UNIAO DE ENSINO SUPERIOR CERTO;0
1596;FACULDADE DE CIENCIAS E EDUCACAO DO ESPIRITO SANTO;1
1597;FACULDADE SANTA FE;1
1598;CENTRO UNIVERSITARIO UNA DE UBERLANDIA;1
1599;CENTRO UNIVERSITARIO PRESIDENTE TANCREDO DE ALMEIDA NEVES;1
1600;CENTRO UNIVERSITARIO DO NORTE DE MINAS;1
1601;FACULDADE CIDADE DE COROMANDEL;1
1602;FACULDADE DE CIENCIAS GERENCIAIS DO OESTE DE MINAS;0
1603;FACULDADE DE COMUNICACAO SOCIAL DO OESTE DE MINAS;0
1604;FACULDADE MAGNUN DE EDUCACAO FISICA E ESPORTE;0
1605;FACULDADE DE ADMINISTRACAO DE NOVA ANDRADINA FANOVA;0
1606;FACULDADES INTEGRADAS DE CASSILANDIA;1
1607;FACULDADE LUTERANA SAO MARCOS;0
1608;FACULDADE DE INFORMATICA DE PATOS;0
1609;FACULDADE DOS CERRADOS PIAUIENSES;1
1610;FACULDADE DAS ATIVIDADES EMPRESARIAIS DE TERESINA;1
1611;FACULDADES FATIFAJAR FATIFAJAR ARAPOTI;1
1612;FACULDADE ASSIS GURGACZ;1
1613;FACULDADE ADVENTISTA DO PARANA;1
1614;FACULDADE ASTORGA;0
1615;INSTITUTO SUPERIOR DO LITORAL DO PARANA;1
1616;FACULDADE ANGEL VIANNA;1
1617;FACULDADE DE CIENCIAS ECONOMICAS DA REGIAO CARBONIFERA;0
1618;CENTRO UNIVERSITARIO SOCIESC DE BLUMENAU;1
1619;FACULDADE DE OLIMPIA;1
1620;FACULDADE SANTA RITA;1
1621;FACULDADE NETWORK;1
1622;FACULDADE ITA EDUCACIONAL PAULISTA;1
1623;FACULDADE DE CIENCIAS AGRARIAS DE ANDRADINA;1
1624;FACULDADE MARECHAL RONDON;1
1625;FACULDADE REUNIDA;0
1626;CENTRO DE TECNOLOGIA E CIENCIA CETEC;0
1627;FACULDADE DE EDUCACAO DE MONTE ALTO;0
1628;FACULDADE DE CIENCIAS HUMANAS DE AGUAI;0
1629;INSTITUTO DE ENSINO SUPERIOR AQUIDAUANENSE;0
1630;FACULDADE ITABIRANA DE DESENVOLVIMENTO DAS CIENCIAS E TECNOLOGIAS;0
1631;FACULDADE PITAGORAS DE FISIOTERAPIA DE MONTES CLAROS;0
1632;FACULDADE PITAGORAS UNOPAR ANHANGUERA DE LONDRINA;1
1633;CENTRO FEDERAL DE EDUCACAO TECNOLOGICA DE CUIABA;0
1634;FACULDADE DOCTUM DA SERRA;0
1635;FACULDADE DE CIENCIAS DA SAUDE;0
1636;FACULDADE MONTE PASCOAL;1
1637;FACULDADE DELMIRO GOUVEIA;1
1638;FACULDADE DO AMAZONAS;1
1639;FACULDADE HELIO ROCHA;1
1640;CENTRO UNIVERSITARIO AGES;1
1641;CENTRO UNIVERSITARIO SOCIAL DA BAHIA;1
1642;FACULDADE DE EXCELENCIA UNEX DE ITABUNA;1
1643;FACULDADE ANISIO TEIXEIRA DE FEIRA DE SANTANA;1
1644;FACULDADE UNIME DE EDUCACAO E COMUNICACAO;1
1645;FACULDADE DE EXCELENCIA UNEX DE JEQUIE;1
1646;FACULDADE DE EDUCACAO CIENCIAS E LETRAS DE PARAISO;1
1647;FACULDADE DE ENSINO E CULTURA DO CEARA;1
1648;FACULDADE COMPACTO DE COMUNICACAO SOCIAL;0
1649;FACULDADE DE COMUNICACAO DA SERRA;0
1650;FACULDADE J. SIMOES ENSINO SUPERIOR;0
1651;FACULDADE DE EDUCACAO;0
1652;FACULDADE DE VITORIA;1
1653;FACULDADE DE CIENCIA E EDUCACAO DO CAPARAO;1
1654;INSTITUTO DE ENSINO SUPERIOR DE NOVA VENECIA;0
1655;FACULDADE CENECISTA DE SETE LAGOAS;0
1656;INSTITUTO DE ENSINO SUPERIOR DE TERESINA;1
1657;CENTRO UNIVERSITARIO UNISEP;1
1658;CENTRO UNIVERSITARIO DA GRANDE FORTALEZA;1
1659;FACULDADE ESTACIO DE SA DE OURINHOS;1
1660;CENTRO UNIVERSITARIO ESTACIO DE BRASILIA ESTACIO BRASILIA;1
1661;FACULDADE PROJECAO DE SOBRADINHO;1
1662;FACULDADE DOCTUM DE ADMINISTRACAO E EDUCACAO DE VITORIA;0
1663;CENTRO UNIVERSITARIO ARAGUAIA;1
1664;FACULDADE DA SAUDE E ECOLOGIA HUMANA;1
1665;FACULDADE KENNEDY;0
1666;CENTRO UNIVERSITARIO UNIHORIZONTES;1
1667;FACULDADE INTERNACIONAL DE CIENCIAS EMPRESARIAIS;0
1668;FACULDADE PITAGORAS DE MINAS GERAIS;0
1669;AFYA FACULDADE DE CIENCIAS MEDICAS DE IPATINGA;1
1670;FACULDADE ASA DE BRUMADINHO;1
1671;FACULDADE DE ENSINO UNIFICADO DE BELO HORIZONTE;0
1672;INSTITUTO ESPERANCA DE ENSINO SUPERIOR;1
1673;FACULDADE DE AGRONOMIA DE POMBAL;0
1674;INSTITUTO SALESIANO DE FILOSOFIA;0
1675;FACULDADE METROPOLITANA DA GRANDE RECIFE;1
1676;CENTRO UNIVERSITARIO SAO MIGUEL;1
1677;FACULDADE DE ENSINO SUPERIOR DO PIAUI;1
1678;FACULDADE DE CIENCIAS DE WENCESLAU BRAZ;0
1679;FACULDADE DE CAMPINA GRANDE DO SUL;1
1680;FACULDADE UNIRB MOSSORO;1
1681;FACULDADE DE CIENCIAS SOCIAIS APLICADAS IBMEC;0
1682;FACULDADE CATOLICA SALESIANA DE MACAE;1
1683;CENTRO UNIVERSITARIO MAURICIO DE NASSAU DE TERESINA;1
1684;FACULDADE DE RORAIMA;0
1685;FACULDADE BARDDAL DE CIENCIAS CONTABEIS;0
1686;FACULDADE BARDDAL DE ARTES APLICADAS;1
1687;FACULDADE IDEPE;0
1688;FACULDADE SENAC DE EDUCACAO EM SAUDE;0
1689;FACULDADE SANTA IZILDINHA;0
1690;FACULDADE DE SAO VICENTE;1
1691;FACULDADE PRAXIS;0
1692;ESCOLA SUPERIOR DE TECNOLOGIA E EDUCACAO DE PORTO FERREIRA;0
1693;FACULDADE ITANHAEM;1
1694;ESCOLA SUPERIOR DE CRICIUMA ESUCRI;1
1695;FACULDADE DE EDUCACAO DE BOM DESPACHO;0
1696;FACULDADE SOBRESP DE CRISTALINA;1
1697;CENTRO UNIVERSITARIO FACOL;1
1698;FACULDADE DE CIENCIAS SOCIAIS APLICADAS DO CESCARELI;0
1699;FACULDADE DE EDUCACAO DE JARU;1
1700;FACULDADE PROMOVE DE SETE LAGOAS;1
1701;FACULDADE MACHADO DE ASSIS;1
1702;CENTRO UNIVERSITARIO ESTACIO DA AMAZONIA;1
1703;CENTRO UNIVERSITARIO UNIBRAS RIO VERDE;1
1704;FACULDADE DE ADMINISTRACAO DO ALTO VALE DO RIO TUBARAO;0
1705;FACULDADE DE EDUCACAO DO ALTO VALE DO RIO TUBARAO;0
1706;FACULDADE DE INFORMATICA DO RECIFE;0
1707;FACULDADE DE CIENCIAS CONTABEIS DE RECIFE;0
1708;CENTRO UNIVERSITARIO DO RECIFE;1
1709;CENTRO UNIVERSITARIO TIRADENTES DE PERNAMBUCO;1
1710;FACULDADE ANHANGUERA DE NEGOCIOS E TECNOLOGIAS DA INFORMACAO;1
1711;CENTRO UNIVERSITARIO DE PRESIDENTE PRUDENTE;1
1712;FACULDADE DE CIENCIAS E TECNOLOGIA DE TERESINA;1
1713;FACULDADE DE TECNOLOGIA DE SAO VICENTE;1
1714;ESCOLA SUPERIOR DE GESTAO COMERCIAL E MARKETING;1
1715;FACULDADE DO SUL DA BAHIA;0
1716;CENTRO UNIVERSITARIO UNIAO DAS AMERICAS DESCOMPLICA;1
1717;FACULDADE DE IMPERATRIZ WYDEN;1
1718;CENTRO UNIVERSITARIO NOBRE DE FEIRA DE SANTANA;1
1719;FACULDADE DE ADMINISTRACAO DE CAMPOS GERAIS;0
1720;FACULDADE MINAS GERAIS;1
1721;FACULDADE DE VICOSA;1
1722;FACULDADE DE PORTO VELHO;0
1723;STRONG BUSINESS SCHOOL;1
1724;FACULDADE DE GUARARAPES;0
1725;FACULDADE XV DE AGOSTO;1
1726;CENTRO UNIVERSITARIO SANTA AMELIA;1
1727;FACULDADE DE CARIACICA;1
1728;FACULDADE INTERAMERICANA UNISAPIENS;1
1729;FACULDADE DE ODONTOLOGIA DOS CAMPOS GERAIS;0
1730;FACULDADE NORTE CAPIXABA;0
1731;FACULDADE DE CIENCIAS SOCIAIS APLICADAS;0
1732;FACULDADE GENNARI E PEARTREE;1
1733;FACULDADE DE ENSINO SUPERIOR DE MARECHAL CANDIDO RONDON;1
1734;CENTRO UNIVERSITARIO FACID WYDEN;1
1735;CENTRO UNIVERSITARIO DOUTOR LEAO SAMPAIO;1
1736;CENTRO UNIVERSITARIO LA SALLE DO RIO DE JANEIRO;1
1737;FACULDADE DE INFORMATICA DE TAQUARA;0
1738;FACULDADE SAO LUCAS PORTO VELHO;1
1739;FACULDADE UNIBRAS GAMA;1
1740;FACULDADE DE TECNOLOGIA RADIAL;0
1741;FACULDADE DE TECNOLOGIA INTERAMERICA;0
1742;CENTRO UNIVERSITARIO DE TECNOLOGIA CARLOS DRUMMOND DE ANDRADE;1
1743;FACULDADE DE TECNOLOGIA OSWALDO CRUZ;1
1744;FACULDADE DE TECNOLOGIA OPET;0
1745;FACULDADE INTERATIVA DE SAO PAULO;1
1746;FACULDADE DE TECNOLOGIA DAS AMERICAS;0
1747;FACULDADE DE TECNOLOGIA FLAMINGO;0
1748;FACULDADE DE TECNOLOGIA MARIO DE ANDRADE;0
1749;FACULDADE LUSOBRASILEIRA;1
1750;UNIDADE DE ENSINO SUPERIOR EXPOENTE;0
1751;FACULDADE DE DESIGN GRAFICO;0
1752;FACULDADE AUTONOMA DE DIREITO;1
1753;FACULDADE DE ENFERMAGEM NOVA ESPERANCA;1
1754;INSTITUTO SUPERIOR DE EDUCACAO DE BRASILIA;0
1755;FACULDADE EQUIPE;0
1756;FACULDADE ASSOCIADA BRASIL;1
1757;ESCOLA SUPERIOR DE ADMINISTRACAO MARKETING E COMUNICACAO DE GOIANIA;0
1758;FACULDADE INDEPENDENTE DO NORDESTE;1
1759;GRAN CENTRO UNIVERSITARIO;1
1760;FACULDADE DE PEDAGOGIA DE VITORIA DE SANTO ANTAO;0
1761;FACULDADE BRASILEIRA DE GESTAO E NEGOCIOS;0
1762;CENTRO UNIVERSITARIO DE TECNOLOGIA E NEGOCIOS CARLOS DRUMMOND DE ANDRADE;1
1763;FACULDADE DE TECNOLOGIA SENAI CHAPECO;1
1764;FACULDADE DE EDUCACAO REGIONAL SERRANA;0
1765;FACULDADE DE JOSE BONIFACIO;0
1766;FACULDADE ESPIRITO SANTENSE;1
1767;FACULDADE DE CIENCIAS SOCIAIS APLICADAS;0
1768;FACULDADE REGIONAL SERRANA;0
1769;FACULDADE DE TURISMO DE CARATINGA;0
1770;FACULDADE DE CIENCIAS EXATAS E TECNOLOGICAS DA INSTITUICAO DE ENSINO SUPERIOR DE GOIAS;0
1771;FACULDADE DE TECNOLOGIA E CIENCIAS;0
1772;CENTRO UNIVERSITARIO FANOR WYDEN;1
1773;CENTRO UNIVERSITARIO FAI;1
1774;FACULDADE ANHANGUERA DE PONTA GROSSA;1
1775;CENTRO UNIVERSITARIO FAVIP WYDEN;1
1776;FACULDADE ANHANGUERA DE TECNOLOGIA DE JUNDIAI;1
1777;CENTRO UNIVERSITARIO UNIASSELVI DE GUARAMIRIM;1
1778;FACULDADE DE EDUCACAO CIENCIAS E LETRAS SAO JUDAS TADEU;0
1779;FACULDADE AIEC;1
1780;FACULDADE HORIZONTINA;1
1781;FACULDADE INTESP;1
1782;FACULDADE DE ARTES CIENCIAS E TECNOLOGIAS;0
1783;FACULDADE DE CIENCIAS SOCIAIS APLICADAS;0
1784;FACULDADE ANHANGUERA DE SAO CAETANO;0
1785;FACULDADE DE COLIDER;1
1786;FACULDADE FESSUL MACHADO;1
1787;INSTITUTO DE ENSINO SUPERIOR DE JOINVILLE;0
1788;FACULDADE DE ADMINISTRACAO E ARTES DE LIMEIRA;1
1789;FACULDADE CATUAI;1
1790;FACULDADE DO SUL DA BAHIA;1
1791;FACULDADE DE CIENCIAS EXATAS E TECNOLOGICAS DA UNIAO DE ENSINO SUPERIOR CERTO;0
1792;FACULDADE DE EDUCACAO DE VITORIA;0
1793;FACULDADE DE CIENCIAS EXATAS E TECNOLOGICAS DE UNIAO DA VITORIA;0
1794;FACULDADE DE CIENCIAS HUMANAS DE UNIAO DA VITORIA;0
1795;FACULDADE DE CIENCIAS SOCIAIS APLICADAS DE UNIAO DA VITORIA;0
1796;FACULDADE DE MATEMATICA DA INSTITUICAO DE ENSINO SUPERIOR DE GOIAS;0
1797;FACULDADES LONDRINA;1
1798;FACULDADE EDUCACIONAL DE CORNELIO PROCOPIO;0
1799;FACULDADE BRASILIA DE TECNOLOGIA CIENCIAS E EDUCACAO;0
1800;FACULDADE REGES DE REALEZA;1
1801;FACULDADE DOM BOSCO DE UBIRATA;1
1802;FACULDADE DE CIENCIAS DA SAUDE;0
1803;FACULDADE DE TECNOLOGIA E CIENCIAS DE PERNAMBUCO;0
1804;FACULDADE DE MAUA FAMA;1
1805;CENTRO UNIVERSITARIO DOS GUARARAPES;1
1806;FACULDADE FERNAO DIAS;0
1807;INSTITUTO FEDERAL DE EDUCACAO CIENCIA E TECNOLOGIA DO CEARA;1
1808;INSTITUTO FEDERAL DE EDUCACAO CIENCIA E TECNOLOGIA DO ESPIRITO SANTO;1
1809;INSTITUTO FEDERAL DE EDUCACAO CIENCIA E TECNOLOGIA DE PERNAMBUCO;1
1810;INSTITUTO FEDERAL DE EDUCACAO CIENCIA E TECNOLOGIA DE SAO PAULO;1
1811;INSTITUTO FEDERAL DE EDUCACAO CIENCIA E TECNOLOGIA DE GOIAS;1
1812;INSTITUTO FEDERAL DE EDUCACAO CIENCIA E TECNOLOGIA DO AMAZONAS;1
1813;INSTITUTO FEDERAL DE EDUCACAO CIENCIA E TECNOLOGIA DO PARA;1
1814;FACULDADE DE CIENCIAS SOCIAIS E APLICADAS DE DIAMANTINO;0
1815;FACULDADE DO INSTITUTO BRASIL;1
1816;CENTRO UNIVERSITARIO BAURUENSE;1
1817;FACULDADE ESTACIO DE CURITIBA;1
1818;FACULDADE ANHANGUERA DE BELO HORIZONTE;1
1819;CENTRO UNIVERSITARIO FARIAS BRITO;1
1820;INSTITUTO FEDERAL DE EDUCACAO CIENCIA E TECNOLOGIA DO PIAUI;1
1821;FACULDADE LIONS;1
1822;CENTRO UNIVERSITARIO SULAMERICANA;1
1823;INSTITUTO DE ENSINO SUPERIOR DO AMAPA;1
1824;FACULDADE DE CIENCIAS CONTABEIS DE ITABIRITO;0
1825;FACULDADE DE ESTUDOS SUPERIORES DE MINAS GERAIS;1
1826;FACULDADE DE DIREITO DE LEOPOLDINA;0
1827;FACULDADE LUTERANA DE TEOLOGIA;1
1828;ESCOLA DA CIDADE FACULDADE DE ARQUITETURA E URBANISMO;1
1829;FACULDADE DE TECNOLOGIA UIRAPURU;0
1830;FACULDADE ANHANGUERA DE PASSO FUNDO;1
1831;FACULDADE DE IBITINGA;0
1832;FACULDADE DE JABOTICABAL;0
1833;FACULDADE DE ARUJA;0
1834;FACULDADE DE AGUDOS;1
1835;FACULDADE DE COLINAS DO TOCANTINS;1
1836;CENTRO UNIVERSITARIO FUNDACAO DE ENSINO OCTAVIO BASTOS FEOB;1
1837;ESCOLA DE ESTUDOS SUPERIORES DE VICOSA;0
1838;FACULDADES INTEGRADAS RIO BRANCO;1
1839;FACULDADES INTEGRADAS DE VARZEA GRANDE;0
1840;CENTRO UNIVERSITARIO CASTELO BRANCO;1
1841;CENTRO UNIVERSITARIO ANTONIO EUFRASIO DE TOLEDO DE PRESIDENTE PRUDENTE TOLEDO PRUDENTE;1
1842;FACULDADES INTEGRADAS MACHADO DE ASSIS;1
1843;FACULDADE DE ADMINISTRACAO DE CAMPO BELO;1
1844;FACULDADES INTEGRADAS STELLA MARIS DE ANDRADINA;1
1845;FEFISA FACULDADES INTEGRADAS DE SANTO ANDRE;0
1846;CENTRO UNIVERSITARIO DE LINS;1
1847;FACULDADE ANHANGUERA DE IMPERATRIZ;1
1848;FACULDADE CENECISTA DE SANTA TEREZINHA DE ITAIPU;0
1849;FACULDADE DE DIREITO DE MOGI MIRIM;0
1850;CENTRO UNIVERSITARIO SANTA MARIA DA GLORIA;1
1851;ESCOLA BRASILEIRA DE ADMINISTRACAO PUBLICA E DE EMPRESAS;1
1852;FACULDADE SABERES;0
1853;CENTRO UNIVERSITARIO UNIBTA;1
1854;CLARETIANO CENTRO UNIVERSITARIO;1
1855;CENTRO UNIVERSITARIO CATOLICO DO SUDOESTE DO PARANA;0
1856;FACULDADE DO NORTE NOVO DE APUCARANA;1
1857;FACULDADE DEHONIANA;1
1858;FACULDADE DOM PEDRO II DE JEQUIE;0
1859;INSTITUTO SUPERIOR DE EDUCACAO UIRAPURU;0
1860;FACULDADE DE CIENCIAS GERENCIAIS PADRE ARNALDO JANSSEN;1
1861;FACULDADE DE DIREITO DE CACOAL;0
1862;FACULDADE DA REGIAO SERRANA;1
1863;FACULDADE INTERVALE;1
1864;FACULDADE DA ASSOCIACAO BRASILIENSE DE EDUCACAO;1
1865;FACULDADE ALVORADA PAULISTA;0
1866;FACULDADE DE CIENCIAS EDUCACIONAIS E EMPRESARIAIS DE NATAL;1
1867;FACULDADE SANTOS DUMONT;1
1868;INSTITUTO SUPERIOR DE EDUCACAO DE SANTOS DUMONT;0
1869;CENTRO UNIVERSITARIO DE ITAJUBA;1
1870;FACULDADES INTEGRADAS REGIONAIS DE AVARE;1
1871;FACULDADE DE MEDICINA DE CARATINGA;0
1872;CENTRO UNIVERSITARIO SANTA CRUZ DE CURITIBA;1
1873;FACULDADE MERCURIO;0
1874;FACULDADE DE TECNOLOGIA DE OURINHOS;1
1875;FACULDADE DE FILOSOFIA CIENCIAS E LETRAS DE IBITINGA;1
1876;FACULDADE MUNICIPAL PROFESSOR FRANCO MONTORO DE MOGI GUACU;1
1877;FACULDADE ATUAL;0
1878;CENTRO UNIVERSITARIO DA FUNDACAO EDUCACIONAL INACIANA PE SABOIA DE MEDEIROS;1
1879;CENTRO UNIVERSITARIO UNIFACEAR;1
1880;FACULDADE CASA DO ESTUDANTE;1
1881;FACULDADE DA ESCADA;1
1882;FACULDADE DE ASSUNTOS ACADEMICOS E CIENTIFICOS MONSENHOR EDISSON VIEIRA LICIO;0
1883;CENTRO UNIVERSITARIO UNIME;1
1884;FACULDADE DE RANCHARIA;0
1885;CENTRO UNIVERSITARIO UNIDADE DE ENSINO SUPERIOR DOM BOSCO;1
1886;FACULDADE DE MONTE ALTO;0
1887;FACULDADE DE DIREITO DA SERRA;0
1888;FACULDADE DE SAUDE TECSOMA;0
1889;FACULDADE HOYLER DE LETRAS;0
1890;FACULDADE INTEGRADA DE GOIAS;0
1891;FACULDADE SARTRE COC;0
1892;CENTRO UNIVERSITARIO DE EXCELENCIA ENIAC;1
1893;FACULDADE UNIRB FEIRA DE SANTANA;1
1894;FACULDADE EUROPEIA DE TECNOLOGIA E CIENCIAS HUMANAS EUROTECH;1
1895;CENTRO UNIVERSITARIO CHRISTUS;1
1896;FACULDADE DE TURISMO DE NOVA ANDRADINA;0
1897;FACULDADE DE LETRAS DE NOVA ANDRADINA;0
1898;FACULDADE DO LITORAL SUL PAULISTA;1
1899;FACULDADE DE NOVA ESPERANCA;0
1900;CENTRO UNIVERSITARIO DE ENSINO CIENCIA E TECNOLOGIA DO PARANA;1
1901;FACULDADE CATOLICA DE UBERLANDIA;0
1902;FACULDADE SANTO AGOSTINHO;1
1903;FACULDADE CRISTO REI;1
1904;FACULDADE SAO CAMILO;0
1905;FACULDADE SANTA ADAME;0
1906;INSTITUTO DE ENSINO SUPERIOR MATERDEI;1
1907;FACULDADE EDUCACIONAL DE COLOMBO;1
1908;FACULDADE BRASILEIRA CRISTA;1
1909;FACULDADES FAGENIUS DE IPATINGA;1
1910;FACULDADE UNINASSAU LAURO DE FREITAS;1
1911;FACULDADE CENTROOESTE;0
1912;INSTITUTO SUPERIOR DE EDUCACAO JAPI;0
1913;CENTRO UNIVERSITARIO FAMINAS;1
1914;FACULDADE PITAGORAS DE ENFERMAGEM DE MONTES CLAROS;0
1915;FACULDADE DE EDUCACAO SILVA SERPA;0
1916;INSTITUTO SUPERIOR DE EDUCACAO PITAGORAS;0
1917;CENTRO UNIVERSITARIO MAURICIO DE NASSAU DE CACOAL;1
1918;CENTRO UNIVERSITARIO UNIVINTE;1
1919;FACULDADE DE CIENCIAS EXATAS E TECNOLOGICAS SANTO AGOSTINHO FACET;0
1920;FACULDADE DE FARMACIA DO PLANALTO CENTRAL;0
1921;FACULDADE DE SAO BENTO;1
1922;ESCOLA SUPERIOR DE FISIOTERAPIA ESUFI;0
1923;CENTRO UNIVERSITARIO ARNALDO JANSSEN;1
1924;FACULDADE DO NORTE PIONEIRO DE JACAREZINHO;0
1925;FACULDADE DE CIENCIAS SOCIAIS APLICADAS SANTO AGOSTINHO;0
1926;FACULDADE DE ADMINISTRACAO DE CATAGUASES;0
1927;UGV CENTRO UNIVERSITARIO;1
1928;FACULDADE CNEC CAPITAO LEMOS CUNHA;1
1929;FACULDADE DE CIENCIAS CONTABEIS FACICONT;0
1930;INSTITUTO SUPERIOR DE EDUCACAO DE SAO PAULO;1
1931;CENTRO UNIVERSITARIO DE ENSINO SUPERIOR FRANCISCANO;1
1932;FACULDADE PALOTINA;1
1933;FACULDADE BIRIGUI;1
1934;FACULDADE FASIPE;1
1935;FACULDADE SAO PAULO DE SANTOS;0
1936;CENTRO UNIVERSITARIO LA SALLE;1
1937;FACULDADE EVANGELICA DE SALVADOR;1
1938;FACULDADE DE UMUARAMA;0
1939;INSTITUTO DE ENSINO SUPERIOR DE LONDRINA INESUL;1
1940;FACULDADE DE NOVA SERRANA;1
1941;FACULDADE CATOLICA DE CUIABA;1
1942;FACULDADE DE COMUNICACAO SOCIAL DE FLORIANOPOLIS;0
1943;FACULDADE JK SOBRADINHO;0
1944;FACULDADE DE TECNOLOGIA IBRATEC;0
1945;FACULDADE ANHANGUERA DE SORRISO;1
1946;FACULDADE LUMINA;1
1947;FACULDADE DE ENGENHARIA DE TAQUARA;0
1948;FACULDADE DE ENSINO SUPERIOR DA PARAIBA;1
1949;CENTRO UNIVERSITARIO DE PAULINIA;1
1950;FACULDADE DE ORLANDIA;0
1951;INSTITUTO DE EDUCACAO E ENSINO SUPERIOR DE SAMAMBAIA;0
1952;CENTRO UNIVERSITARIO CATHEDRAL;1
1953;FACULDADE DE CIENCIAS BIOLOGICAS E DA SAUDE;0
1954;FACULDADE DE ECONOMIA;0
1955;FACULDADE DE CIENCIAS HUMANAS DE LAGES;0
1956;FACULDADE UNIRB ALAGOAS;1
1957;FACULDADE DE TECNOLOGIA SENAI JOINVILLE;1
1958;CENTRO UNIVERSITARIO SENAI SANTA CATARINA;1
1959;FACULDADE DE CIENCIAS JURIDICAS DO PLANALTO CENTRAL;0
1960;FACULDADE DE MEDICINA DO PLANALTO CENTRAL;0
1961;INSTITUTO TECNOLOGICO E DAS CIENCIAS SOCIAIS APLICADAS E DA SAUDE DO CENTRO EDUC. N. SRª AUXILIADORA;1
1962;INSTITUTO SUPERIOR DE EDUCACAO DO CENTRO EDUCACIONAL NOSSA SENHORA AUXILIADORA;1
1963;FACULDADE DE FISIOTERAPIA DOS CAMPOS GERAIS;0
1964;FACULDADE DE TECNOLOGIA EM HOTELARIA GASTRONOMIA E TURISMO DE SAO PAULO;1
1965;CENTRO UNIVERSITARIO MARIO PONTES JUCA;1
1966;FACULDADE ALBERT EINSTEIN;1
1967;FACULDADE DO VALE DO ITAPECURU;1
1968;FACULDADE BRASILEIRA DE TECNOLOGIA;1
1969;FACULDADE DOS IMIGRANTES FAI;0
1970;FACULDADE MULTIVIX DE CACHOEIRO;1
1971;FACULDADE DE TECNOLOGIA MORUMBI SUL;0
1972;FACULDADE DE SAO CAETANO DO SUL;1
1973;INSTITUTO SUPERIOR DE EDUCACAO ORIGENES LESSA;0
1974;INSTITUTO SUPERIOR DE EDUCACAO DE CAXIAS;1
1975;FACULDADE DE CIENCIAS AGRARIAS DOS CAMPOS GERAIS;0
1976;INSTITUTO SUPERIOR DE EDUCACAO DE LINHARES;0
1977;CENTRO DE ESTUDOS SUPERIORES APRENDIZ;1
1978;CENTRO UNIVERSITARIO FAMETRO;1
1979;INSTITUTO SUPERIOR DE EDUCACAO CENECISTA DE BRASILIA;0
1980;FACULDADE SINERGIA;1
1981;FACULDADE MILLENNIUM;0
1982;FACULDADE DE COMUNICACAO SOCIAL DE PATOS;0
1983;FACULDADE DE CIENCIAS E DA SAUDE DE PATOS;0
1984;CENTRO UNIVERSITARIO UNIFACIG;1
1985;FACULDADE COMUNITARIA DE CAMPINAS;0
1986;CENTRO UNIVERSITARIO ESTACIO JUIZ DE FORA ESTACIO JUIZ DE FORA;1
1987;FACULDADE DE FILOSOFIA CIENCIAS E LETRAS DEPUTADO JOSE LAVIOLA;0
1988;CENTRO UNIVERSITARIO AVANTIS;1
1989;INSTITUTO SUPERIOR DE EDUCACAO AVANTIS;0
1990;FACULDADE DE CIENCIAS SOCIAIS APLICADAS DE FORTALEZA;0
1991;FACULDADE JOAO PAULO PRIMEIRO;0
1992;INSTITUTO DE ENSINO SUPERIOR DE PIEDADE;0
1993;FACULDADE IDEAL DE PATOS;0
1994;INSTITUTO DE ENSINO SUPERIOR DE DOURADOS;0
1995;FACULDADE DE MEDICINA NOVA ESPERANCA;1
1996;INSTITUTO CUIABA DE ENSINO E CULTURA;1
1997;INSTITUTO DE ENSINO SUPERIOR DE ARIPUANA;0
1998;INSTITUTO SUPERIOR DE EDUCACAO ELVIRA DAYRELL;1
1999;JOHN KNOX;0
2000;FACULDADE TATUAPE;0
2001;SEMINARIO ADVENTISTA LATINOAMERICANO DE TEOLOGIA;0
2002;INSTITUTO SUPERIOR DE EDUCACAO DIVINO SALVADOR;0
2003;FACULADE TEOLOGICA SINAL;0
2004;FACULDADE DE DIREITO PRESIDENTE CASTELO BRANCO;0
2005;FACULDADE ANHANGUERA DE CIENCIAS SOCIAIS APLICADAS DE SINOP;1
2006;INSTITUTO SUPERIOR DE EDUCACAO DE VITORIA;0
2007;FACULDADE DE CIENCIAS EXATAS E TECNOLOGICAS DO BRASIL;0
2008;INSTITUTO SUPERIOR DE EDUCACAO DE SAO GOTARDO;0
2009;FACULDADE DE TAQUARITINGA;1
2010;FACULDADE ESAMC SOROCABA;0
2011;INSTITUTO NACIONAL DE EDUCACAO DE PORTO SEGURO;0
2012;INSTITUTO SUPERIOR DE EDUCACAO DE PESQUEIRA;0
2013;INSTITUTO SUPERIOR DE EDUCACAO;0
2014;FACULDADE SETELAGOANA DE CIENCIAS GERENCIAIS;0
2015;INSTITUTO SANTO TOMAS DE AQUINO;1
2016;LOGOS FACULDADE;0
2017;FACULDADES DE ALTA FLORESTA;0
2018;FACULDADE EVOLUCAO;0
2019;INSTITUTO SUPERIOR DE EDUCACAO DE SALGUEIRO;0
2020;INSTITUTO DE EDUCACAO SUPERIOR EUROBRAS;0
2021;FACULDADE JK UNIDADE II GAMA;1
2022;FACULDADE DE ROLIM DE MOURA;1
2023;CENTRO UNIVERSITARIO FG;1
2024;INSTITUTO SUPERIOR DE EDUCACAO DAS CLARETIANAS;0
2025;INSTITUTO SUPERIOR DE EDUCACAO CARLI GIOVANNI;0
2026;INSTITUTO SUPERIOR DE EDUCACAO BRASIL;0
2027;FACULDADE DE CAMPINA GRANDE;1
2028;FALCUDADE DE CIENCIAS ECONOMICAS CONTABEIS E ADMINISTR1S DE BELO HORIZONTE;0
2029;INSTITUTO SUPERIOR DE EDUCACAO DE MARECHAL CANDIDO RONDON;0
2030;INSTITUTO SUPERIOR DE EDUCACAO CAMPO LIMPO PAULISTA;0
2031;FACULDADE DE EDUCACAO DE PRESIDENTE MEDICI;0
2032;FACULDADE DE PEDAGOGIA E FORMACAO DE NORMALISTAS DE ARAGUAINA;0
2033;INSTITUTO SUPERIOR DE EDUCACAO DE FLORESTA;0
2034;FACULDADE DE CIENCIAS CONTABEIS DE ARAGUAINA;0
2035;FACULDADE FATIFAJAR JAGUARIAIVA;1
2036;FACULDADE ESTACIO DO PARA ESTACIO FAP;1
2037;FACULDADE UNIME DE CIENCIAS EXATAS E TECNOLOGICAS;1
2038;INSTITUTO DE EDUCACAO SUPERIOR VALE DO MEARIM;0
2039;FACULDADE CIDADE LUZ;1
2040;FACULDADE DO FUTURO;1
2041;FACULDADE SUDAMERICA;1
2042;FACULDADE FIGUEIREDO COSTA FIC;0
2043;CENTRO UNIVERSITARIO VALE DO SALGADO;1
2044;INSTITUTO SUPERIOR DE EDUCACAO VALE DO SALGADO;0
2045;FACULDADE AMADEUS;1
2046;INSTITUTO SUPERIOR DE EDUCACAO AMADEUS;0
2047;FACULDADE DE PSICOLOGIA DE CACOAL;0
2048;FACULDADE DE CIENCIAS E TECNOLOGIA DE CACOAL;0
2049;FACULDADE CATOLICA DO MARANHAO;1
2050;ESCOLA SUPERIOR DE GESTAO E CIENCIAS DA SAUDE;0
2051;FACULDADE INTERFUTURA;0
2052;FACULDADE DE DIREITO DE LAGES;0
2053;FACULDADE PARA O DESENVOLVIMENTO DE PERNAMBUCO;0
2054;FACULDADE DE EDUCACAO DE NOVA ANDRADINA;1
2055;FACULDADE ARAUCARIA DO SUDOESTE DO PARANA;0
2056;CENTRO UNIVERSITARIO DA ALTA PAULISTA;1
2057;FACULDADE DE MOGI GUACU;0
2058;FACULDADE METROPOLITANA;1
2059;FACULDADE DE EDUCACAO E CIENCIAS DE TAGUATINGA;0
2060;FACULDADE PADRE SEVERIANO LTDA;0
2061;FACULDADE DE FORMACAO DE PROFESSORES DE ARAPIRACA;0
2062;INSTITUTO SUPERIOR DE EDUCACAO CENECISTA DE VARGINHA;0
2063;INSTITUTO NOSSA SENHORA APARECIDA DE EDUCACAO;0
2064;FACULDADE METROPOLITANA DE SALVADOR;0
2065;FACULDADE DE FILOSOFIA E TEOLOGIA DE ALAGOAS;0
2066;FACULDADE LEONARDO DA VINCI;0
2067;CENTRO UNIVERSITARIO DE CIENCIAS E EMPREENDEDORISMO;1
2068;FACULDADE DE CASTILHO;0
2069;FACULDADE DE TEOLOGIA E CIENCIAS HUMANAS;1
2070;FACULDADE DE CIENCIAS SOCIAIS AMORIL;0
2071;FACULDADE TEOLOGICA BATISTA DO BRASIL;0
2072;FACULDADE DE DESENVOLVIMENTO SUSTENTAVEL DE CRUZEIRO DO SUL;0
2073;INSTITUTO SUPERIOR DE EDUCACAO PADRAO;1
2074;INSTITUTO EDUCACIONAL SAO JOAO DA ESOCIA DE ENSINO SUPERIOR;0
2075;INSTITUTO DE ENSINO SUPERIOR DE ALAGOAS;0
2076;CENTRO UNIVERSITARIO UNIRB;1
2077;FACULDADE ANGLOAMERICANO;0
2078;FACULDADE DE CIENCIAS HUMANAS E SOCIAIS DE JOINVILLE;0
2079;FACULDADE DE ITAITUBA;1
2080;FACULDADE UNIVERSICA DE FILOSOFIA;0
2081;FACULDADE DE CIENCIAS GERENCIAS DE PEDREIRA;0
2082;AFYA FACULDADE DE CIENCIAS MEDICAS DA PARAIBA;1
2083;FACULDADE DE IBITINGA;0
2084;FACULDADE CNEC NOVA PETROPOLIS;1
2085;CENTRO UNIVERSITARIO DE SALVADOR;1
2086;INSTITUTO DE ENSINO SUPERIOR DE FOZ DO IGUACU;1
2087;FACULDADE MARECHAL RONDON;0
2088;INSTITUTO SUPERIOR DE EDUCACAO SANTO AGOSTINHO DE TERESINA;0
2089;FACULDADE CENECISTA DE MOSSORO;0
2090;FACULDADE DE TURISMO DE CONGONHAS;0
2091;INSTITUTO SUPERIOR DE EDUCACAO PROSABER;1
2092;FACULDADE DOM PEDRO II;0
2093;FACULDADE GREGOR MENDEL;0
2094;FACULDADE DE ENSINO A;0
2095;INSITUTO SUPERIOR DE JACAREI;0
2096;FACULDADE DOCTUM DE MANHUACU DOCTUM;1
2097;ESCOLA SUPERIOR DE GUARARAPES;0
2098;FACULDADE EXCELENCIA;0
2099;INSTITUTO DE ENSINO PESQUISA E EXTENSAO DO BRASIL OESTE;0
2100;FACULDADE DE LETRAS DO SERRO;0
2101;FACULDADE ASCENSAO;0
2102;FACULDADE DE AURIFLAMA;0
2103;FACULDADE E CENTRO DE ENSINO DE LONDRINA;0
2104;FACULDADE DE TEOLOGIA DE HOKEMAH;0
2105;FACULDADE ADVENTISTA DE INFORMATICA;0
2106;FACULDADE DE VICOSA;0
2107;FACULDADE IBTE;0
2108;FACULDADE DE DIREITO DA SEDES;0
2109;FACULDADE JOAO PESSOA;0
2110;FACULDADE DOM CESAR;0
2111;CENTRO UNIVERSITARIO INTA;1
2112;FACULDADE METODISTA DE BIRIGUI;0
2113;FACULDADE DOM BOSCO DE PORTO ALEGRE;1
2114;FACULDADE DE TEOLOGIA FILADELFIA;0
2115;FACULDADE JOAO PAULO II;0
2116;FACULDADE IGUAPENSE SANTO AUGUSTO;0
2117;FACULDADE UNIGUACU PALOTINA;1
2118;INSTITUTO DE EDUCACAO SUPERIOR GUAIANAS;0
2119;FACULDADE GUARARAPES;0
2120;INSTITUTO DE FILOSOFIA E DE TEOLOGIA PAULO VI;0
2121;FACULDADE DE INFORMATICA DE PEDREIRA;0
2122;CENTRO UNIVERSITARIO ESTACIO DE SERGIPE;1
2123;CENTRO UNIVERSITARIO MAX PLANCK;1
2124;FACULDADE CALAFIORI;1
2125;FACULDADE DE EDUCACAO DE UBERLANDIA;0
2126;ESCOLA DE DIREITO DO RIO DE JANEIRO;1
2127;FACULDADE BATISTA DE EDUCACAO;0
2128;ESCOLA DE DIREITO DE SAO PAULO FGV DIREITO SP;1
2129;ESCOLA DE ECONOMIA DE SAO PAULO;1
2130;FACULDADE EVANGELICA DE TEOLOGIA DE BELO HORIZONTE;0
2131;FACULDADE DE SAO BERNARDO DO CAMPO;1
2132;CENTRO UNIVERSITARIO UNINORTE;1
2133;FACULDADE DE CIENCIAS EDUCACAO E TEOLOGIA DO NORTE DO BRASIL;1
2134;FACULDADE ASSEMBLEIANA DO BRASIL;1
2135;CENTRO UNIVERSITARIO CATOLICA DE QUIXADA;1
2136;INSTITUTO DE JUINA DE ENSINO SUPERIOR;0
2137;FACULDADE SAO MARCOS;1
2138;INSTITUTO SUPERIOR DE EDUCACAO DIVINO SALVADOR;0
2139;FACULDADE DE INFORMATICA DE PARANAIBA;0
2140;FACULDADE FULL CYCLE DE TECNOLOGIA;1
2141;FACULDADES BATISTA DO PARANA;1
2142;FACULDADE MULTIEDUCATIVA;0
2143;INSTITUTO SUPERIOR DE EDUCACAO DE DUQUE DE CAXIAS;0
2144;FACULDADE ECOPORANGA;0
2145;FACULDADE PROMOVE DE TECNOLOGIA;1
2146;FACULDADE DO ACRE;0
2147;CENTRO UNIVERSITARIO CEUNI FAMETRO;1
2148;FACULDADE DE PALMAS;1
2149;FACULDADE MATO GROSSO DO SUL;1
2150;CENTRO UNIVERSITARIO DO PIAUI;1
2151;INSTITUTO SUPERIOR DE EDUCACAO BERLAAR;0
2152;FACULDADE DE ADMINISTRACAO E TECNOLOGIA;0
2153;FACULDADE DE DIREITO DE MACAE;0
2154;INSTITUTO SUPERIOR DE CIENCIAS HUMANAS E SOCIAIS ANISIO TEIXEIRA;1
2155;FACULDADE DE CIENCIAS SOCIAIS E DA SAUDE DE CATAGUASES;0
2156;FACULDADE SAO TOMAS DE AQUINO;0
2157;INSTITUTO SUPERIOR DE EDUCACAO SANTANA;0
2158;CENTRO UNIVERSITARIO SANTA MARIA;1
2160;FACULDADE SANT ANA;1
2161;FACULDADE TEOLOGICA DE VALENCA;0
2162;INSTITUTO METROPOLITANO DE ENSINO SUPERIOR DE VESPASIANO;0
2163;FACULDADE TECNOLOGICA DE CIENCIAS E EDUCACAO;1
2164;FACULDADE PANAMERICANA;0
2165;FACULDADE FOZ DO IGUACU;1
2166;INSTITUTO DE EDUCACAO E CULTURA INTEGRADA;0
2167;FACULDADE DE EDUCACAO E CIENCIAS GERENCIAIS DE SALTO;0
2168;FACULDADE CAMPO GRANDE;0
2169;FACULDADE CENECISTA DE FORTALEZA;0
2170;FACULDADE DE MATEMATICA JESUS MARIA JOSE;0
2171;INSTITUTO BELO HORIZONTE DE ENSINO SUPERIOR;1
2172;FACULDADE CENECISTA DE TRES RIOS;0
2173;FACULDADE GUAIANAS;0
2174;FACULDADE DE SANTA CATARINA;1
2175;CENTRO UNIVERSITARIO UNIASSELVI DE BLUMENAU;1
2176;FACULDADE DE CIENCIAS BIOMEDICAS DE COLATINA;0
2177;FACULDADE INSTITUTO PAULISTA DE ENSINO;1
2178;FACULDADE CENECISTA DE MACAE;0
2179;FACULDADE DE TURISMO DO ESTADO DO RIO DE JANEIRO;0
2180;RATIO FACULDADE TEOLOGICA E FILOSOFICA;1
2181;INSTITUTO SUPERIOR DE EDUCACAO CENECISTA DE CAPIVARI;0
2182;FACULDADE BATISTA IDA NELSON;0
2183;CENTRO UNIVERSITARIO FUNDACAO SANTO ANDRE;1
2184;FACULDADE CNEC GRAVATAI;1
2185;FACULDADE DE NUTRICAO DOS CAMPOS GERAIS;0
2186;FACULDADE SALESIANA DOM BOSCO;1
2187;FACULDADE DE CIENCIAS GERENCIAIS DE VALINHOS;0
2188;INSTITUTO SUPERIOR DE EDUCACAO NOSSA SENHORA DE SION;0
2189;FACULDADE DO MARANHAO;1
2190;FACULDADE JULIO CAMPOS;0
2191;FACULDADE ANHANGUERA DE PELOTAS;1
2192;INSTITUTO SUPERIOR DE EDUCACAO IVOTI;1
2193;INSTITUTO SUPERIOR DE EDUCACAO IDEAL;0
2194;FACULDADE ANHANGUERA DO RIO GRANDE;1
2195;FACULDADE DE CIENCIAS GERENCIAIS DE MINAS GERAIS;0
2196;FACULDADE DE INFORMATICA E TECNOLOGIAS VARZEA GRANDENSE;0
2197;FACULDADE VILLAS BOAS;0
2198;FACULDADE BRASILEIRA DE INOVACAO;1
2199;FACULDADE DE EDUCACAO E TEOLOGIA DO BRASIL;0
2200;FACULDADE VALE DO GORUTUBA;1
2201;FACULDADE ALPHA;0
2202;INSTITUTO SUPERIOR DE EDUCACAO DE GUARATUBA;1
2203;FACULDADE DE EDUCACAO ANCHIETA;0
2204;FACULDADE CATARINENSE DOM BOSCO;0
2205;FACULDADE REGES DE TUPI PAULISTA;1
2206;FACULDADE FAE SAO JOSE DOS PINHAIS;0
2207;FACULDADE SAO JUDAS TADEU;0
2208;FACULDADE LUIS DE CAMOES;0
2209;FACULDADE DE CIENCIAS SOCIAIS APLICADAS;0
2210;FACULDADE GARAVELO;0
2211;INSTITUTO SUPERIOR DE EDUCACAO CENECISTA DE FARROUPILHA;0
2212;FACULDADE UNIDADE DAS AMERICAS;0
2213;FACULDADE DE CIENCIAS JURIDICAS E SOCIAIS DE GUARAPARI;0
2214;FACULDADE DE ENGENHARIA DA TERRA DE BRASILIA;0
2215;FACULDADE DE TEOLOGIA DO CEARA;0
2216;INSTITUTO SUPERIOR DE EDUCACAO DE IUNA;0
2217;FACULDADE DE CIENCIAS GERENCIAIS DE IUNA;0
2218;FACULDADE DE CIENCIAS EXATAS;0
2219;FACULDADE MUNDO MODERNO;0
2220;FACULDADE DOCTUM DE JUIZ DE FORA;1
2221;FACULDADE MADEIRA MAMORE;0
2222;CENTRO UNIVERSITARIO DO RIO SAO FRANCISCO UNIRIOS;1
2223;FACULDADE DE CIENCIAS SOCIAIS E DA SAUDE DE TEOFILO OTONI;0
2224;FACULDADES INTEGRADAS DE IMPERATRIZ;0
2225;INSTITUTO SUPERIOR DE FORMACAO DE PROFESSORES;0
2226;FACULDADE DE CIENCIAS DA SAUDE;0
2227;FACULDADE DE CIENCIAS BIOLOGICAS JK;0
2228;FACULDADE DA SAUDE HUMANA;0
2229;FACULDADE UNIS SAO LOURENCO;1
2230;FACULDADE DE ADMINISTRACAO JK;0
2231;FACULDADE DE COMUNICACAO SOCIAL JK;0
2232;FACULDADE DE ADMINISTRACAO E MARKETING DE BRASILIA;0
2233;FACULDADE DE CIENCIAS SOCIAIS APLICADAS DE BELO HORIZONTE;0
2234;FACULDADE DE PEDAGOGIA DE BETIM;0
2235;FACULDADE TEOLOGICA DAS ASSEMBLEIAS DE DEUS EM SANTOS;0
2236;ESCOLA SUPERIOR DE ADMINISTRACAO MARKETING E COMUNICACAO DE SAO BERNARDO DO CAMPO;0
2237;FACULDADE TEOLOGICA BATISTA EQUATORIAL;1
2238;FACULDADE DE PSICOLOGIA DOS CAMPOS GERAIS;0
2239;FACULDADE DE DIREITO DE VILHA VELHA;0
2240;FACULDADE DE FORTALEZA;1
2241;CENTRO UNIVERSITARIO DO SUDESTE MINEIRO;1
2242;FACULDADE DO RECIFE;1
2243;FACULDADE PARAIBANA;0
2244;FACULDADE DA CIDADE DE MACEIO;1
2245;FACULDADE DO ESPIRITO SANTO;0
2246;FACULDADE METROPOLITANA DE CIENCIAS E TECNOLOGIA;0
2247;FACULDADE PAULISTA SAO JOSE;0
2248;FACULDADE SERGIPANA;1
2249;FACULDADE LOGOS EM ARACAJU;0
2250;INSTITUTO SANTO TOMAS DE AQUINO;0
2251;FACULDADE DE POMPEIA;0
2252;FACULDADE DE CIENCIA DA EDUCACAO;0
2253;FACULDADE DE DIREITO DE PRIMAVERA DO LESTE;0
2254;FACULDADE DE CIENCIAS GERENCIAIS;0
2255;INSTITUTO DE ENSINO SUPERIOR DO AMAZONAS;0
2256;FACULDADE STELLA MARIS FSM;1
2257;FACULDADE DIADEMA;1
2258;FACULDADE DE PRIMEIRO MUNDO;0
2259;INSTITUTO SUPERIOR EDUCACAO LEONARDO DA VINCI;0
2260;FACULDADE DE TECNOLOGIA IESVILLE;0
2261;FACULDADE DE CIENCIAS HUMANAS E DA SAUDE DE TAQUARA;0
2262;INSTITUTO DE EDUCACAO NORMAL SUPERIOR DE PIMENTA BUENO;0
2263;FACULDADE SANTO ANTONIO;0
2264;FACULDADE DE COMUNICACAO ANHANGUERA UNIDADE GUARAPARI;1
2265;FACULDADE DE CIENCIAS SOCIAIS E APLICADAS;0
2266;FACULDADE UNIAO DE GOYAZES FORMOSA;1
2267;FACULDADE DE SAUDE DE MINAS GERAIS;0
2268;FACULDADE DE TEOLOGIA;0
2269;INSTITUTO SUPERIOR DE EDUCACAO LUMINI;0
2270;FACULDADE DE CIENCIAS SOCIAIS APLICADAS DE EXTREMA;1
2271;FACULDADE ANHANGUERA DE IPATINGA;1
2272;FACULDADE DE PSICOLOGIA DE LAGES;0
2273;INSTITUTO SUPERIOR DE EDUCACAO DO ALTO SAO FRANCISCO;0
2274;FACULDADE CIDADANIA;0
2275;FACULDADE SANTO AGOSTINHO;1
2276;FACULDADE DE DIREITO DE VALINHOS;0
2277;INSTITUTO SUPERIOR DE EDUCACAO CENECISTA DE UNAI;0
2278;FACULDADE IGARATA;0
2279;CENTRO UNIVERSITARIO METROCAMP WYDEN;1
2280;FACULDADE SUPERIOR DE RIBAS DO RIO PARDO;0
2281;FACULDADE DE FILOSOFIA SAO BOAVENTURA;0
2282;FACULDADE DE CAFELANDIA;0
2283;FACULDADE SAO JOSE DA COSTA VERDE;0
2284;FACULDADE DE FILOSOFIA CENCIAS E LETRAS DE FAXINAL;0
2285;FACULDADE DE PEDAGOGIA DE DORES DO INDAIA;0
2286;FACULDADE DE BOM JESUS;0
2287;ESCOLA SUPERIOR DE TEOLOGIA E ESPIRITUALIDADE FRANCISCANA;1
2288;FACULDADE ALMEIDA RODRIGUES;1
2289;FACULDADE UNIAO CULTURAL DO ESTADO DE SAO PAULO;1
2290;FACULDADE DE EDUCACAO CIENCIAS E HUMANIDADES;0
2291;INSTITUTO SUPERIOR DE EDUCACAO DE BEBEDOURO;0
2292;INSTITUTO DE EDUCACAO NORMAL SUPERIOR;0
2293;FACULDADE DE CIENCIAS HUMANAS BIOLOGICAS E DA SAUDE;0
2294;FACULDADE DE CIENCIAS APLICADAS DA REGIAO CENTRO SUL DO CEARA;0
2295;INSTITUTO MEDICENSE DE EDUCACAO SUPERIOR;0
2296;FACULDADE DE LETRAS DE CACOAL;0
2297;FACULDADE DE DIREITO DE SANTA MARIA;1
2298;ESCOLA SUPERIOR DE DIREITO;0
2299;FACULDADE ESPECIAL DE EDUCACAO E CULTURA;0
2300;INSTITUTO DE EDUCACAO SUPERIOR DE ROLIM DE MOURA;0
2301;FACULDADE FIDELIS;1
2302;FACULDADE PORTO SEGURO;0
2303;FACULDADE CIMO;0
2304;INSTITUTO DE ENSINO SUPERIOR DA FUNLEC DE BONITO;0
2305;FACULDADE DE DIREITO DE PATOS;0
2306;FACULDADE RIO BRANCO DO SUL;0
2307;INSTITUTO SUPERIOR DE EDUCACAO DE ITABIRA;0
2308;FACULDADE GEREMARIO DANTAS;0
2309;FACULDADE NOVO MILENIO;0
2310;FACULDADE DA REGIAO DOS VALES;0
2311;FACULDADE KENNEDY DE MINAS GERAIS FKMG;1
2312;FACULDADE LUTERANA RUI BARBOSA;0
2313;FACULDADE DE TEOLOGIA DE BOA VISTA;0
2314;INSTITUTO DE ENSINO SUPERIOR TECNOLOGICO DE LONDRINA;0
2315;FACULDADE CEARENSE;0
2316;INSTITUTO NACIONAL DE DESENVOLVIMENTO DO ENSINO SUPERIOR;0
2317;FACULDADE DO DESCOBRIMENTO;0
2318;FACULDADE DOM BOSCO DE NOVA AURORA;0
2319;ESCOLA SUPERIOR DE EDUCACAO CORPORATIVA;0
2320;INSTITUTO SUPERIOR DE EDUCACAO ATENEU;1
2321;FACULDADE INESP;0
2322;FACULDADE ATENEU;0
2323;FACULDADE DA AMAZONIA;1
2324;FACULDADE ANHANGUERA DE SAO JOSESC;1
2325;INSTITUTO SUPERIOR DE EDUCACAO DA AMAZONIA;0
2326;FACULDADE NOVO MILENIO;0
2327;FACULDADE SERRANA;0
2328;FACULDADE ITEANA DE BOTUCATU;1
2329;FACULDADE BATISTA DO NORDESTE;0
2330;FACULDADE CANDIDO RONDON;1
2331;ESCOLA SUPERIOR DE TEOLOGIA E FILOSOFIA DO BRASIL;0
2332;FACULDADE IBERO AMERICANA DE SAO PAULO;1
2333;FACULDADE DE TEOLOGIA MOKITI OKADA;0
2334;FACULDADE CNEC RIO DAS OSTRAS;1
2335;FACULDADE JOAQUIM MACHADO;0
2336;CENTRO UNIVERSITARIO UNIBRAS MONTES BELOS;1
2337;INSTITUTO SUPERIOR DE EDUCACAO DE MONTES BELOS;0
2338;INSTITUTO BRASILEIRO DE ESTUDOS TRIBUTARIOS;0
2339;FACULDADE INTERNACIONAL DE HOTELARIA E TURISMO;0
2340;FACULDE ALPHAVILLE DE CAMPINAS;0
2341;FACULDADE DA ALDEIA DE CARAPICUIBA;0
2342;INSTITUTO SUPERIOR DE EDUCACAO CERES;1
2343;CENTRO UNIVERITARIO UNIVOLTAIRE;1
2344;FACULDADE ITEANA DE IBITINGA;0
2345;FACULDADE SETE DE SETEMBRO;0
2346;INSTITUTO SUPERIOR DE FILOSOFIA BERTHIER;0
2347;FACULDADE GENNARI PEARTREE;0
2348;INSTITUICAO DE ENSINO SAO FRANCISCO;0
2349;DINAMICO FACULDADE DE FLORIANO LTDA;0
2350;ESCOLA SUPERIOR MADRE CELESTE;1
2351;FACULDADE ESPIRITO SANTENSE DE CIENCIAS JURIDICAS;1
2352;INSTITUTO DE EDUCACAO SUPERIOR PIO XII;1
2353;FACULDADE DE ADMINISTRACAO DO CENTRO EDUCACIONAL DE SANTOS;0
2354;INSTITUTO SUPERIOR DE EDUCACAO DO BRASIL;0
2355;FACULDADE ANHANGUERA DE MATAO;1
2356;FACULDADE PAN AMERICANA;1
2357;FACULDADE DE CIENCIAS BIOLOGICAS E DA SAUDE DO CESCARELLI;0
2358;INSTITUTO SUPERIOR DE EDUCACAO DE FORTALEZA;0
2359;INSTITUTO SUPERIOR DE EDUCACAO NOVO MILENIO;0
2360;INSTITUTO SUPERIOR DE EDUCACAO MESTRE;0
2361;FACULDADE PADRAO;1
2362;FACULDADE DE CIENCIAS MEDICAS DE CAMPINA GRANDE;0
2363;FACULDADE NOVO MILENIO;0
2364;FACULDADE DE ADMINISTRACAO DE EMPRESAS DE PARAISO DO TOCANTINS;0
2365;CENTRO UNIVERSITARIO CATOLICA DO TOCANTINS;1
2366;FACULDADE DE SISTEMAS DE INFORMACAO DE PARAISO DO TOCANTINS;0
2367;INSTITUTO SUPERIOR DE EDUCACAO NOVO MILENIO;0
2368;FACULDADE SAO LEOPOLDO MANDIC;1
2369;INSTITUTO DE ENSINO SUPERIOR SANTO ANTONIO;1
2370;INSTITUTO SUPERIOR DE EDUCACAO NOVO MILENIO;0
2371;INSTITUTO DE EDUCACAO SUPERIOR SAO FRANCISCO DE ASSIS DE TEOFILO OTONI;0
2372;INSTITUTO DE CIENCIAS GERENCIAIS DE BRASILIA;0
2373;FACULDADES RESENDE DE FREITAS;0
2374;FACULDADES INTEGRADAS CONTEMPORANEAS;0
2375;FACULDADE VIZCAYA;0
2376;INSTITUTO SUPERIOR DE EDUCACAO DE BRASILIA;0
2377;INSTITUTO SUPERIOR DE EDUCACAO CENECISTA PRESIDENTE KENNEDY;0
2378;FACULDADE DE ADMINISTRACAO DE CAMPINA VERDE;0
2379;INSTITUTO SUPERIOR DE EDUCACAO DE CACOAL;0
2380;FACULDADE ESTACIO DO AMAPA ESTACIO AMAPA;1
2381;INSTITUTO DE ENSINO E CULTURA DE DOURADOS;0
2382;INSTITUTO SUPERIOR DE EDUCACAO DE TEOFILO OTONI;0
2383;FACULDADE ATITUS EDUCACAO PASSO FUNDO;1
2384;FACULDADE INTEGRADA DO BRASIL;0
2385;INSTITUTO SUPERIOR DE EDUCACAO NOVO MILENIO;0
2386;FACULDADE SUL RIOGRANDENSE;0
2387;FACULDADES INTEGRADAS POSIVILLE;0
2388;FACULDADE NOVO MILENIO;0
2389;FACULDADE DE FILOSOFIA E TEOLOGIA PAULO VI;1
2390;INSTITUTO BRUSQUENSE DE ENSINO SUPERIOR;0
2391;INSTITUTO SUPERIOR DE EDUCACAO NOVO MILENIO;0
2392;INSTITUTO SUPERIOR DE EDUCACAO DE SAO FRANCISCO;0
2393;FACULDADE MARISTA;0
2394;FACULDADE DE INFORMATICA DE CACOAL;0
2395;FACULDADE DE CAMPO VERDE;0
2396;INSTITUTO DE EDUCACAO SUPEIOR DO SERTAO EM PAO DE ACUCAR;0
2397;FACULDADE FUCAPE;1
2398;FACULDADE CANDIDO RONDON DE CAMPO VERDE;0
2399;FACULDADE DE SOROCABA;1
2400;FACULDADE DOM BOSCO DE MARINGA;0
2401;INSTITUTO SUPERIOR DE EDUCACAO DE CAMPO BELO;0
2402;CENTRO UNIVERSITARIO UNIFTC;1
2403;FACULDADE SALESIANA DE PINDAMONHANGABA;0
2404;FACULDADES INTEGRADAS DE FILOSOFIA E CIENCIAS DO PLANALTO;0
2405;INSTITUTO SUPERIOR DE EDUCACAO DE SANTA LUZIA;0
2406;FACULDADE DE GESTAO E EMPREENDEDORISMO;0
2407;FACULDADES INTEGRADAS FACVEST;0
2408;FACULDADE ESAMC SANTOS;1
2409;CENTRO UNIVERSITARIO TABOSA DE ALMEIDA;1
2410;CENTRO UNIVERSITARIO CEARENSE;1
2411;FACULDADE DA CIDADE DO NATAL;0
2412;FACULDADE ECONOROESTE;0
2413;CENTRO UNIVERSITARIO FAESF;1
2414;INSTITUTO SUPERIOR DE EDUCACAO IESDE;0
2415;FACULDADE BOM JESUS;0
2416;INSTITUTO SUPERIOR DE EDUCACAO DE BOTUCATU;0
2417;INSTITUTO SUPERIOR DE EDUCACAO METROPOLITANO DE BRASILIA;0
2418;FACULDADES INTEGRADAS DO RECONCAVO;0
2419;FACITALGO FACULDADE DE CIENCIAS E TECNOLOGIA DE AGUAS LINDAS DE GOIAS;0
2420;FACULDADE PARANAENSE;1
2421;INSTITUTO DE ENSINO SUPERIOR;0
2422;FACULDADE DE FILOSOFIA LETRAS E ARTES DE MONTES CLAROS;0
2423;FACULDADE DE CIENCIA E TECNOLOGIA DE MONTES CLAROS;1
2424;FACULDADE DE SISTEMA DE INFORMACAO DE MARABA;0
2425;FACULDADE DE JIPARANA;0
2426;CENTRO UNIVERSITARIO FIBRA;1
2427;FACULDADE LUSOFONA DA BAHIA;1
2428;FACULDADE DE CIENCIAS E TECNOLOGIAS DE CAMPOS GERAIS;1
2429;INSTITUTO SUPERIOR DE EDUCACAO;0
2430;FACULDADE CATOLICA ORTODOXA SEDES SAPIENTIAM;0
2431;FACULDADE ESTACIO DE IBIUNA;0
2432;FACULDADE ALPHAVILLE DE JUNDIAI;0
2433;INSTITUTO SUPERIOR DE EDUCACAO PORTO SEGURO;0
2434;FACULDADE AMERICA LATINA;0
2435;FACULDADE DE CIENCIAS CONTABEIS LUIZ MENDES;0
2436;INSTITUTO DE ENSINO SUPERIOR BRASILEIRO;1
2437;FACULDADE ANHANGUERA DE TEIXEIRA DE FREITAS;1
2438;INSTITUTO TEOLOGICO PASTORAL DO CEARA;0
2439;FACULDADE OCIDEMNTE;0
2440;FACULDADE CIDADE DE JOAO PINHEIRO;1
2441;INSTITUTO SUPERIOR DE EDUCACAO AUXILIUM;0
2442;FACULDADE DE CIENCIAS BIOMEDICAS DO ESPIRITO SANTO;1
2443;FACULDADE FUNORTE DE JANAUBA;1
2444;FACULDADE UNIRB BARREIRAS;1
2445;FACULDADE PADRAO;0
2446;INSTITUTO SUPERIOR DE EDUCACAO PADRAO;0
2447;INSTITUTO EDUCACIONAL DE CASTRO;0
2448;INSTITUTO SUPERIOR DE EDUCACAO DE JANUARIA;0
2449;INSTITUTO MATO GROSSO DE EDUCACAO E CULTURA;0
2450;FACULDADE PROMOVE DE BELO HORIZONTE;1
2451;FACULDADES INTEGRADAS IPIRANGA;0
2452;INSTITUTO BRASILEIRO DE ENSINO SUPERIOR PROFISSIONALIZANTE;0
2453;FACULDADE BRASIL CENTRAL;0
2454;FACULDADE MAFRENSE DE TURISMO E CIENCIAS HUMANAS DE TERESINA;0
2455;FACULDADE CASTRO ALVES;0
2456;FACULDADE DE ADMINISTRACAO DE CHAPADAO DO SUL;0
2457;FACULDADE ISAAC NEWTON;0
2458;CENTRO UNIFICADO DE ENSINO SUPERIOR DE PERNAMBUCO;0
2459;FACULDADE DE ESTUDOS AVANCADOS DO PARA;1
2460;FACULDADE ESTACIO DE NATAL;1
2461;FACULDADE CBES;0
2462;FACULDADE SAO LUIZ;1
2463;FACULDADE ALVES FARIA;0
2464;INSTITUTO SUPERIOR DE EDUCACAO ATENEU;0
2465;FACULDADE IBMEC SAO PAULO;1
2466;FACUDADE IEDUCARE FIED;1
2467;FACULDADE NACIONAL DO NORTE DO PARANA;0
2468;INSTITUTO TEOLOGICO FRANCISCANO;1
2469;INSTITUTO MACAPAENSE DE ENSINO SUPERIOR;1
2470;INSTITUTO SALVADOR DE ENSINO E CULTURA;1
2471;INTITUTO SUPERIOR DE EDUCACAO DE BLUMENAU;0
2472;FACULDADE DE EDUCACAO CIENCIA E TECNOLOGIA 2001;0
2473;INSTITUTO BRASILEIRO DE ADMINISTRACAO BIM;0
2474;CENTRO UNIVERSITARIO MARIA MILZA;1
2475;FACULDADE DOM LUCIANO MENDES;1
2476;FACULDADE FENIX DE BAURU;0
2477;FACULDADE DE ADMINISTRACAO DE MARIANA;1
2478;FACULDADE DE INTEGRACAO DO ENSINO SUPERIOR DO CONE SUL;1
2479;FACULDADE LATINO AMERICANA;0
2480;INSTITUTO SUPERIOR DE EDUCACAO DE ITAPOLIS;0
2481;ESCOLA BRASILEIRA DE FORMACAO EMPRESARIAL;0
2482;FACULDADE DE CIENCIAS HUMANAS E APLICADAS;0
2483;INSTITUTO SUPERIOR DE EDUCACAO INTEGRAL;0
2484;CENTRO UNIVERSITARIO PROCESSUS;1
2485;FACULDADE CATOLICA DE FORTALEZA;1
2486;FACULDADE LEONARDO DA VINCI;0
2487;FACULDADE EXIMIA;0
2488;FACULDADE ANGLICANA DE ERECHIM;0
2489;INSTITUTO SUPERIOR DE EDUCACAOBRASIL CENTRAL;0
2490;INSTITUTO SUPERIOR DE ENSINO DO LITORAL CATARINENSE;0
2491;INSTITUTO SUPERIOR DE EDUCACAO DO CECAP;1
2492;INSTITUTO SUPERIOR DE EDUCACAO A DISTANCIA DE BRASILIA;0
2493;INSTITUTO SUPERIOR DE EDUCACAO A DISTANCIA DE MONTES CLAROS;0
2494;CENTRO UNIVERSITARIO FUNVIC;1
2495;INSTITUTO DE PESQUISA GRANDE VITORIA IPGV FACULDADE;0
2496;INSTITUTO MACHADO DE ASSIS DE EDUCACAO;0
2497;CENTRO UNIVERSITARIO ATENEU;1
2498;FACULDADE DE MULTIPLAS CIENCIAS;0
2499;FASS FACULDADE SOCIAL SUL AMERICANA;0
2500;FACULDADE EINSTEIN;1
2501;CENTRO UNIVERSITARIO ESTACIO DE GOIAS;1
2502;FACULDADE ARINOS DE ADMINISTRACAO;0
2503;FACULDADE DE INTEGRACAO NACIONAL LEDA JESUINO;0
2504;FACULDADE DIVINOPOLIS;0
2505;FACULDADE DE ARTE E DESIGN;0
2506;INSTITUTO SUPERIOR DE EDUCACAO;0
2507;FACULDADE DE TECNOLOGIA E CIENCIAS DE SANTO ANTONIO DE JESUS;0
2508;INSTITUTO SUPERIOR DE EDUCACAO SANTO AGOSTINHO;0
2509;FACULDADE DE MEDICINA TRADICIONAL DA BAHIA;0
2510;FACULDADES MINAS GERAIS;0
2511;FACULDADE DE DIREITO ANHANGUERA UNIDADE GUARAPARI;1
2512;INSTITUTO SUPERIOR DE EDUCACAO CUIABANO;0
2513;FACULDADE POSITIVO LONDRINA;1
2514;FACULDADE DE CIENCIAS EDUCACIONAIS DO RIO GRANDE DO NORTE;0
2515;FACULDADE ERUDITA;0
2516;INSTITUTO SUPERIOR DE EDUCACAO SANTA RITA;0
2517;FACULDADE DE ESTUDOS SOCIAIS E GESTAO;0
2518;FACULDADE INTENSIVA DE PEDAGOGIA E FILOSOFIA DE ILHEUS;0
2519;FACULDADE DE INFORMATICA E TECNOLOGIA TERRANOVENSE;0
2520;INSTITUTO DE EDUCACAO SUPERIOR TERRANOVENSE;0
2521;INSTITUTO SUPERIOR DE EDUCACAO DO SUL DO PIAUI;0
2522;INSTITUTO MARISTA SUPERIOR DE EDUCACAO;0
2523;FACULDADE BONDESPACHENSE;0
2524;FACULDADE DE ENGENHARIA DA ITAJUBA TECNOPOLIS;0
2525;FACULDADE PAULISTA DE CIENCIAS APLICADAS;0
2526;INSTITUTO SUPERIOR DE EDUCACAO;0
2527;INSTITUTO SUPERIOR DE EDUCACAO DE JACAREI;0
2528;INSTITUTO SUPERIOR DE EDUCACAO MAE DE DEUS;0
2529;INSTITUTO SUPERIOR DE EDUCACAO DE IGUAPE;0
2530;FACULDADE DE GUARULHOS;1
2531;INSTITUTO SUPERIOR DE EDUCACAO PROFESSORA LUCIA DANTAS;0
2532;FACULDADE SOBRESP DE PIRES DO RIO;1
2533;FACULDADE REGIONAL BARUERI;0
2534;FACULDADE METROPOLITANA DE BRASILIA;0
2535;FACULDADE DOS INCONFIDENTES;0
2536;INSTITUTO DE EDUCACAO E INOVACAO;1
2537;FACULDADE MULTIVIX CARIACICA;1
2538;FACULDADE VENDA NOVA DO IMIGRANTE;1
2539;FACULDADE EVANGELICA DO MEIO NORTE;1
2540;INSTITUTO DE ENSINO SUPERIOR DE CAMAPUA;0
2541;ESCOLA SUPERIOR DE TECNOLOGIA E EDUCACAO DE ARARAQUARA;0
2542;FACULDADE CENECISTA DE QUEIMADOS;0
2543;FACULDADE DA CHAPADA DOS GUIMARAES;0
2544;INSTITUTO SUPERIOR DE EDUCACAO PROFESSORA VILMA MONTEIRO;0
2545;FACULDADE CENECISTA DE PARACAMBI;0
2546;FACULDADE DE CIENCIAS JURIDICAS E SOCIAIS DE VIANNA JUNIOR DE MURIARE;0
2547;FACULDADE MAGNUM DE FORMACAO DE PROFESSORES;0
2548;FACULDADE DE TEOLOGIA FILOSOFIA E CIENCIAS HUMANAS GAMALIEL;1
2549;FACULDADE DE IBIUNA;0
2550;FACULDADE SEPAM;0
2551;FACULDADE CENECISTA ITAGUAI;0
2552;INSTITUTO SUPERIOR DE CIENCIAS DA SAUDE;0
2553;FACULDADE DOM PEDRO II LUIS EDUARDO MAGALHAES;1
2554;FACULDADE DE EDUCACAO SANTA TEREZINHA;1
2555;FACULDADE DE EDUCACAO DE UBERABA;0
2556;FIAMFAAM CENTRO UNIVERSITARIO;1
2557;FACULDADE DE CIENCIAS SOCIAIS APLICADAS DE PENEDO;0
2558;FACULDADE DE DIREITO DE VILA VELHA;0
2559;INSTITUTO SUPERIOR DE EDUCACAO DAS FACULDADES DE VALINHOS;0
2560;FACULDADE DE ENSINO SUPERIOR DA CIDADE DE FEIRA DE SANTANA;1
2561;FACULDADE DE CIENCIAS ADMINISTRATIVAS;0
2562;FACULDADE JOSE LACERDA;0
2563;INSTITUTO SUPERIOR DE EDUCACAO PADRE JOAO BAGOZZI;0
2564;UNIVERSIDADE FEDERAL DE CAMPINA GRANDE;1
2565;ABEU CENTRO UNIVERSITARIO;1
2566;INSTITUTO DE ENSINO SUPERIOR DE OLINDA;1
2567;ESCOLA SUPERIOR DE CIENCIAS HUMANAS E ECONOMICAS;0
2568;FACULDADE ZACARIAS DE GOES;1
2569;FACULDADE DE TECNOLOGIA FAESA;1
2570;FACULDADE DE CIENCIAS EDUCACIONAIS;0
2571;CENTRO UNIVERSITARIO REDENTOR;1
2572;FACULDADE REGIONAL DE FILOSOFIA CIENCIAS E LETRAS DE CANDEIAS;0
2573;FACULDADE TEOLOGICA SUL AMERICANA;1
2574;INSTITUTO SUPERIOR DE EDUCACAO DAS FACULDADES INTEGRADAS MODULO;0
2575;FACULDADES INTEGRADAS SOARES DE OLIVEIRA;1
2576;FACULDADE ANHANGUERA UNIDADE GUARAPARI;1
2577;INSTITUTO SUPERIOR DE MUSICA DE SAO LEOPOLDO;0
2578;FACULDADE DE TEOLOGIA CARDEAL EUGENIO SALES;0
2579;CENTRO UNIVERSITARIO ATENAS;1
2580;INSTITUTO SUPERIOR DE EDUCACAO PAULO MARTINS;0
2581;FACULDADE SAO SALVADOR;1
2582;FACULDADE DE ENSINO SUPERIOR DO CENTRO DO PARANA;1
2583;FACULDADE RIBEIRA DO POMBAL;0
2584;FACULDADE DO SUDOESTE PAULISTA;0
2585;FACULDADE DE FISIOTERAPIA DE PATOS;0
2586;INSTITUTO SUPERIOR DE EDUCACAO ITALO BRASILEIRO;0
2587;FACULDADE CANDIDO MENDES DO PARANA;0
2588;FALCULDADE MERCATOR;0
2589;FACULDADE DE BROTAS;0
2590;FACULDADE DE CIENCIA DA COMPUTACAO E INFORMATICA SILVA SERPA;0
2591;EPGE ESCOLA BRASILEIRA DE ECONOMIA E FINANCAS;1
2592;FACULDADE PRESBITERIANA 15 DE NOVEMBRO;0
2593;CENTRO UNIVERSITARIO MAURICIO DE NASSAU DE JUAZEIRO DO NORTE;1
2594;FACULDADE TEOLOGICA BATISTA ANA WOLLERMAN;0
2595;FACULDADES COSTA BRAGA;0
2596;INSTITUTO SUPERIOR DE EDUCACAO DON DOMENICO;0
2597;FACULDADE DE CIENCIAS DA SAUDE DA VITORIA;0
2598;FACULDADE PENSAR;0
2599;FACULDADE DE EDUCACAO E CIENCIAS HUMANAS NOVA FLORIDA;0
2600;FACULDADE DE CIENCIAS DA ADMINISTRACAO DA VITORIA;0
2601;FACULDADE DE CIENCIAS FILOSOFIA E LETRAS HAKAY;0
2602;INSTITUTO SUPERIOR DE EDUCACAO BALAO VERMELHO;0
2603;FACULDADE DE ODONTOLOGIA DOS GUARARAPES;0
2604;FACULDADE TEOLOGICA BATISTA DE PERNAMBUCO;0
2605;FACULDADE DE CIENCIAS ECONOMICAS DE TUBARAO;0
2606;FACULDADE AFIRMATIVO DE CAMPO MOURAO;0
2607;FACULDADE PADRE ANTONIO VIEIRA;0
2608;INSTITUTO SUPERIOR DE EDUCACAO DE LAVRAS;0
2609;INSTITUTO SUPERIOR DE EDUCACAO DE TUPI PAULISTA;0
2610;FACULDADE DE JACAREI;0
2611;FACULDADE DE ENSINO SUPERIOR DA BAHIA;0
2612;INSTITUTO SUPERIOR DE EDUCACAO MONTES CLAROS;0
2613;CENTRO UNIVERSITARIO ESTACIO META DE RIO BRANCO ESTACIO;1
2614;FACULDADE EMMANUEL KANT;0
2615;FACULDADE INCONFIDENCIA;0
2616;FACULDADE SANTO ANTONIO DE PADUA;1
2617;FACULDADE SAO BENTO DO RIO DE JANEIRO;1
2618;FACULDADE DOMINGOS SAVIO;0
2619;FACULDADE DE DIREITO DE ITABIRA;0
2620;FACULDADE DE AMPERE;1
2621;INSTITUTO SUPERIOR DE EDUCACAO DOMINGOS SAVIO;0
2622;INSTITUTO SUPERIOR DE EDUCACAO DA SERRA;0
2623;FACULDADE DO TAPAJOS;1
2624;FACULDADE DO LITORAL PARANAENSE;1
2625;CENTRO UNIVERSITARIO UFBRA;1
2626;FACULDADE DE COMUNICACAO SOCIAL SANTA EFIGENIA;0
2627;FACULDADE JOAO XXIII;0
2628;INSTITUTO DE EDUCACAO SUPERIOR ACADEMUS;0
2629;AJES FACULDADE DO VALE DO JURUENA;1
2630;INSTITUTO SUPERIOR DE EDUCACAO DO VALE DO JURUENA;0
2631;INSTITUTO DE EDUCACAO SUPERIOR;0
2632;FACULDADES INTEGRADAS DO EXTREMO SUL DA BAHIA;1
2633;INSTITUTO DE EDUCACAO E TECNOLOGIAS;0
2634;INSTITUTO EDUCACIONAL DALTON CUNHA;0
2635;INSTITUTO SUPERIOR DE EDUCACAO JK;0
2636;FACULDADE DINAMICA DO VALE DO PIRANGA;1
2637;FACULDADE BOM JESUS DE SIQUEIRA CAMPOS;0
2638;INSTITUTO DE CIENCIAS E EDUCACAO DO CEARA;0
2639;FACULDADE DE TECNOLOGIA SENAI CONCORDIA;0
2640;FACULDADE COMUNITARIA DE SAUDE DA SERRA;0
2641;FACULDADE TEOLOGICA BATISTA FLUMINENSE;0
2642;FACULDADE SAO VICENTE;1
2643;INSTITUTO SUPERIOR DE CIENCIAS E TECNOLOGIA DE FORTALEZA;0
2644;INSTITUTO DE EDUCACAO SUPERIOR DO TAPAJOS;0
2645;INSTITUTO DE ENSINO SUPERIOR DO PIAUI;0
2646;FACULDADE REGIONAL IPIRANGA;0
2647;FACULDADE INTEGRADA DE SANTA MARIA;1
2648;FACULDADE SUL MINEIRA;0
2649;FACULDADE DE CIENCIAS JURIDICAS DE BELO HORIZONTE;0
2650;INSTITUTO DE ENSINO SUPERIOR DE ARIQUEMES;0
2651;FACULDADE TAMANDARE;0
2652;FACULDADE UNIDA DE VITORIA;1
2653;FACULDADE PIEMONTE;0
2654;FACULDADE DE ENSINO TECNOLOGICO DO CEARA;0
2655;FACULDADE DE CIENCIAS ADMINISTR1S SOCIAIS E DA SAUDE DE BELO HORIZONTE;0
2656;FACULDADE DE RECIFE;0
2657;FACULDADE ADOLFO CAMINHA;0
2658;FACULDADE AMEC TRABUCO;0
2659;FACULDADE DO VALE DO PARNAIBA;0
2660;FACULDADE PHENIX DE CIENCIAS HUMANAS E SOCIAIS DO BRASIL;0
2661;INSTITUTO DE ENSINO SUPERIOR DE BARREIRAS;0
2662;INSTITUTO SUPERIOR DE ENSINO PAULA CANDIDO;0
2663;FACULDADE DE ODONTOLOGIA ARGEMIRO FIGUEIREDO;0
2664;INSTITUTO DE ENSINO SUPERIOR DO VALE DO PARNAIBA;0
2665;FACULDADE DE TECNOLOGIA;0
2666;FACULDADE INTEGRADA DE BRUSQUE;0
2667;INSTITUTO SUPERIOR PAULO FREIRE;0
2668;FACULDADE TEOLOGICA DO SUDOESTE GOIANO;0
2669;FACULDADE CANDIDO MENDES DO ESPIRITO SANTO;0
2670;INSTITUTO DE EDUCACAO SUPERIOR ACREANO EUCLIDES DA CUNHA;0
2671;FACULDADE DE CIENCIAS HUMANAS E PSICOLOGICAS EUCLIDES DA CUNHA;0
2672;FACULDADE HUGO DE SAO VITOR;0
2673;INSTITUTO SUPERIOR DE EDUCACAO AVILA;0
2674;INSTITUTO DE ENSINO SUPERIOR UNILLUZ;0
2675;INSTITUTO SUPERIOR DE EDUCACAO LATINO AMERICANO;0
2676;FACULDADE LA SALLE;1
2677;INSTITUTO SUPERIOR DE EDUCACAO SAO JUDAS TADEU;0
2678;FACULDADE DE COMPUTACAO E INFORMATICA;0
2679;FACULDADE DE CIENCIA DA COMPUTACAO DE JUIZ DE FORA;0
2680;FACULDADE DE COMPUTACAO DE CARATINGA;0
2681;FACULDADE DE ENGENHARIA CIVIL DE CARATINGA;0
2682;FACULDADE DE CIENCIAS DA SAUDE DE CARATINGA;0
2683;FACULDADE DE CIENCIAS DA COMPUTACAO DE CATAGUASES;0
2684;FACULDADE DE CIENCIAS GERENCIAIS DE LEOPOLDINA;0
2685;FACULDADE DELTA DE ENSINO SUPERIOR;0
2686;FACULDADE SANTA IZILDINHA;0
2687;FACULDADE DOM ALBERTO;1
2688;FACULDADE INESP INSTITUTO NACIONAL DE ENSINO E PESQUISA;1
2689;FACULDADE CARLOS LOBO;0
2690;FACULDADES INTEGRADAS LOGOS FILOGOS;0
2691;FACULDADE ASSOCIADA DA BAHIA FAB;0
2692;FACULDADE AVILA DE CIENCIAS HUMANAS E EXATAS;0
2693;FACULDADES INTEGRADAS DO TRIANGULO MINEIRO;0
2694;FACULDADE VALE DO ARAGUAIA;0
2695;FACULDADE DO CENTROOESTE;0
2696;INSUBA INSTITUTO SUPERIOR DA BAHIA;0
2697;INSTITUTO SUPERIOR DE EDUCACAO DE AMELIA RODRIGUES;0
2698;INSTITUTO SUPERIOR DE EDUCACAO VALE DO ARAGUAIA;0
2699;INSTITUTO DE ENSINO SUPERIOR AVANT GARDE;0
2700;FACULDADE UNIPOLI;0
2701;FACULDADE DE ORLANDIA;0
2702;FACULDADE DE CIENCIAS JURIDICAS DE PARAISO DO TOCANTINS;1
2703;FACULDADE SENAC MINAS;1
2704;INSTITUTO SUPERIOR DE EDUCACAO DO INSTITUTO METODISTA UNIAO;0
2705;FACULDADE DE EDUCACAO E CIENCIAS HUMANAS NOVA FLORIDA;0
2706;FACULDADE EUROPEU;0
2707;INSTITUTO SUPERIOR DE EDUCACAO PROFESSOR EDGARDO BEZERRA DA ROCHA;0
2708;INSTITUTO SUPERIOR DE CIENCIAS HUMANAS E FILOSOFIA LA SALLE;0
2709;INSTITUTO DE ENSINO SUPERIOR NOVO HORIZONTE;0
2710;INSTITUTO SUPERIOR DE EDUCACAO RANCHARIENSE;0
2711;FACULDADE DE ADMINISTRACAO DE EMPRESAS DE CAJAMAR;0
2712;FACULDADE DE SISTEMAS DE INFORMACAO DE CAJAMAR;0
2713;INSTITUTO NORMAL SUPERIOR DE CAJAMAR;0
2714;FACULDADE DE ENFERMAGEM E OBSTETRICIA DE CAJAMAR;0
2715;FACULDADE DE CIENCIAS HUMANAS DE PONTE NOVA;0
2716;FACULDADE COTEMGE;0
2717;FACULDADE DE CIENCIAS JURIDICAS VISCONDE DE CAIRU;0
2718;INSTITUTO SUPERIOR DE EDUCACAO DO NORTE;0
2719;FACULDADE DE DIREITO OSWALDO CRUZ;0
2720;FACULDADE AUGUSTO MAIA;0
2721;FACULDADE IMPACTA DE TECNOLOGIA DA INFORMACAO FITI;0
2722;FACULDADE CATOLICA DO CEARA;0
2723;FACULDADE CATOLICA IMACULADA CONCEICAO DO RECIFE;1
2724;INSTITUTO DE ENSINO SUPERIOR DO SUL DO MARANHAO;1
2725;INSTITUTO SUPERIOR DE EDUCACAO DA BAHIA;0
2726;FACULDADE BILAC DE SAO JOSE DOS CAMPOS;1
2727;FACULDADE DO RIO GRANDE DO NORTE;0
2728;FACULDADE DE CIENCIAS JURIDICAS E SOCIAIS MAX;0
2729;FACULDADE DE PSICOLOGIA MAX;0
2730;FACULDADE UNIDA DA PARAIBA;0
2731;ESCOLA SUPERIOR DE COMPUTACAO E TECNOLOGIAS DA INFORMACAO;0
2732;FACULDADE UNIDAS DO ENTORNO GOIAS DF UNIENTORNO;0
2733;FACULDADE TEOLOGICA ALPHA;0
2734;FACULDADE DE CIENCIAS DA SAUDE DE GUARAPARI;0
2735;FACULDADE DE CIENCIAS DA COMPUTACAO DE GUARAPARI;0
2736;INSTITUTO TECNOLOGICO DE CARATINGA;0
2737;FACULDADE DE CIENCIAS DA INFORMACAO DE CARATINGA;0
2738;INSTITUTO SUPERIOR DE EDUCACAO DE GUARAPARI;0
2739;FACULDADE CASTILHENSE;0
2740;FACULDADE DO VALE DO JAGUARIBE;0
2741;FACULDADE CATOLICA DOM ORIONE;1
2742;FACULDADE DE EDUCACAO;0
2743;FACULDADE DE CIENCIA DA COMPUTACAO;0
2744;INSTITUTO SUPERIOR DE EDUCACAO VERA CRUZ;1
2745;CENTRO UNIVERSITARIO DA AMAZONIA;1
2746;INSTITUTO DE ENSINO SUPERIOR ETAPA;0
2747;FACULDADE EUROPEU DO CEARA FEC;0
2748;FACULDADE LATO SENSU DO BRASIL;0
2749;INSTITUTO DE CIENCIAS JURIDICAS PITAGORAS;0
2750;FACULDADE DE TECNOLOGIA SENAI LUZERNA;0
2751;INSTITUTO SUPERIOR DE EDUCACAO DE RIBEIRA DO POMBAL;0
2752;FACULDADE DE FILOSOFIA CIENCIAS E LETRAS PROFESSORA VILMA MONTEIRO;0
2753;FACULDADE DE CIENCIAS EDUCACIONAIS DE CAPIM GROSSO;1
2754;FACULDADE ESTACIO SAO PAULO DE RONDONIA;1
2755;CENTRO UNIVERSITARIO UNIASSELVI DE BRUSQUE;1
2756;FACULDADE ANHANGUERA DE VALPARAISO;1
2757;FACULDADE JK ADMINISTRACAO DE VALPARAISO;0
2758;INSTITUTO SUPERIOR DE EDUCACAO PROFESSOR PAULO ALBINO PIMENTEL;0
2759;FACULDADE PROFESSOR PAULO ALBINO PIMENTEL;0
2760;ESCOLA SUPERIOR DE TECNOLOGIA DA INFORMACAO;0
2761;FACULDADE DO SERTAO;0
2762;INSTITUTO ISAAC NEWTON;0
2763;FACULDADE DE CIENCIAS GERENCIAIS DE SAO GOTARDO;1
2764;INSTITUTO DE ENSINO SUPERIOR DE OURO FINO;0
2765;INSTITUTO DE CIENCIAS RELIGIOSAS LUMEN CHRISTI;0
2766;FACULDADE EMPRESARIAL DE CHAPECO;1
2767;INSTITUTO SUPERIOR DE EDUCACAO DA AIMORES M G;0
2768;INSTITUTO SUPERIOR DE EDUCACAO FACREFI;0
2769;FAVE FACULDADE DE ADMINISTRACAO DE VESPASIANO LTDA;0
2770;CENTRO UNIVERSITARIO FACUNICAMPS;1
2771;CENTRO DE ENSINO SUPERIOR DE ILHEUS;1
2772;INSTITUTO SUPERIOR DE EDUCACAO MANHUMIRIM;0
2773;FACULDADE ANHANGUERA DE MACAPA;1
2774;CENTRO UNIVERSITARIO UNIFAFIBE;1
2775;FACULDADE CATOLICA DE VARZEA GRANDE;1
2776;FACULDADES INTEGRADAS NORTE CAPIXABA FANORTE;0
2777;INSTITUTO DE ENSINO SUPERIOR SANTA MARIA DE ASSIS;0
2778;INSTITUTO SUPERIOR ESPECIAL DE EDUCACAO DE PERNAMBUCO;0
2779;FACULDADE DE INFORMATICA DE OURO PRETO DO OESTE;1
2780;FACULDADE DE CIENCIAS SOCIAIS APLICADAS DA ALTA NOROESTE;0
2781;FACULDADE DE CIENCIAS DA SAUDE DA ALTA NOROESTE;0
2782;INSTITUTO SUPERIOR DE EDUCACAO AFONSO LINARES PRADO;0
2783;FACULDADE EXPEDICIONARIOS DO BRASIL;1
2784;FACULDADE FAE BLUMENAU;0
2785;ESCOLA SUPERIOR DE EDUCACAO CONTINUADA;0
2786;INSTITUTO DE EDUCACAO SUPERIOR E TECNOLOGICA PROF FRANBRAN;0
2787;FACULDADES PEQUENO PRINCIPE;1
2788;FACULDADE DE CIENCIAS AMBIENTAIS DE CARATINGA;0
2789;FACULDADE JOINVILLE DE ENSINO E CULTURA FAJEC;0
2790;FACULDADE FRANCISCANA DE ENSINO SUPERIOR FAFRES;0
2791;FACULDADE DE CIENCIAS AGRARIAS E EXATAS DE PRIMAVERA DO LESTE;0
2792;FACULDADE DE CIENCIAS SOCIAIS E EDUCACAO FACE;0
2793;FACULDADE FIA DE GESTAO E TECNOLOGIA;1
2794;FACULDADE DE CIENCIAS SOCIAIS E HUMANAS SOBRAL PINTO;0
2795;FACULDADE SAO FRANCISCO DE ASSIS;0
2796;CENTRO UNIVERSITARIO DE IPORA;1
2797;FACULDADE DO LITORAL SUL;0
2798;FAESP FACULDADE DE ENSINO SUPERIOR DO PARANA;0
2799;FANEESP FACULDADE NACIONAL DE EDUCACAO E ENSINO SUPERIOR DO PARANA;1
2800;FACULDADE DE ITABUNA;0
2801;INSTITUTO GUARANTA DE EDUCACAO SUPERIOR;0
2802;FACULDADE DE CIENCIAS AGRARIAS DE GUARANTA DO NORTE;0
2803;FACULDADE CETESI;0
2804;FACULDADE CCAA;0
2805;FACULDADE MODELO;1
2806;FACULDADE EVANGELICA DE SAO PAULO;1
2807;FACULDADE CENTRO CAPE;0
2808;FACULDADES ITECNE DE CASCAVEL;1
2809;INSTITUTO DE ENSINO SUPERIOR DE UBERLANDIA IESU;0
2810;INSTITUTO SUPERIOR DE EDUCACAO ANISIO TEIXEIRA;0
2811;FACULDADE PAULUS DE TECNOLOGIA E COMUNICACAO;1
2812;FACULDADE DO SUDESTE BRASILEIRO;0
2813;INSTITUTO SUPERIOR DE EDUCACAO CAPIMGROSSENSE;0
2814;FACULDADE SAO SEBASTIAO;1
2815;FACULDADE VALE DO RIBEIRA FVR;0
2816;FACULDADE SANTO AGOSTINHO FSA;0
2817;FACULDADE DE IUNA;0
2818;FACULDADE DE VETERINARIA DE VESPASIANO;0
2819;FACULDADE ANGELO VASCONCELOS;0
2820;FACULDADE PITAGORAS DE MONTES CLAROS;0
2821;FACULDADE ATITUS EDUCACAO ONLINE;1
2822;FACULDADE DE ENGENHARIA FLORESTAL DE IBIRACU;0
2823;FACULDADE DE ENGENHARIA AGRICOLA DE IBIRACU;0
2824;FACULDADE DE ENGENHARIA AGRONOMICA DE IBIRACU;0
2825;FACULDADE DO SISTEMA FINDES;0
2826;FACULDADE NOSSA SENHORA DE FATIMA;1
2827;FACULDADE DE EDUCACAO DO PIAUI;1
2828;FACULDADE ITABIRANA DE SAUDE;0
2829;INSTITUTO SUPERIOR DE EDUCACAO E FILOSOFIA DE TERESINA;0
2830;FACULDADE ADVENTISTA DE CIENCIAS DA SAUDE;0
2831;FACULDADE DOM BOSCO DE GOIOERE;1
2832;FACULDADE SUCESSO;0
2833;FACULDADE ON LINE;0
2834;INSTITUTO SUPERIOR DE PSICOLOGIA DE CACOAL;0
2835;CENTRO UNIVERSITARIO MAURICIO DE NASSAU;1
2836;FACULDADE SUL DA AMERICA;1
2837;INSTITUTO SUPERIOR DE EDUCACAO SUL DA AMERICA;0
2838;FASES FACULDADE SOTEROPOLITANA DE ENSINO SUPERIOR;0
2839;INSTITUTO METODISTA SUPERIOR DE EDUCACAO DA AMAZONIA;0
2840;FACULDADE METODISTA DE TEOLOGIA E CIENCIAS HUMANAS DA AMAZONIA;0
2841;FACULDADE PARANAPANEMA;0
2842;FACULDADE DE MEDICINA MACHADO DE ASSIS;0
2843;FACULDADE DE CIENCIAS MEDICAS E DA SAUDE DE JUIZ DE FORA;1
2844;FACULDADE SALESIANA DOM BOSCO DE PIRACICABA;0
2845;CESREI FACULDADE;1
2846;FACULDADE DE TEOLOGIA UMBANDISTA;0
2847;INSTITUTO SUPERIOR DE EDUCACAO DO PARANAPANEMA;0
2848;FACULDADE DE NOVO PROGRESSO;0
2849;ESCOLA SUPERIOR DOM HELDER CAMARA;1
2850;FACULDADE DE FEIRA DE SANTANA;0
2851;FACULDADE SANTA PAULINA;0
2852;FACULDADE DE GESTAO E NEGOCIOS DO ALTO URUGUAI;0
2853;FACULDADE PITAGORAS DE TECNOLOGIA DE GUARAPARI;0
2854;FACULDADE CONHECER;0
2855;FACULDADE SAO FRANCISCO DE ASSIS;1
2856;FACULDADE DE TECNOLOGIA QUASAR;0
2857;INSTITUTO CIENTIFICO DA PARAIBA;0
2858;INSTITUTO DE SAUDE ALEXANDER FLEMING;0
2859;FACULDADE DE BELEM;1
2860;FACULDADE CEAQ;0
2861;FACULDADE DE ITAPETININGA;0
2862;FACULDADE DE DIREITO PRESIDENTE TANCREDO NEVES;0
2863;FACULDADE DE ADMINISTRACAO DE PETROLINA;0
2864;FACULDADE DE DIREITO DE PETROLINA;0
2865;FACULDADE DE CIENCIAS SOCIAIS DE RECIFE;0
2866;FACULDADE DE CIENCIAS JURIDICAS DE RECIFE;0
2867;FACULDADE DE DIREITO DA BAHIA;0
2868;FACULDADE DE ADMINISTRACAO DE FORTALEZA;0
2869;FACULDADE DE CIENCIAS SOCIAIS ADAO DE ALMEIDA E SILVA;0
2870;FACULDADE SERRA DO CARMO;1
2871;INSTITUTO SUPERIOR DE EDUCACAO SERRA DO CARMO;0
2872;FACULDADE DE CIENCIAS AGRARIAS RENATO AZEREDO;0
2873;FACULDADE DE SISTEMAS DE INFORMACAO DE SAO SEBASTIAO DO PARAISO;0
2874;FACULDADE DE DIREITO DE SAO SEBASTIAO DO PARAISO;0
2875;FACULDADE INDIGENA DA AMAZONIA;0
2876;FACULDADE UNISSA DE SARANDI;0
2877;FACULDADE UNISSA DE EDUCACAO TECNOLOGICA;0
2878;INSTITUTO SUPERIOR DE EDUCACAO DE CAIEIRAS;0
2879;FACULDADE DE CAIEIRAS;1
2880;INSTITUTO SUPERIOR DE EDUCACAO DE TIJUCUSSU;0
2881;INSTITUTO SUPERIOR DE EDUCACAO DO SENAC SP;0
2882;FACULDADE SAO JOSE;0
2883;FACULDADE EDUVALE DE PARANAPANEMA;0
2884;INSTITUTO SUPERIOR DE EDUCACAO BOM JESUS;0
2885;FACULDADE UNINASSAU BELO HORIZONTE;1
2886;FACULDADE ZUMBI DOS PALMARES;1
2887;FACULDADE EDUVALE DE PIRAJU;0
2888;UNIVERSIDADE DE GOIAS;0
2889;UNIVERSIDADE PARA O DESENVOLVIMENTO DA AMAZONIA;0
2890;UNIVERSIDADE DE INTEGRACAO BRASILEIRA;0
2891;FACULDADE BARAO DE PIRATININGA;0
2892;FACULDADE DE PALMARES FAPAL;0
2893;INSTITUTO SUPERIOR DE EDUCACAO DOS PALMARES;0
2894;FACULDADE INTEGRAL DE SANTA HELENA;0
2895;FACULDADE LIBERDADE EDUCACAO E TECNOLOGIA;0
2896;CENTRO UNIVERSITARIO SATC;1
2897;FACULDADE JK;0
2899;FACULDADES CAICARAS;0
2900;INSTITUTO TECNOLOGICO REGIONAL;0
2901;INSTITUTO SUPERIOR DE EDUCACAO DO MEDIO NORTE MATO GROSSENSE;0
2902;FACULDADE DO MEDIO NORTE MATO GROSSENSE;0
2903;FACULDADE UCEFF DE CONCORDIA;1
2904;FACULDADE JK GUARA;1
2905;FACULDADE BRASILEIRA DE PEDAGOGIA UNIBRA;0
2906;FACULDADE NACIONAL;0
2907;FACULDADE BRASILEIRA DE NANUQUE;0
2908;CENTRO UNIVERSITARIO NATALENSE;1
2909;FACULDADE DO ESTADO DO MARANHAO;1
2910;FACULDADE VERDE NORTE;1
2911;FACULDADE PAN AMAZONICA;1
2912;FACULDADE MARIA MILZA CAMPUS FACTAE;0
2913;FACULDADE DO VALE DO PARAGUACU;0
2914;INSTITUTO ABUCHAIM;0
2915;FACULDADE CIDADE DE PATOS DE MINAS;1
2916;INSTITUTO DE EDUCACAO SUPERIOR DE SERGIPE ISES;0
2917;FACULDADE BRASIL NORTE;1
2918;FACULDADE DE ENSINO SUPERIOR DA AMAZONIA REUNIDA;1
2919;FACULDADE SAO JOSE DE RIBAMAR;0
2920;INSTITUTO DE ENSINO SUPERIOR CATTA PRETA E DIAMANTINO;0
2921;INSTITUTO SUPERIOR DE EDUCACAO DA AMAZONIA REUNIDA;0
2922;INSTITUTO SUPERIOR DE EDUCACAO DE BARRETOS;1
2923;FACULDADE TABIRENSE DE ENFERMAGEM;0
2924;INSTITUTO SUPERIOR DE EDUCACAO CENECISTA DE BUTIA;0
2925;INSTITUTO SUPERIOR DE EDUCACAO DE CAMPINAS;0
2926;FACULDADE BRASIL CENTRAL;0
2927;FACULDADE DE BELO HORIZONTE;1
2928;FACULDADE HOLISTICA DE CIENCIAS HUMANAS FHCH;0
2929;FACULDADE DE MILAGRES CEARA;0
2930;FACULDADE DE SARANDI;0
2931;FACULDADE RIO GRANDE;0
2932;FACULDADE PELOTENSE;0
2933;FACULDADE TIMONENSE;0
2934;FACULDADE DE ADMINISTRACAO E ECONOMIA DE JOINVILLE FAEJ;0
2935;CENTRO UNIVERSITARIO UNIFACTHUS;1
2936;INSTITUTO DE EDUCACAO SUPERIOR MARISTA;0
2937;FACULDADE METROPOLITANA DO PARA;0
2938;FACULDADE DE EDUCACAO DE BARCARENA;0
2939;INSTITUTO SUPERIOR DE EDUCACAO TORRICELLI;0
2940;FACULDADE CENECISTA DE CACHOEIRAS DE MACACU;0
2941;INSTITUTO SUPERIOR DE TEOLOGIA E PASTORAL DE BONFIM;0
2942;INSTITUTO SUPERIOR DE EDUCACAO FRANCISCANO NOSSA SENHORA DE FATIMA;0
2943;INSTITUTO SUPERIOR DE EDUCACAO PIRAMIDE;0
2944;FACULDADE ANHANGUERA DE ITABUNA;1
2945;FACULDADE DA ASSOCIACAO BRASILIENSE DE EDUCACAO;0
2946;FACULDADE DE ARQUITETURA E URBANISMO DO DISTRITO FEDERAL FAU DF;0
2947;FACULDADE DAS AMERICAS;0
2948;REAL FACULDADE DE BRASILIA;1
2949;FACULDADE DO BAIXO PARNAIBA;1
2950;CENTRO UNIVERSITARIO FADERGS;1
2951;INSTITUTO SUPERIOR DE EDUCACAO DE MORRO AGUDO;0
2952;FACULDADES DO SUL FASUL;0
2953;INSTITUTO SUPERIOR DE EDUCACAO DA CIDADE DO NATAL;0
2954;FACULDADE SUL CAPIXABA UNISUL;0
2955;FACULDADE DE CIENCIAS HUMANAS BIOLOGICAS E DA SAUDE DO LESTE MATOGROSSENSE;0
2956;FACULDADE DE CIENCIAS JURIDICAS SOCIAIS E TECNOLOGICA FACITE;0
2957;FACULDADE DE CIENCIAS EXATAS E AGRARIAS;0
2958;FACULDADE DE CIENCIAS BIOLOGICAS HUMANAS E SAUDE;0
2959;FACULDADE DE CIENCIAS AGRARIAS E EXATAS DO LESTE MATOGROSSENSE;0
2960;FACULDADE SANTOS DUMONT;0
2961;CENTRO UNIVERSITARIO ESTACIO DO PANTANAL;1
2962;FACULDADE DE CIENCIAS SOCIAIS DE FORTALEZA;0
2963;FACULDADE DE CIENCIAS SOCIAIS DE PETROLINA;0
2964;FACULDADE PROJECAO DO GUARA;1
2965;FACULDADE MOKITI OKADA;0
2966;INSTITUTO SUPERIOR DE EDUCACAO HELIO MAGDALENA;0
2967;INSTITUTO SUPERIOR DE EDUCACAO PEDRO II;0
2968;FACULDADE NOVA ESPERANCA DE NUTRICAO;0
2969;INSTITUTO SUPERIOR DE EDUCACAO OCIDENTE;1
2970;FACULDADE INTEGRAL;0
2971;FACULDADE BARRETOS;1
2972;FACULDADE CHAPADINHENSE DE EDUCACAO CIENCIAS E TECNOLOGIA FACHAP;0
2973;FACULDADE ANHANGUERA DE PRIMAVERA DO LESTE;1
2974;FACULDADE DE CIENCIAS JURIDICAS E SOCIAIS APLICADAS DE PRIMAVERA DO LESTE;0
2975;FACULDADE JK GUARA;0
2976;INSTITUTO SUPERIOR DE EDUCACAO DA FATEB;0
2977;FACULDADES INTEGRADAS DE CIENCIAS E BIOTECNOLOGIA FICEB;0
2978;FACUDADE DE ODONTOLOGIA MARIO DE OLIVEIRA;0
2979;FACULDADE SUL ESPIRITO SANTENSE;0
2980;FACULDADE SENAC CEARA DE ADMINISTRACAO E COMERCIO;0
2981;FACULDADE SAO VICENTE;0
2982;FACULDADE VICTOR HUGO;0
2983;FACULDADE SAO VICENTE;0
2984;FACULDADE ABRAHAN LINCON;0
2985;FACULDADE MERIDIONAL DO MARANHAO;0
2986;INSTITUTO DE FILOSOFIA E CIENCIAS HUMANAS DA BAHIA;0
2987;FACULDADE DE ODONTOLOGIA ALFEU GOMES DE OLIVEIRA;0
2988;INSTITUTO SUPERIOR DE EDUCACAO FENIX DE BAURU;0
2989;IBESS INSTITUTO BRASILEIRO DE EDUCACAO SUED E SUSEJ LTDA;0
2990;FACULDADES DE ADMINISTRACAO DO SUL;0
2991;FACULDADE DE SAPEACU;0
2992;FACULDADE DO SUDESTE;0
2993;FACULDADE DE CIENCIAS BIOLOGICAS E DA SAUDE;0
2994;INSTITUTO SUPERIOR UNIFELI;0
2995;INSTITUTO SUPERIOR DE EDUCACAO LUTERANO DE PORTO VELHO;0
2996;FACULDADE SOTEROPOLITANA DE DIREITO;0
2997;FACULDADE DE COMUNICACAO E INFORMACAO DO CENTRO OESTE COMUNICO;0
2998;FACULDADES SESI AMAZONAS FASESI;0
2999;INSTITUTO SUPERIOR DE EDUCACAO CENECISTA DE RONDONOPOLIS;0
3000;FACULDADE CENECISTA DE SINOP;0
3001;FACULDADE CENECISTA DE RONDONOPOLIS;0
3002;FACULDADE DE CIENCIAS DA SAUDE NOSSA SENHORA DAS MERCES DE MONTES CLAROS;0
3003;INSTITUTO SUPERIOR DE EDUCACAO JUSCELINO KUBITSCHEK;0
3004;INSTITUTO DE ENSINO SUPERIOR SANTA CECILIA;1
3005;FACULDADE SEM FRONTEIRAS FASEF;0
3006;INSTITUTO SUPERIOR DE EDUCACAO MILTON CAMPOS;0
3007;FACULDADE DO INSTITUTO NACIONAL DE POSGRADUACAO DE CAMPINAS;0
3008;FACULDADE DO INSTITUTO NACIONAL DE POSGRADUACAO DE SAO JOSE DOS CAMPOS;1
3009;INSTITUTO DE ENSINO SUPERIOR APIAI ISA;0
3010;FACULDADE DE CIENCIAS HUMANAS DE RONDONIA;0
3011;FACULDADE PROF MIGUEL ANGELO DA SILVA SANTOS;0
3012;FAJOPA FACULDADE JOAO PAULO II;1
3013;INSTITUTO SUPERIOR DE EDUCACAO CIDADANIA;0
3014;FACULDADE DE FARMACIA DOS CAMPOS GERAIS;0
3015;INSTITUTO DE EDUCACAO SUPERIOR;0
3016;FACULDADE DE ENFERMAGEM JOSE RODRIGUES DA SILVA;0
3017;INSTITUTO SUPERIOR DE EDUCACAO UNIPLAM;0
3018;FACULDADE METROPOLITANA DE CAMPINAS;0
3019;INSTITUTO DE EDUCACAO SUPERIOR ANAMELIA;0
3020;FACULDADE SANTA RITA DE CASSIA;1
3021;INSTITUTO SUPERIOR DE EDUCACAO SANTA RITA DE CASSIA;0
3022;FACULDADE DO PARANA;0
3023;FACULDADES INTEGRADAS ATLANTICA;0
3024;FACULDADES INTEGRADAS DE ENSINO SUPERIOR DO ESTADO DO PARA;0
3025;INSTITUTO PRESBITERIANO DE EDUCACAO;0
3026;FACULDADE DO PLANALTO;0
3027;FACULDADE DE IBIPORA;0
3028;FACULDADE REUNIDAS DO LITORAL DO PARANA;0
3029;FACULDADE DA AMAZONIA;1
3030;INSTITUTO SUPERIOR DE EDUCACAO EDUVALE;0
3031;FACULDADE ALPHA;0
3032;FACULDADE SANTA MARIA;0
3033;FACULDADE DE FEIRA DE SANTANA;0
3034;FACULDADE ANHANGUERA UNIME DE SALVADOR;1
3035;FACULDADE BARBOSA CASTILHO;0
3036;LIBERTAS INSTITUTO SUPERIOR DE CIENCIAS JURIDICAS;0
3037;FACULDADE DE IBIUNA;0
3038;INSTITUTO SUPERIOR DE EDUCACAO LIONS;0
3039;FACULDADE VASCONCELLOS & SOUZA;0
3040;FACULDADE VALE DO JEQUITINHONHA;0
3041;FACULDADE FILADELFIA;0
3042;CHRISTUS FACULDADE DO PIAUI;1
3043;ABEU FACULDADE DE SAO JOAO DE MERITI;0
3044;ABEU FACULDADE VILAR DOS TELES;0
3045;ABEU FACULDADE DE QUEIMADOS;0
3046;INSTITUTO SUPERIOR DE EDUCACAO ISE;0
3047;FACULDADE POLIVALENTE FACIP;0
3048;INSTITUTO SUPERIOR DE EDUCACAO DO INSTITUTO PORTO ALEGRE DA IGREJA METODISTA;0
3049;INSTITUTO ODONTOLOGICO DO PARANA ODONS;0
3050;FACULDADE DE TEOLOGIA DA ASSEMBLEIA DE DEUS FATEAD;0
3051;FACULDADE TEOLOGICA DE CIENCIAS HUMANAS E SOCIAIS LOGOS;1
3052;FACULDADE EDUCARE;0
3053;FACULDADE DE ODONTOLOGIA PRO PARA;0
3054;FACULDADE DE CIENCIAS E TECNOLOGIA;0
3055;INSTITUTO SUPERIOR DE EDUCACAO DE RONDONIA;0
3056;ESCOLA SUPERIOR OSWALDO CRUZ;0
3057;INSTITUTO DE ENSINO SUPERIOR SAGRADA FAMILIA;0
3058;INSTITUTO SUPERIOR DE EDUCACAO SAGRADA FAMILIA;0
3059;INSTITUTO DE ENSINO SUPERIOR DO PARANA;0
3060;INSTITUTO DE ENSINO SUPERIOR DE ARAUCARIA;0
3061;INSTITUTO SUPERIOR DE EDUCACAO DO PARANA;0
3062;FACULDADE COMERCIAL DE SERRINHA;0
3063;FAECO FACULDADE EDUCACIONAL COSTA OESTE;0
3064;FACULDADE DE CIENCIAS EXATAS E AGRARIAS DE RORAIMA;0
3065;INSTITUTO SUPERIOR DE EDUCACAO DE ARAUCARIA;0
3066;FACULDADE INTERAMERICANA DE BELEM;0
3067;FACULDADE ROTHSCHILD DE EDUCACAO SUPERIOR;0
3068;FACULDADE DE TEOLOGIA E CIENCIAS;0
3069;INSTITUTO DE EDUCACAO SUPERIOR DE ALAGOAS NO LITORAL NORTE;0
3070;FACULDADE DE BELA VISTA DE GOIAS;0
3071;INSTITUTO DE EDUCACAO SUPERIOR UNYAHNA DE SERRINHA;0
3072;INSTITUTO DE EDUCACAO SUPERIOR UNYAHNA DE JACOBINA;0
3073;INSTITUTO DE EDUCACAO SUPERIOR UNYAHNA DE CRUZ DAS ALMAS;0
3074;FACULDADE DO EXTREMO SUL DA BAHIA;0
3075;INSTITUTO DE EDUCACAO SUPERIOR UNYAHNA DE ALAGOINHAS;0
3076;FACULDADE DE SAUDE IPITANGA;0
3077;FACULDADE METROPOLITANA DE FORTALEZA;0
3078;INSTITUTO SUPERIOR DE EDUCACAO FRUTALENSE;0
3079;INSTITUTO DE ENSINO SUPERIOR ALTERNATIVO;0
3080;FACULDADE DE ARTE E DESIGN BERLIM BAHIA;0
3081;FACULDADE ITALIANA DE TECNOLOGIA;0
3082;FACULDADE 2 DE JULHO;0
3083;FACULDADE INTEGRADA UNIVERACRUZ DE GUANAMBI;0
3084;FACULDADE MARQUES DE POMBAL;0
3085;FACULDADE EVANGELICA LUZ E VIDA;0
3086;FACULDADE DA MODA;0
3087;CHRISTUS INSTITUTO SUPERIOR DE EDUCACAO;0
3088;FACULDADE UNIDAS SUL BAHIA FUSBA;0
3089;FACULDADE CAICARAS DE TAGUATINGA;0
3090;INSTITUTO SUPERIOR NORMAL AURELINA PALMEIRA;0
3091;CENTRO DE ENSINO LEIDE TORRES;0
3092;FACULDADE DE BEM ESTAR SOCIAL E SAUDE DE ITAPECERICA;0
3093;FACULDADE DE ENFERMAGEM JOAO FRANCISCO DA SILVA;0
3094;FACULDADE DE DIREITO DESEMBARGADOR AFFONSO TEIXEIRA LAGES;0
3095;FACULDADE DE CIENCIAS AGRARIAS DOM ORIONE;0
3096;FACULDADE DE AGRONOMIA MANOEL ANTONIO DA SILVA;0
3097;FACULDADE DE DIREITO AFONSO PENA;0
3098;INSTITUTO SUPERIOR DE EDUCACAO SAO JUDAS TADEU;0
3099;FACULDADE INTERNACIONAL DA PARAIBA;1
3100;FACULDADE INTEGRADA UNIVERACRUZ DE BOM JESUS DA LAPA;0
3101;FACULDADE INTEGRADA UNIVERACRUZ DE ALAGOINHAS;0
3102;FACULDADE INTEGRADA UNIVERACRUZ DE CAMPO FORMOSO;0
3103;FACULDADE INTEGRADA UNIVERACRUZ DE BRUMADO;0
3104;FACULDADE INTEGRADA UNIVERACRUZ DE JEQUIE;0
3105;FACULDADE INTEGRADA UNIVERACRUZ DE JACOBINA;0
3106;FACULDADE INTEGRADA UNIVERACRUZ DE ITAMARAJU;0
3107;FACULDADE BENEMERITA EDUCADORA UNIVERACRUZ DE PAULO AFONSO;0
3108;FACULDADE INTEGRADA UNIVERACRUZ DE ITABUNA;0
3109;FACULDADE ITEGRADA UNIVERACRUZ DE VALENCA;0
3110;FACULDADE ITEGRADA UNIVERACRUZ DE CAMACARI;0
3111;FACULDADE INTEGRADA UNIVERACRUZ DE BARREIRAS;0
3112;FACULDADE INTEGRADA UNIVERACRUZ DE RIBEIRA DO POMBAL;0
3113;FACULDADE INTEGRADA UNIVERACRUZ DE PILAO ARCADO;0
3114;FACULDADE INTEGRADA UNIVERACRUZ DE VITORIA DA CONQUISTA;0
3115;INSTITUTO SUPERIOR DE EDUCACAO SANTO AGOSTINHO DE PIRAPORA;0
3116;FACULDADE SANTO AGOSTINHO DE PIRAPORA;0
3117;FACULDADE DE SAUDE E DESENVOLVIMENTO HUMANO SANTO AGOSTINHO;0
3118;FALCUDADE INTEGRADA UNIVERACRUZ DE BARRA;0
3119;FACULDADE INTEGRADA UNIVERACRUZ DE DIAS D AVILA;0
3120;FACULDADE INTEGRADA UNIVERACRUZ DE CANDEIAS;0
3121;FACULDADE INTEGRADA UNIVERACRUZ DE SERRINHA;0
3122;FACULDADE INTEGRADA UNIVERACRUZ SIMOES FILHO;0
3123;FACULDADE INTEGRADA UNIVERACRUZ DE SANTA MARIA DA VITORIA;0
3124;FACULDADE DO DISTRITO FEDERAL;0
3125;FACULDADE INTEGRADA UNIVERACRUZ DE PORTO SEGURO;0
3126;FACULDADE INTEGRADA UNIVERACRUZ DE SENHOR DO BONFIM;0
3127;FACULDADE INTEGRADA UNIVERACRUZ DE IRECE;0
3128;FACULDADE INTEGRADA UNIVERACRUZ DE LAURO DE FREITAS;0
3129;FACULDADE INTEGRADA UNIVERACRUZ DE ILHEUS;0
3130;FACULDADE INTEGRADA UNIVERACRUZ DE FEIRA DE SANTANA;0
3131;FACULDADE INTEGRADA UNIVERACRUZ DE EUNAPOLIS;0
3132;FACULDADE INEGRADA UNIVERACRUZ DE EUCLIDES DA CUNHA;0
3133;FACULDADE INTEGRADA UNIVERACRUZ DE JUAZEIRO;0
3134;FACULDADE INTEGRADA UNIVERACRUZ DE ITABERABA;0
3135;FACULDADE INTEGRADA UNIVERACRUZ DE TEIXEIRA DE FREITAS;0
3136;FACULDADES INTEGRADA UNIVERACRUZ DE IPIRA;0
3137;FACULDADE INTEGRADA UNIVERACRUZ DE SALVADOR;0
3138;FACULDADE DINAMICA DE ITAIPULANDIA;0
3139;INSTITUTO DE SUPERIOR DE EDUCACAO FRANCISCO AGUIAR;0
3140;FACULDADE ZEUS;0
3141;FACVALE FACULDADE DO VALE DO JACUIPE;0
3142;INSTITUTO SUPERIOR DE EDUCACAO EDEM;0
3143;FACULDADE DO VAREJO;0
3144;FACULDADE AGUAS LINDAS;0
3145;FACULDADE DE DIREITO SAO JUDAS TADEU DE PORTO ALEGRE;0
3146;FACULDADE DE ODONTOLOGIA DO RECIFE;1
3147;FACULDADE DE DIREITO DE PORTO ALEGRE;0
3148;FACULDADE ANCHIETA DO RECIFE;1
3149;FACULDADE ANHANGUERA DE DIVINOPOLIS;1
3150;INSTITUTO SUPERIOR DE EDUCACAO DA FACULDADE DE CIENCIAS E LETRAS DE ARARAS;0
3151;UNIVERSIDADE COMUNITARIA DA REGIAO DE CHAPECO;1
3152;INSTITUTO SUPERIOR DE EDUCACAO SANTA RITA DO SAPUCAI;0
3153;INSTITUTO SUPERIOR DE EDUCACAO CANTAREIRA;0
3154;FACULDADE DE TECNOLOGIA SENAI RIO DO SUL;0
3155;FACULDADE DE TECNOLOGIA SENAI JARAGUA DO SUL;1
3156;FACULDADE DE TECNOLOGIA SENAI BRUSQUE;0
3157;INSTITUTO SUPERIOR DE EDUCACAO ALMEIDA RODRIGUES;1
3158;INSTITUTO SUPERIOR DE EDUCACAO ANGLOAMERICANO;0
3159;FACULDADE DE TECNOLOGIA SENAI FLORIANOPOLIS;1
3160;INSTITUTO FEDERAL DE EDUCACAO CIENCIA E TECNOLOGIA DE ALAGOAS;1
3161;INSTITUTO FEDERAL DE EDUCACAO CIENCIA E TECNOLOGIA DO SERTAO PERNAMBUCANO;1
3162;INSTITUTO FEDERAL DE EDUCACAO CIENCIA E TECNOLOGIA DE SANTA CATARINA;1
3163;INSTITUTO FEDERAL DE EDUCACAO CIENCIA E TECNOLOGIA DO RIO DE JANEIRO;1
3164;INSTITUTO FEDERAL DE EDUCACAO CIENCIA E TECNOLOGIA DE MATO GROSSO;1
3165;INSTITUTO FEDERAL DE EDUCACAO CIENCIA E TECNOLOGIA DO TRIANGULO MINEIRO;1
3166;INSTITUTO SUPERIOR DE EDUCACAO DE IBIUNA;0
3167;FACULDADE DE TECNOLOGIA ESTACIO DE SA DE BELO HORIZONTE;0
3168;FACULDADE DE TECNOLOGIA ESTACIO DE SA DE JUIZ DE FORA;0
3169;FACULDADE DE TECNOLOGIA IBTA CAMPINAS;0
3170;FACULDADE ESTACIO DE FLORIANOPOLIS ESTACIO FLORIANOPOLIS;1
3171;FACULDADE EQUIPE;0
3172;UNIVERSIDADE DO ESTADO DO AMAZONAS;1
3173;FACULDADE DE TECNOLOGIA DO COMERCIO;0
3174;INSTITUTO SUPERIOR DE EDUCACAO DE VINHEDO;0
3175;INSTITUTO SUPERIOR DE EDUCACAO DE TAQUARA;0
3176;INSTITUTO SUPERIOR DE EDUCACAO EQUIPE;0
3177;FACULDADE DE ADMINISTRACAO DA FESPSP;1
3178;INSTITUTO DE EDUCACAO SUPERIOR DE BARUERI;0
3179;FACULDADE DA CIDADE DE SAO GONCALO;0
3180;FACULDADE ATTICUS;0
3181;FACULDADE DE DIREITO DE BOA VISTA;0
3182;FACULDADE UNIRB ARAPIRACA;1
3183;INSTITUTO FEDERAL DE EDUCACAO CIENCIA E TECNOLOGIA DE SERGIPE;1
3184;INSTITUTO FEDERAL DE EDUCACAO CIENCIA E TECNOLOGIA DE RORAIMA;1
3185;CENTRO FEDERAL DE EDUCACAO TECNOLOGICA DE SAO VICENTE DO SUL;0
3186;FACULDADE DE SAO ROQUE;1
3187;INSTITUTO SUPERIOR DE EDUCACAO CORACAO DE JESUS;0
3188;INSTITUTO FEDERAL DE EDUCACAO CIENCIA E TECNOLOGIA DO NORTE DE MINAS GERAIS;1
3189;INSTITUTO FEDERAL DE EDUCACAO CIENCIA E TECNOLOGIA DE MINAS GERAIS;1
3190;INSTITUTO SUPERIOR DE EDUCACAO DE GARCA;0
3191;INSTITUTO SUPERIOR DE EDUCACAO DE SANTA CATARINA;0
3192;FACULDADE SAO FRANCISCO DE CAJAZEIRAS;1
3193;FACULDADES INTEGRADAS DOS CAMPOS GERAIS;1
3194;FACULDADE DE MINAS BH;1
3195;FACULDADE VILA RICA;0
3196;FACULDADE PONTES E LACERDA;0
3197;FACULDADES DO PARECIS;0
3198;FACULDADE DE CIENCIAS HUMANAS DE IVAIPORA;0
3199;FANESF FACULDADE NACIONAL DE ENSINO SUPERIOR DA FAZENDA RIO GRANDE;0
3200;FANPINHAIS FACULDADE NACIONAL DE PINHAIS;0
3201;FACULDADE DE EDUCACAO E ENSINO SUPERIOR DO ABRANCHES;0
3202;FACULDADES AUGUSTUS;0
3203;INSTITUTO SUPERIOR DE EDUCACAO ALBERT EINSTEIN;1
3204;FACULDADE UNIBRAS DO MATO GROSSO;1
3205;CENTRO UNIVERSITARIO DE VICOSA;1
3206;INSTITUTO DO SABER;0
3207;FACULDADES DE CAFELANDIA;0
3208;FACULDADE AMERICA DO SUL;0
3209;FACULDADE DE ARACATUBA;0
3210;INSTITUTO EDUCACIONAL EVANGELICO DE ARAPONGAS;0
3211;FACDIPAR FACULDADE DE DIREITO DO PARANA;0
3212;INSTITUTO SUPERIOR DE FILOSOFIA BERTHIER;0
3213;AFIMA;0
3214;FACULDADE EUROPEU DO RIO DE JANEIRO;0
3215;FACULDADE ENTRE RIOS DO PIAUI;0
3216;FACULDADE DE CIENCIAS DA BAHIA FACIBA;0
3217;FACULDADE DE ENSINO SUPERIOR DO BRASIL;0
3218;FACULDADE DE CIENCIAS DA SAUDE DE PORTO ALEGRE;0
3219;FACULDADE EVANGELICA DE INDAIATUBA;0
3220;INSTITUTO NACIONAL DE EDUCACAO SUPERIOR DE EDUCACAO E CULTURA INESC;0
3221;FACULDADE DE ODONTOLOGIA DE MACAPA;0
3222;FACULDADE DE ODONTOLOGIA DE FORTALEZA;0
3223;ESCOLA SUPERIOR DE CIENCIAS DA SAUDE;0
3224;FACULDADE DE FARMACIA E BIOQUIMICA;0
3225;FACULDADE DE ENFERMAGEM;0
3226;FACULDADE DE MEDICINA;1
3227;FACULDADE DE SISTEMA DE INFORMACAO;0
3228;FACULDADE DE ADMINISTRACAO;0
3229;FACULDADE DE TURISMO DE DUQUE DE CAXIAS;0
3230;FACULDADE LUIZ EDUARDO MAGALHAES;1
3231;INSTITUTO SUPERIOR DE EDUCACAO PADRE ANCHIETA;0
3232;FI FACULDADE IGUACU;1
3233;FACULDADE AMERICA DO SUL;0
3234;URN FACULDADE DE ALAGOINHAS;0
3235;INSTITUTO SUPERIOR DE EDUCACAO JOAO PAULO PRIMEIRO;0
3236;INSITUTO DE TEOLOGIA DA DIOCESE DE SANTO ANDRE;0
3237;FACULDADE SENAC DE ADMINISTRACAO E NEGOCIOS;0
3238;FACULDADE DE ODONTOLOGIA;0
3239;INSTITUTO DE DESENVOLVIMENTO EDUCACIONAL SUL CATARINENSE S C LTDA;0
3240;INSTITUTO SUPERIOR DE EDUCACAO DE JUIZ DE FORA;0
3241;FACULDADE NACIONAL DE EDUCACAO E ENSINO SUPERIOR DO BRASIL;0
3242;FACULDADE DE TECNOLOGIA E GESTAO;0
3243;FACULDADE NACIONAL CAMPO LARGO;0
3244;FACULDADE DE GUARAPARI;0
3245;FACULDADE DE SENADOR CANEDO;0
3246;FACULDADE DE LINHARES;0
3247;FACULDADE VITORIA DO ESPIRITO SANTO;0
3248;FACULDADE DE DOMINGOS MARTINS;0
3249;FACULDADE PADRAO;0
3250;FACULDADE DE MORRINHOS;0
3251;FACULDADE DE VILA VELHA;0
3252;FACULDADE QUIRINOPOLIS;1
3253;FACULDADE COSTA ESMERALDA ITAPEMA;0
3254;FACULDADE DE EDUCACAO E TEOLOGIA VIVA FATEV;0
3255;FACULDADE INPG;0
3256;INSTITUTO SUPERIOR DE ECOLOGIA HUMANA E DESENVOLVIMENTO SUSTENTAVEL ISEDS;0
3257;FAESSF FACULDADE DE ENSINO SUPERIOR SANTA FELICIDADE;0
3258;FACULDADE DE DIREITO DE RESENDE;0
3259;FACULDADES DO ICESP;0
3260;FACULDADE PRINCESA;0
3261;FACULDADE DE EDUCACAO E ENSINO SUPERIOR INTEGRAL;0
3262;FACULDADE DOM BOSCO DE GUARANIACU;0
3263;FACULDADE YVERDUN BRASILIA;0
3265;FACULDADE BATISTA IDA NELSON;0
3266;UNIDADE VOCACIONAL CIDADES UVC;0
3267;FACULDADE TADEU ARGOLO;0
3268;FACULDADE MADRE THAIS;1
3269;FACULDADE DE JUAZEIRO DO NORTE;0
3270;FACULDADE SAO BENTO DA BAHIA;1
3271;FACULDADE QUASAR;0
3272;FACULDADE DE DIREITO DE PETROLINA;0
3273;FACULDADE DO RECIFE;0
3274;FACULDADE PSICOLOGIA;0
3275;FACULDADE JURIDICA DE SALVADOR;0
3276;FACULDADE FORTALEZA;0
3277;FACULDADE DE TECNOLOGIA PREVE;0
3278;FACULDADE DE TECNOLOGIA MARTINUS;0
3279;INSTITUTO FEDERAL DE EDUCACAO CIENCIA E TECNOLOGIA DO SUDESTE DE MINAS GERAIS;1
3280;FACULDADE SAO JOSE;0
3281;FACULDADE DO DESENVOLVIMENTO DE FEIRA DE SANTANA;0
3282;FACULDADE PONTAL DO PARANAPANEMA;0
3283;INSTITUTO BRASILEIRO DE ZOOTECNOLOGIA;0
3284;ESCOLA SUPERIOR DE ADMINISTRACAO E NEGOCIOS;0
3285;FACULDADE SANTO ANTONIO;1
3286;FACULDADE DE MARABA;0
3287;FACULDADE DA ASSEDIPA;0
3288;FACULDADE GENESIS FAGEN;0
3289;FACULDADE DE CIENCIAS ADMINISTR1S E CONTABEIS COSTA BRAGA;0
3290;INSTITUTO SUPERIOR DE EDUCACAO DOS INCONFIDENTES;0
3291;FACULDADE DUARTE COELHO;0
3292;INSTITUTO SUPERIOR DE EDUCACAO DE CAETE;0
3293;FACULDADE DE TECNOLOGIA DIAMANTE;0
3294;CENTRO UNIVERSITARIO FAVENI;1
3295;FACULDADE SENAC FLORIANOPOLIS;1
3296;FACULDADE DE TECNOLOGIA SENAC RIO;0
3297;CENTRO DE EDUCACAO TECNOLOGICA CHRISTUS;0
3298;FACULDADE DE TECNOLOGIA CAMOES;0
3299;FACULDADE DE TECNOLOGIA INFORMATICA;1
3300;FACULDADE DE TECNOLOGIA MICHEL;0
3301;FACULDADE DE TECNOLOGIA MAGISTER;0
3302;FACULDADE REGES DE JUNQUEIROPOLIS;1
3303;CENTRO UNIVERSITARIO INVEST;1
3304;CENTRO UNIVERSITARIO DE PATOS;1
3305;FACULDADE PITAGORAS DE PSICOLOGIA;0
3306;FACULDADE DE TECNOLOGIA IPUC;1
3307;FACULDADE DE RIO CLARO;1
3308;FACULDADE ENGENHEIRO SALVADOR ARENA;1
3309;FACULDADE DE TECNOLOGIA INTERNACIONAL;0
3310;FACULDADE DE TECNOLOGIA DA AMAZONIA;0
3311;FACULDADE DE EDUCACAO AVANCADA DO NOROESTE CAPIXABA;0
3312;CENTRO FEDERAL DE EDUCACAO TECNOLOGICA DE RIO VERDE;0
3313;CENTRO FEDERAL DE EDUCACAO TECNOLOGICA DE BAMBUI;0
3314;FACULDADE DE CIENCIAS GERENCIAIS DA FUNCEC;0
3315;INSTITUTO SUPERIOR DE EDUCACAO;0
3316;FACULDADE SUDOESTE PAULISTANO;0
3317;FACULDADE MASTER;0
3318;FACULDADE MASTER;0
3319;INSTITUTO UNIVERSITARIO UNA DE CATALAO;1
3320;INSTITUTO DE TELEMARKETING E SERVICO AO CLIENTE LTDA;0
3321;FACIVALE FACULDADE INTERNACIONAL DO VALE DO IVAI;0
3322;FACULDADE POLITECNICA DE ATIBAIA;0
3323;INSTITUTO DE EDUCACAO E ENSINO SUPERIOR DE CAMPINAS;1
3324;FACULDADE TALENTI;0
3325;FACULDADE COMUNITARIA DE CONTAGEM;0
3326;CENTRO SUPERIOR DE ESTUDOS JURIDICOS CARLOS DRUMMOND DE ANDRADE;0
3327;UNIPONTE FACULDADE DA MEIA PONTE;0
3328;CENTRO DE ESTUDOS SUPERIORES EM CIENCIAS DA SAUDE;0
3329;FACULDADE DE DIREITO DE PARA DE MINAS;0
3330;INSTITUTO DE LINGUA PORTUGUESA;0
3331;FAMOL FACULDADE MONTEIRO LOBATO;0
3332;FACULDADE DE TECNOLOGIA SENAC RIO;1
3333;CENTRO UNIVERSITARIO UNIFTEC;1
3334;FACULDADE DE TECNOLOGIA SAO GONCALO;0
3335;FACULDADE DE CIENCIAS E LETRAS DO NOROESTE DO PARANA FACIP;0
3336;UNIVERSIDADE ESTADUAL DO RIO GRANDE DO SUL;1
3337;FACULDADE DE TECNOLOGIA DE TERESINA;1
3338;INSTITUTO SUPERIOR DE EDUCACAO GETULIO VARGAS;0
3339;CENTRO UNIVERSITARIO IDEAU;1
3340;FACULDADE DE PAULISTA;0
3341;FACULDADES DE ALTO ARAGUAIA;0
3342;FACULDADE EVANGELICA DE CIENCIA FILOSOFICA E TEOLOGICA DO MARANHAO;0
3343;FACULDADES DO PARECIS FACCIS;0
3344;FACULDADE REGIONAL DE IRECE;0
3345;FACULDADE YVERDON DE GOIANIA;0
3346;FACULDADE YVERDON;0
3347;FACULDADE REGIONAL DE RIBEIRA DO POMBAL;0
3348;FACULDADE REGIONAL DE SERRINHA;0
3349;FACULDADE REGIONAL METROPOLITANA;0
3350;FACULDADE REGIONAL DE ALAGOINHAS;0
3351;INSTITUTO SUPERIOR DO NOROESTE PAULISTA;0
3352;FACULDADE REGIONAL DE SANTO AMARO;0
3353;FACULDADE RECON BAHIA EMPRESARIAL;0
3354;FACULDADE REGIONAL DE ILHEUS;0
3355;FACULDADE REGIONAL DE SAO FELIX;0
3356;INSTITUTO TEOLOGICO DE SANTA CATARINA;0
3357;FACULDADE DO SERTAO;0
3358;FACULDADE CIENTIFICA DA BAHIA;0
3359;FESC FACULDADE DO EXTREMO SUL CATARINENSE;0
3360;INSTITUTO DE EDUCACAO SUPERIOR PRESIDENTE KENNEDY CENTRO DE FORMACAO DE PROFISSIONAIS DE EDUCACAO;1
3361;INSTITUTO SUPERIOR DE EDUCACAO;0
3362;INSTITUTO DE CIENCIAS HUMANAS E SOCIAIS APLICADAS;0
3363;FACULDADE GUARAI;1
3364;FACULDADE DE ENFERMAGEM DE CARATINGA;0
3365;FACULDADE UNIBRAS JUAZEIRO;1
3366;FACULDADE DE CIENCIAS GERENCIAIS DE OLIVEIRA;0
3367;INSTITUTO SUPERIOR DE EDUCACAO DE OLIVEIRA;0
3368;CENTRO UNIVERSITARIO DO SUL DE MINAS;1
3369;FACULDADE DE CIENCIAS HUMANAS E SOCIAIS GEREMARIO DANTAS;0
3370;ESCOLA DOMINICANA DE TEOLOGIA;0
3371;CENTRO UNIVERSITARIO DE PATOS DE MINAS;1
3372;CENTRO UNIVERSITARIO DE LAVRAS;1
3373;INSTITUTO SUPERIOR DE EDUCACAO DE FORMIGA;0
3374;FACULDADE PAUL SABATIER DE EDUCACAO;0
3375;INSTITUTO DE ENSINO SUPERIOR MULTIPLO;1
3376;FACULDADE DE TEOLOGIA INTEGRADA;1
3377;FACULDADE MONTESSORIANO DE SALVADOR;1
3378;FACULDADE CENECISTA DE RECIFE;0
3379;INSTITUTO DE EDUCACAO SUPERIOR SERRANO IESSER;0
3380;FACULDADE MISSIONEIRA DO PARANA;0
3381;UNITEC FACULDADE TECNOLOGICA E CIENTIFICA DE UNAI;0
3382;ESCOLA SUPERIOR DE ENFERMAGEM E PEDAGOGIA MARIA PASTOR;0
3383;INSTITUTO SUPERIOR DE EDUCACAO SAGRA ISAGRA;0
3384;FACULDADE SAGRA;0
3385;FACULDADE DE DIREITO PROFESSOR PEDRO ALEIXO;0
3386;FACULDADE DE ADMINISTRACAO DE EMPRESAS UNITECH;0
3387;FACULDADE NACIONAL DE JOINVILLE;0
3388;CENTRO UNIVERSITARIO PARAISO;1
3389;FACULDADE EVANGELICA RAIZES;1
3390;FACULDADE DE DIREITO DO ICESP;0
3391;INSTITUTO SUPERIOR DE EDUCACAO NOVA VIDA;0
3392;FACULDADE DA ACADEMIA BRASILEIRA DE EDUCACAO E CULTURA;0
3393;FACULDADE DE ENSINO SUPERIOR DOM BOSCO;1
3394;FACULDADE VALE DO IPIRANGA;0
3395;FACULDADE EDUCIONAL SUL PARANAENSE;0
3396;CENTRO UNIVERSITARIO LS;1
3397;FACULDADE BOAS NOVAS DE CIENCIAS TEOLOGICAS SOCIAIS E BIOTECNOLOGICAS;1
3398;FACULDADE DE CIENCIAS DO ESTADO DO CEARA;0
3399;FACULDADE DE TUBARAO;0
3400;FACULDADE DE PENAPOLIS;1
3401;FACULDADE DE ITAPECERICA DA SERRA;0
3402;FACULDADE ANGLICANA DE NEGOCIOS;0
3403;INSTITUTO SUPERIOR DE EDUCACAO RUI BARBOSA ISURB;0
3404;FACULDADE DE FILOSOFIA;0
3405;FACULDADE RUI BARBOSA;0
3406;FACULDADE CANDIDO RONDON;0
3407;IESEMA INSTITUTO SUPERIOR DE EDUCACAO DA MATA ALAGOANA;0
3408;FACULDADE AMAZONIA DE RORAIMA;0
3409;FACULDADE DE CIENCIAS DA SAUDE CRISTO REI;0
3410;INSTITUTO DE EDUCACAO SUPERIOR FATEV;0
3411;FACULDADE DE JANDIRA;0
3412;FACULDADE DO INTERIOR PAULISTA DE TANABI;0
3413;ISEMP INSTITUTO SUPERIOR DE EDUCACAO DA MATA PERNAMBUCANA;0
3414;FACULDADE DO ENTORNO DE BRASILIA FAEB;0
3415;FACULDADE DE TECNOLOGIA DE CAXIAS DO SUL;0
3416;FACULDADE JK DO GAMA;0
3417;FACULDADE DO CENTRO DE SAO PAULO;0
3418;FACULDADE VALE DO CARIRI;0
3419;FACULDADE CHROMOS;0
3420;INSTITUTO SUPERIOR DE EDUCACAO DE CAMPOS GERAIS;0
3421;FACULDADE DE MANDAGUACU;0
3422;FACULDADE TEOLOGICA DE MINAS GERAIS;0
3423;FACULDADE DE ADMINISTRACAO DE NOVO PROGRESSO;0
3424;FACULDADE DE LAGES;0
3425;FACETE FACULDADE DE ARTES CIENCIAS E TECNOLOGIAS DE EUNAPOLIS;0
3426;ESCOLA SUPERIOR DE CIENCIAS TRADICIONAIS E AMBIENTAIS;0
3427;FACULDADE JARDINS ALL;1
3428;FACULDADE ALFA AMERICA;1
3429;FACULDADE RIO DAS CONTAS FAC RIO;0
3430;FACULDADE UBERLANDENSE DE NUCLEOS INTEGRADOS DE ENSINO SERVICO SOCIAL E APRENDIZAGEM;1
3431;FACULDADE DO SERIDO;1
3432;FACULDADES INTEGRADAS DE CIENCIAS HUMANAS SAUDE E EDUCACAO DE GUARULHOS;1
3433;INSTITUTO SUPERIOR DE EDUCACAO INTERLAGOS;0
3434;FACULDADE DE SAUDE E HUMANIDADES IBITURUNA;1
3435;INSTITUTO SUPERIOR DE EDUCACAO NORTE MINEIRO;0
3436;FACULDADE DE ARARAQUARA;1
3437;FACULDADE UNISUL DE BALNEARIO CAMBORIU;0
3438;FACULDADE MASTER DE PALMAS;0
3439;FACULDADE MASTER DE PARAUAPEBAS;0
3440;FACULDADE MASTER DE SANTAREM;0
3441;FACULDADE MASTER DE MARABA;0
3442;INSTITUTO DE ENSINO ALVARES DE AZEVEDO;0
3443;CENTRO UNIVERSITARIO CESUCA;1
3444;FACULDADE DE CIENCIAS BIOLOGICAS E SOCIAIS APLICADAS JEFFERSON JORGE SALOMAO;0
3445;FACULDADE JOAO DO VALE;0
3446;INSTITUTO SUPERIOR DE EDUCACAO JOAO DO VALE;0
3447;FACULDADES SANTAMARIA;0
3448;FACULDADE IBITURUNA;1
3449;TRECSON FACULDADE DE CIENCIAS SOCIAIS APLICADAS;0
3450;FACULDADES MASTER;0
3451;INSTITUTO SUPERIOR DE EDUCACAO DO LITORAL CATARINENSE;0
3453;FACULDADE JUSCELINO KUBTSCHEK GUARA;0
3454;FACULDADES LEONEL AGUIAR;0
3455;FACULDADE DE EDUCACAO EXPOVEST;0
3456;FACULDADE POLITECNICA DE CAMPINAS;1
3457;FESC FACULDADE DO EXTREMO SUL CATARINENSE;0
3458;ACADEMIA TEOLOGICA DA GRACA DE DEUS;0
3459;INSTITUTO DE ENSINO SUPERIOR E PESQUISA;0
3460;INSTITUTO SUPERIOR DE ENSINO E PESQUISA DE ITUIUTABA;0
3461;FACULDADE DE FILOSOFIA DE PASSOS;0
3462;FACULDADE DE ENFERMAGEM DE PASSOS;0
3463;FACULDADE DE DIREITO DE PASSOS;0
3464;FACULDADE DE ENGENHARIA DE PASSOS;0
3465;FACULDADE DE INFORMATICA DE PASSOS;0
3466;FACULDADE DE SERVICO SOCIAL DE PASSOS;0
3467;FACULDADE DE NUTRICAO DA FUNDACAO DE ENSINO SUPERIOR DE PASSOS;0
3468;FACULDADE DE ENGENHARIA DO TRIANGULO MINEIRO;0
3469;FACULDADE DE ADMINISTRACAO DE PASSOS;0
3470;FACULDADE EDUCACAO FISICA DE PASSOS;0
3471;FACULDADE DE MODA DE PASSOS;0
3472;INSTITUTO SUPERIOR DE EDUCACAO DE PASSOS;0
3473;FACULDADE DE FILOSOFIA CIENCIAS E LETRAS DE CARANGOLA;0
3474;FACULDADE DE CIENCIAS EXATAS;0
3475;INSTITUTO SUPERIOR DE EDUCACAO DE CARANGOLA;0
3476;FACULDADE DE FILOSOFIA E LETRAS DE DIAMANTINA;0
3477;FACULDADE DE FILOSOFIA CIENCIAS E LETRAS NOSSA SENHORA DE SION;0
3478;FACULDADE DE CIENCIAS EXATAS E HUMANAS DA CAMPANHA;0
3479;INSTITUTO SUPERIOR DE EDUCACAO NOSSA SENHORA DE SION;0
3480;FACULDADE DE CIENCIAS JURIDICAS DE DIAMANTINA;0
3481;INSTITUTO SUPERIOR DE EDUCACAO DE DIAMANTINA;0
3482;INSTITUTO SUPERIOR DE EDUCACAO DE DIVINOPOLIS;0
3483;INSTITUTO SUPERIOR DE EDUCACAO DE CLAUDIO;0
3484;FACULDADE DE CIENCIAS GERENCIAIS;0
3485;INSTITUTO SUPERIOR DE EDUCACAO DO ALTO SAO FRANCISCO;0
3486;INSTITUTO SUPERIOR DE EDUCACAO DE ITUIUTABA;0
3487;FACULDADE SENACRS;0
3488;CENTRO DE ENSINO SUPERIOR DE CONSELHEIRO LAFAIETE;1
3489;FACULDADE DE CIENCIAS SOCIAIS APLICADAS DE CONSELHEIRO LAFAIETE;0
3490;FACULDADE DE ENGENHARIA ELETRICA DE CONSELHEIRO LAFAIETE;0
3491;FACULDADE EVANGELICA DO BRASIL FAEB;0
3492;FACULDADE DE DIREITO DO PIAUI;0
3493;FACULDADE PROJETO DIDATICO;0
3494;FACULDADE GUAJARAENSE DE EDUCACAO E CULTURA;0
3495;FACULDADE PINHALZINHO;1
3496;INSTITUTO NACIONAL DE DESENVOLVIMENTO HUMANO;0
3497;FACULDADE BRASILIENSE DE DIREITO FADIR;0
3498;FACULDADE DE ARTES TECNOLOGIA E NEGOCIOS;0
3499;INSTITUTO BOLSA DE VALORES;0
3500;FACULDADE DO SERTAO BAIANO FASB;0
3501;FACULDADE DE ADMINISTRACAO DE SANTO ANTONIO DO MONTE;0
3502;FACULDADE DA FRONTEIRA FAF;0
3503;FACUDADE DA CIENCIA DA SAUDE;0
3504;ESCOLA DE ENSINO SUPERIOR DE BRASILANDIA DE MINAS;0
3505;INSTITUTO SUPERIOR DE EDUCACAO DE JACUTINGA;0
3506;FACULDADE DE CIENCIAS EDUCACIONAIS DE SERGIPE;0
3507;FACULDADE DE ADMINISTRACAO DE EMPRESAS IBRAFEM;0
3508;FACULDADE SANTO ANTONIO DE QUEIMADAS;0
3509;FACULDADE VICENTINA FAVI;1
3510;UNASP FACULDADE DO SERVIDOR PUBLICO;0
3511;FACULDADES COMUNITARIA UNIDAS;0
3512;ILES INSTITUTO LOGOS DE EDUCACAO E ENSINO SUPERIOR;0
3513;FACULDADE DE PRESIDENTE VENCESLAU;1
3514;FACULDADE DE CIENCIAS GERENCIAIS ALVES FORTES;1
3515;CENTRO UNIVERSITARIO DA VITORIA DE SANTO ANTAO;1
3516;FACULDADE DE CIENCIAS DA SAUDE ARCHIMEDES THEODORO;1
3517;FACULDADE IEGS;0
3518;FACULDADE SOCIESC DE JARAGUA DO SUL;1
3519;FACULDADE DE CIENCAS GERENCIAIS DO ALTO PARAOPEBA;0
3520;INSTITUTO DE EDUCACAO SUPERIOR SANTA MARIA IESSAM;0
3521;FACULDADE EXPOENTE DE EDUCACAO E PESQUISA;0
3522;FACULDADE CATOLICA DE POUSO ALEGRE;1
3523;FACULDADE DE DIREITO DA FUNDACAO ESCOLA SUPERIOR DO MINISTERIO PUBLICO;1
3524;UNIBUSINESS FACULDADE INTERNACIONAL DE EDUCACAO E GERENCIA;0
3525;FACULDADE EVANGELICA DE TECNOLOGIA CIENCIAS E BIOTECNOLOGIA DA CGADB;1
3526;INSTITUTO DE ENSINO SUPERIOR MIGUEL DE CERVANTES;0
3527;FACULDADE CATOLICA DOM AQUINO DE CUIABA;0
3528;FACULDADES CATOLICAS DE FRANCA;0
3529;CENTRO UNIVERSITARIO EURIPEDES DE MARILIA;1
3530;FACULDADE DE NANUQUE;0
3531;FACULDADE CACHOEIRO DE ITAPEMIRIM;0
3532;FACULDADE DO OESTE CATARINENSE;0
3533;FACULDADE CERES;1
3534;FACULDADE BRASILEIRA DE ENSINO SUPERIOR E TECNOLOGIA FABEST;0
3535;FACULDADE PAULISTA DE CIENCIAS FARMACEUTICAS;0
3536;FACULDADE DE TEOLOGIA EVANGELICA EM CURITIBA FATEV;1
3537;INSTITUTO BRASILEIRO DE MODA;0
3538;FACULDADE FAE SEVIGNE PORTO ALEGRE;0
3539;FACULDADE SANTA LUCIA MOGI GUACU;0
3540;UNIAO DE FACULDADES DE ADMINISTRACAO PUBLICA UNIFAP;0
3541;FACULDADE DE TAPEJARA;1
3542;INSTITUTO DE ENSINO SUPERIOR DE MINAS GERAIS;1
3543;FACULDADE NOVO HAMBURGO;1
3544;FACULDADE DE FISIOTERAPIA MACHADO DE ASSIS;0
3546;FACULDADE INTEGRADA DE ADMINISTRACAO PUBLICA DE BARRA;0
3547;FACULDADE INTEGRADA DE ADMINISTRACAO PUBLICA DE ITABUNA;0
3548;FACULDADE SUICA DE HOTELARIA DE JOINVILLE S A;0
3549;FACULDADE NACIONAL SENIOR;0
3550;FACULDADE SAO FRANCISCO DE CAJAZEIRAS;0
3551;FACULDADE INTEGRADA DE ADMINISTRACAO PUBLICA DE BARREIRAS;0
3552;FACULDADE INTEGRADA DE ADMINISTRACAO PUBLICA DE TEIXEIRA DE FREITAS;0
3553;FACULDADE INTEGRADA DE ADMINISTRACAO PUBLICA DE VALENCA;0
3554;FACULDADE INTEGRADA DE ADMINISTRACAO PUBLICA DE JACOBINA;0
3555;FACULDADE INTEGRADA DE ADMINISTRACAO PUBLICA DE ALAGOINHAS;0
3556;FACULDADE INTEGRADA DE ADMINISTRACAO PUBLICA DE SALVADOR;0
3557;FACULDADE INTEGRADA DE ADMINISTRACAO PUBLICA DE IRECE;0
3558;FACULDADE INTEGRADA DE ADMINISTRACAO PUBLICA DE IPIRA;0
3559;FACULDADE DE PORANGATU;0
3560;FACULDADE DE CIENCIAS DA SAUDE DE CAMPINA GRANDE;0
3561;FACULDADE SANTA RITA;0
3562;FACULDADE DE ODONTOLOGIA RORAIMA;0
3563;FACULDADE DE ODONTOLOGIA RIO BRANCO;0
3564;FACULDADE MORENENSE DE EDUCACAO FAM;0
3565;FACULDADE MORENENSE DE EDUCACAO FAM;0
3566;FACULDADE PAULO FREIRE;0
3567;FMV FACULDADE METROPOLITANA DE VITORIA;0
3568;FACULDADE DE DESENVOLVIMENTO E INTEGRACAO REGIONAL;0
3569;INSTITUTO SUPERIOR DE EDUCACAO DE MANHUACU;0
3570;FACULDADE DE CIENCIAS E EDUCACAO DE SAO SIMAO;0
3571;FACULDADE DOS INCONFIDENTES;0
3572;FACULDADE DE DIREITO DA ACADEMIA BRASILEIRA DE CIENCIAS JURIDICAS E SOCIAIS;0
3573;FACULDADE TEOLOGICA BATISTA DE BRASILIA;1
3574;UNIAO DE FACULDADES DE PARAISO UNIFAP;0
3575;FACULDADE 1;0
3576;FACULDADE DE ENSINO SUPERIOR DO LITORAL SUL FASUL;0
3577;FACULDADE DE ALTOS ESTUDOS DA BAHIA FAE;0
3578;FACULDADE DE CIENCIAS FARMACEUTICAS DO PANTANAL;0
3579;INSTITUTO LUTERANO DE EDUCACAO SUPERIOR DO PARECIS;0
3580;FACULDADE DE EDUCACAO CIENCIAS SOCIAIS E DA SAUDE SESI TO;0
3581;FACULDADE DE ENSINO TECNOLOGICO FILADELFIA;0
3582;FACULDADE PORTO CALVO;0
3583;ESCOLAS SUPERIORES DE ADMINISTRACAO GEOGRAFIA E CURSO NORMAL SUPERIOR;0
3584;INSTITUTO SUPERIOR DE EDUCACAO SANTA CRUZ;1
3585;FACULDADE SANTA CRUZ;1
3586;FACULDADE OXFORD DO BRASIL;0
3587;FACULDADE DIOCESANA SAO JOSE;1
3588;CENTRO UNIVERSITARIO DOM PEDRO II;1
3589;FACULDADE TEOREMA;0
3590;FACULDADE DE ENFERMAGEM SAO VICENTE DE PAULA;1
3591;INSTITUTO SUPERIOR DE EDUCACAO DE MACAPARANA;0
3593;FACULDADE DE CHAPECO;0
3594;FACULDADE DE CIENCIA TECNOLOGIA E EDUCACAO;0
3595;INSTITUTO SUPERIOR DE EDUCACAO DE SANTA MARIA DA VITORIA;0
3596;FACULDADE AMERICA LATINA;0
3597;FACULDADE DE ENSINO SUPERIOR DE SANTA CRUZ DO CAPIBARIBE;0
3598;FACULDADE DE IRATI;0
3599;FACULDADE DE ITAPEMA FAI;0
3600;FACULDADE DO LITORAL PAULISTA;0
3601;FACULDADE DE TAPEJARA FATAP;0
3602;CENTRO UNIVERSITARIO AUTONOMO DO BRASIL;1
3603;FACULDADE ANHANGUERA DE GUARULHOS;1
3604;INSTITUTO SUPERIOR DE EDUCACAO DE CARIACICA;0
3605;FACULDADE DE CIENCIAS COMUNICACOES E TECNOLOGIAS DE PESQUEIRA FACCIP;0
3606;INSTITUTO SUPERIOR DE EDUCACAO PRESBITERIANO VALE DO TOCANTINS;0
3607;ESCOLA SUPERIOR ASSOCIADA DE GOIANIA;1
3608;INSTITUTO SUPERIOR DE EDUCACAO DE LONDRINA;0
3609;FACULDADES INTEGRADAS IPITANGA;1
3610;CENTRO UNIVERSITARIO ICESP;1
3611;FACULDADES INTEGRADAS DA UNIAO DE ENSINO SUPERIOR CERTO;0
3612;FACULDADE ANHANGUERA DE VALINHOS;1
3613;FACULDADES INTEGRADAS IESGO;1
3614;ESCOLA DE CIENCIAS SOCIAIS FGV CPDOC;1
3615;FACULDADE PERNAMBUCANA DE SAUDE;1
3616;FACULDADES PHD;0
3617;FACULDADE DE CIENCIAS HUMANAS E EXATAS DO SERTAO DO SAO FRANCISCO;1
3618;FACULDADE LUSOFONA DE SAO PAULO;1
3619;UNESC UNIAO DAS ESCOLAS SUPERIORES DE CACOAL;0
3620;ESCOLA INTERNACIONAL DE ADMINISTRACAO E NEGOCIOS;0
3621;INSTITUTO DE ENSINO SUPERIOR DE GARCA;0
3622;INSTITUTO DE ENSINO SUPERIOR DE GARCA;0
3623;FACULDADE DE CIENCIAS DA BAHIA FACIBA NOME ALTERADO POR SOLICITACAO DO MEC;0
3624;PUC MINAS ARCOS;0
3625;FACULDADE DO COMPLEXO EDUCACIONAL SANTO ANDRE;1
3626;FACULDADE BRASILEIRA DE EDUCACAO E NEGOCIOS;0
3627;FACULDADE DE TECNOLOGIA BARAO DO RIO BRANCO;0
3628;FACULDADADE TEOLOGICA REFORMADA FTR;0
3629;FACULDADADE TEOLOGICA REFORMADA FTR;0
3630;FACULDADE INTEGRADA DE ADMINISTRACAO PUBLICA DE PAULO AFONSO;0
3631;FACULDADE DAMAS DA INSTRUCAO CRISTA;1
3632;FACULDADE INTEGRADA DE ADMINISTRACAO PUBLICA DE ITABERABA;0
3633;FACULDADE INTEGRADA DE ADMINISTRACAO PUBLICA DE CAMPO FORMOSO;0
3634;FACULDADE INTEGRADA DE ADMINISTRACAO PUBLICA DE BOM JESUS DA LAPA;0
3635;FACULDADE INTEGRADA DE ADMINISTRACAO PUBLICA DE SANTA MARIA DA VITORIA;0
3636;FACULDADE INTEGRADA DE ADMINISTRACAO PUBLICA DE SENHOR DO BONFIM;0
3637;FACULDADE INTEGRADA DE ADMINISTRACAO PUBLICA DE RIBEIRA DO POMBAL;0
3638;FACULDADE INTEGRADA DE ADMINISTRACAO PUBLICA DE ILHEUS;0
3639;FACULDADE DE DIREITO DO INSTITUTO DE ENSINO SUPERIOR DO CIRCUITO DO OURO FDINESO;0
3640;FACULDADE DE CIENCIAS ECONOMICAS DE JEQUIE;0
3641;CENTRO UNIVERSITARIO DA FUNDACAO EDUCACIONAL DE BARRETOS;1
3642;FACULDADE INTEGRADA DE PERNAMBUCO SURUBIM FACIPE SURUBIM;0
3643;FACULDADES INTEGRADAS DO RIO GRANDE DO NORTE FANORTES;0
3644;FACULDADE CAICOENSE SANTA TERESINHA;1
3645;FACULDADE CATOLICA SANTA TERESINHA CADASTRADA INDEVIDAMENTE;0
3646;FACULDADE DE TECNOLOGIA DE OURO FINO;0
3647;FACULDADE DE TECNOLOGIA MARISTA;0
3648;INSTITUTO DE ENSINO SUPERIOR DE CUIABA;1
3649;CENTRO UNIVERSITARIO CIDADE VERDE;1
3650;INSTITUTO SUPERIOR DE EDUCACAO GREGORIANO ISEG;0
3651;FACULDADE DAS AGUAS QUENTES FAQ;0
3652;FACULDADE PRESBITERIANA SAMUEL GRAHAM;0
3653;FACULDADE PRESBITERIANA SAMUEL GRAHAM;0
3654;FACULDADE DE CIENCIAS COMUNICACOES E TECNOLOGIAS DE FLORESTA;0
3655;FACULDADE DE JANAUBA FAJAN;0
3656;FACULDADE NOVA TRINDADE;0
3657;FACPRISMA FACULDADE DE ENSINO SUPERIOR;1
3658;FACULDADE UIRAPURU;0
3659;FACULDADE DE CIENCIAS COMUNICACAO E TECNOLOGIA DE SALGUEIRO FACTS;0
3660;INSTITUTO SUPERIOR DE EDUCACAO DE SALGUEIRO;0
3662;FACULDADE EVANGELICA LOGOS;0
3663;FACULDADE FORTIUM DE BRASILIA;0
3664;INSTITUTO SUPERIOR DE EDUCACAO DE VARGEM GRANDE DO SUL;0
3665;FACULDADE DE JOACABA FJ;0
3666;FACULDADE DE ADMINISTRACAO DA AERONAUTCA;0
3667;FACULDADE FILADELFIA;0
3668;FACULDADE DE ENFERMAGEM E ADMINISTRACAO DE JATAI FEAJ;0
3669;FACULDADE DOM PEDRO II AFYA;1
3670;FACULDADE DE CRICIUMA FACRI;0
3671;FACULDADE INTERDISCIPLINAR DE BLUMENAU;0
3672;FACULDADE DE CAMPOS NOVOS FACAN;0
3673;FACULDADE PREMIER;0
3674;INSTITUTO NORMAL SUPERIOR FBV;0
3675;SINAL FACULDADE DE CIENCIAS HUMANAS E SOCIAIS;0
3676;FACULDADE DE TECNOLOGIA DO VALE DO RIBEIRA;0
3677;FACULDADE DE TECNOLOGIA DE ALTA PAULISTA;0
3678;FACULDADE DE TECNOLOGIA DO VALE DO ITAJAI;0
3679;INSTITUTO DE ENSINO SUPERIOR DE GARCA;0
3680;FACULDADE UNINTA FORTALEZA GESTAO E NEGOCIOS;1
3681;FACULDADES DE GARANHUNS;0
3682;INSTITUTO SUPERIOR DE EDUCACAO DO MUNICIPIO DE ITAPERUNA;1
3683;FACULDADE UNILAGOS;0
3684;FUNDACAO DE ENSINO SUPERIOR DE CLEVELANDIA;0
3685;FACULDADE DA POLI;0
3686;FADITU FACULDADE DE DIREITO DE ITU;0
3687;FACULDADES INTEGRADAS DE JACAREI;0
3688;FACULDADES INTEGRADAS DO VALE DO IVAI;1
3689;FACULDADE PEDRO JULIAO;0
3690;FACULDADE PEDRO II;1
3691;FACULDADE DE TECNOLOGIA TUPY DE SAO BENTO DO SUL;1
3692;FACULDADE DE TECNOLOGIA IPEP DE CAMPINAS;1
3693;FACULDADE DE TECNOLOGIA IPEP DE SAO PAULO;0
3694;FACULDADE DE TECNOLOGIA ESTACIO DE SA DE SANTA CATARINA;0
3695;FACULDADE DE TECNOLOGIA ESTACIO DE SA DE OURINHOS;0
3696;FACULDADE DE TECNOLOGIA DE JOINVILLE;0
3697;FACULDADE FAMERCOSUL;1
3698;PORTAL FACULDADES;0
3699;FACULDADE ECOAR;0
3700;FACULDADE DE CIENCIAS JURIDICAS DE PORTO VELHO;0
3701;FACULDADE DE CIENCIAS GERENCIAIS DE TEOFILO OTONI;0
3702;FACULDADES ELO;0
3703;INSTITUTO SUPERIOR DE ADMINISTRACAO E NEGOCIOS DE CURITIBA;0
3704;FACULDADE DO ALTO PARNAIBA FAP;0
3705;FACULDADE KHALIL LTDA;0
3706;FACULDADE REGIONAL DE POJUCA;0
3707;FACULDADE INTEGRADAS DO MORENO FIAM;0
3708;FACULDADE INTEGRAL DO RIO GRANDE DO NORTE;0
3709;INSTUTO DE ENSINO SUPERIOR SAO LUCAS;0
3710;ESCOLA SUPERIOR NACIONAL DE SEGUROS;1
3711;FACULDADE CENTRAL DE CRISTALINA;0
3712;FACULDADE VITORIA;0
3713;INSTITUTO DE TEOLOGIA E PASTORAL;0
3714;INSTITUTO TATUIANO DE ENSINO SUPERIOR ITES;0
3715;FACULDADE METROPOLITANA DE SAO PAULO;0
3716;FACULDADE CIENCIAS DA VIDA;1
3717;FACULDADE CULTURAL ANJAGUNA;0
3718;FACULDADE DE CIENCIAS HUMANAS JULIO GOMES;0
3719;FACULDADE DE CORACAO DE JESUS FADECOR;0
3720;FACULDADE PORTO REAL;0
3721;FACULDADE OLIVEIRA TELLES;0
3722;FACULDADE DE CIENCIAS MEDICAS INTEGRADAS;0
3723;FACULDADE NACIONAL POLICURSOS;0
3724;FACULDADE MARANHENSE SAO JOSE DOS COCAIS;1
3725;FACULDADE INTEGRADA DE ADMINISTRACAO PUBLICA DE ITAMARAJU;0
3726;FACULDADE INTEGRADA DE ADMINISTRACAO PUBLICA DE JEQUIE;0
3727;FACULDADE INTEGRADA DE ADMINISTRACAO PUBLICA DE EUCLIDES DA CUNHA;0
3728;FACULDADE INTEGRADA DE ADMINISTRACAO PUBLICA DE FEIRA DE SANTANA;0
3729;FACULDADE INTEGRADA DE ADMINISTRACAO PUBLICA DE GUANAMBI;0
3730;FACULDADE INTEGRADA DE ADMINISTRACAO PUBLICA DE CAMACARI;0
3731;FACULDADE INTEGRADA DE ADMINISTRACAO PUBLICA DE BRUMADO;0
3732;FACULDADE INTEGRADA DE ADMINISTRACAO PUBLICA DE VITORIA DA CONQUISTA;0
3733;FACULDADE INTEGRADA DE ADMINISTRACAO PUBLICA DE JUAZEIRO;0
3734;FACULDADE INTEGRADA DE ADMINISTRACAO PUBLICA DE SERRINHA;0
3735;FACULDADE INTEGRADA DE ADMINISTRACAO PUBLICA DE EUNAPOLIS;0
3736;FACULDADE INTEGRADA DE ADMINISTRACAO PUBLICA DE PILAO ARCADO;0
3737;FACULDADE INTEGRADA DE ADMINISTRACAO PUBLICA DE PORTO SEGURO;0
3738;FACULDADE DE EDUCACAO CIENCIAS E LETRAS DO NOROESTE DO CEARA;0
3739;FACULDADE ASSOCIACAO HOSPITALAR DE ILHA SOLTEIRA FACISA;0
3740;FACULDADE DE MEDICINA DE BOTUCATU;0
3741;FACULDADE PITAGORAS BACABAL MEARIM;1
3742;FACULDADES DE CIENCIAS E TECNOLOGIA DA AMAZONIA;0
3743;FACULDADE DE JACAREI;0
3744;FACULDADE CETEP;0
3745;INSTITUTO SUPERIOR SEJA;0
3746;FACULDADE IBRA DA GRANDE SAO PAULO;1
3747;FACULDADE METROPOLITANA DE BRASILIA;0
3748;FACULDADE DE TECNOLOGIA THEREZA PORTO MARQUES;0
3749;FACULDADE BRASILIA DE SAO PAULO;0
3750;FACULDADE DE TECNOLOGIA DO PARA;0
3751;FACULDADE DE TECNOLOGIA DO CEARA;0
3752;FACULDADE DE TECNOLOGIA CONTEC;0
3753;FACULDADES INTEGRADAS DOM PEDRO II;0
3754;FACULDADE ADVENTISTA DE MINAS GERAIS;1
3755;FACULDADE EM AUTOCONHECIMENTO;0
3756;FACULDADE ALFAUNIPAC DE ALMENARA;1
3757;FACULDADE SERRA DA MESA;1
3758;FACULDADE UNISUL DE FLORIANOPOLIS;1
3759;INSTITUTO SUPERIOR TUPY DE SAO BENTO DO SUL;0
3760;FACULDADE ITABORAI;0
3761;FACULDADE MONSENHOR JOSE SINFRONIO;0
3762;FACULDADE DE TECNOLOGIA MILENIO;0
3763;FACULDADE DO INTERIOR PAULISTA DE TANABI;0
3764;CENTRO DE EDUCACAO SUPERIOR DE POUSO ALEGRE;0
3765;FACULDADE SANTO AGOSTINHO DE SANTA VITORIA FASAV;0
3766;INSTITUTO SUPERIOR DE EDUCACAO SANTO AGOSTINHO DE SANTA VITORIA ISAV;0
3767;FACULDADE DE EDUCACAO CIENCIAS E TECNOLOGIA;0
3768;FACULDADE IBGEN;1
3769;FACULDADE MADRE TEREZA;1
3770;FACULDADE TEOLOGICA BATISTA DE SAO PAULO;1
3771;FACULDADE DE TURISMO E ADMINISTRACAO;0
3772;FACULDADE DE TECNOLOGIA PASTOR DOHMS;0
3773;FACULDADE PAULIPOLITANA;0
3774;FACULDADE SAO TOMAZ DE AQUINO;0
3775;INSTITUTO UVB.BR;0
3776;INSTITUTO DE ENSINO SUPERIOR DE MATO GROSSO;0
3777;FACULDADE CURITIBANA;1
3778;FACULDADE DE ARACAJU;1
3779;CENTRO UNIVERSITARIO ESTACIO DE SANTO ANDRE;1
3780;FACULDADE DE TECNOLOGIA IMPACTA;0
3781;FACULDADE DE TECNOLOGIA DE JARAGUA DO SUL;0
3782;FACULDADE DE TECNOLOGIA CACHOEIRO DE ITAPEMIRIM;1
3783;FACULDADE PARAENSE DE ENSINO;1
3784;INSTITUTO DE ENSINO SUPERIOR DO RIO GRANDE DO NORTE;0
3785;INSTITUTO MARANHENSE DE ENSINO E CULTURA;1
3786;FACULDADE DE ENSINO DE MINAS GERAIS;1
3787;FACULDADE DE ENSINO SUPERIOR DA AMAZONIA;1
3788;FACULDADE JUIZ DE FORA;0
3789;FACULDADE EVANGELICA DE GOIANESIA;1
3790;FACULDADE DE TECNOLOGIA ENSITEC;0
3791;FACULDADE DE MEDICINA DO VALE DO ACO;0
3792;FACULDADE DE TECNOLOGIA DO ITAJAIMIRIM;0
3793;FACULDADE DE FRUTAL;0
3794;FACULDADE DE TECNOLOGIA DE MINAS GERAIS;0
3795;CENTRO DE EDUCACAO SUPERIOR TECNOLOGICA DA TERRA PAULISTA;0
3796;CENTRO DE ENSINO SUPERIOR DO ESTADO DO PIAUI;0
3797;CENTRO UNIVERSITARIO GUAIRACA;1
3798;FACULDADE DE TEOLOGIA DE MINAS GERAIS;0
3799;INSTITUTO SUPERIOR DE EDUCACAO E CIENCIAS DA SAUDE;0
3800;INSTITUTO DE EDUCACAO E CULTURA VALE DO IPANEMA;0
3801;CENTRO UNIVERSITARIO ZEN;0
3802;CENTRO DE EDUCACAO TECNOLOGICA DO INTERIOR PAULISTA;0
3803;FACULDADE DE JAU;0
3804;CENTRO UNIVERSITARIO SENAC RS;1
3805;FACULDADE DE TECNOLOGIA DA PARAIBA;1
3806;FACULDADE DE TECNOLOGIA DE RORAIMA;0
3807;FACULDADE DE TECNOLOGIA IAPEC;0
3808;FACULDADE DE ENSINO FACTUAL;0
3809;INSTITUTO SUPERIOR DE EDUCACAO TEOLOGICA DO AMAZONAS;0
3810;NUCLEO DE CIENCIAS FIORAVANTI DI PIERO;0
3811;CENTRO DE ESTUDOS EM NEGOCIOS INTERNACIONAIS;0
3812;FACULDADES PARA O DESENVOLVIMENTO SUSTENTAVEL DO SUL DA BAHIA FADESB;0
3813;FATECE FACULDADES DE TECNOLOGIA CIENCIAS E EDUCACAO;0
3814;FACULDADE PLANALTO DO BRASIL FPB;0
3815;FACULDADE DE DIREITO DE ALTA FLORESTA;1
3816;FACULDADE SANTA MARIA GORETTI;0
3817;CENTRO UNIVERSITARIO MAURICIO DE NASSAU DE JOAO PESSOA;1
3818;FACULDADES EQUIPE LTDA;0
3819;FACULDADE DE ADMINISTRACAO DE EMPRESAS E GESTAO PUBLICA;0
3820;FACULDADE PETRONIO PORTELA;0
3821;FACULDADE SAO BOAVENTURA;0
3822;INSTITUTO DE EDUCACAO SUPERIOR DE POUSO ALEGRE;0
3823;INSTITUTO DE EDUCACAO SUPERIOR DE POUSO ALEGRE;1
3824;FACULDADE JOSE CANDIDO DE MELO CARVALHO;0
3825;FACULDADE CATOLICA RIO PRETENSE;0
3826;FACULDADE DE SALVADOR;0
3827;ESCOLA SUPERIOR DE CIENCIAS COMERCIAIS;0
3828;INSTITUTO SUPERIOR DE EDUCACAO DE TUPA;0
3829;CENTRO DE EDUCACAO SUPERIOR TECNOLOGICA DA TERRA PAULISTA CETERRA;0
3830;INSTITUTO CENTRO DE ENSINO TECNOLOGICO SOBRAL;0
3831;FACULDADE DE CIENCIAS CONTABEIS;0
3832;FACULDADE DE ZOOTECNIA;0
3833;FACULDADE DE ENGENHARIA FLORESTAL;0
3834;FACULDADE SANTA LUCIA PIRACICABA;0
3835;UNIVERSIDADE VIRTUAL DO ESTADO DO MARANHAO;1
3836;UNIVERSIDADE PAULISTA UNIP;0
3837;FACULDADE EVOLUCAO;1
3838;FACULDADE ESTACIO DE JOAO PESSOA ESTACIO DE JOAO PESSOA;1
3839;FACULDADE IPEMED DE CIENCIAS MEDICAS;1
3840;CENTRO UNIVERSITARIO FACVEST;1
3841;FACULDADE PITAGORAS DE ADMINISTRACAO SUPERIOR DE CURITIBA;0
3842;FACULDADE METROPOLITANA DE VITORIA;0
3843;FACULDADE CANDIDO MENDES DE ARARUAMA;0
3844;ESCOLA SUPERIOR DE CASTANHAL;0
3845;FACULDADE TAQUARITUBA;0
3846;FACULDADE DE CIENCIAS E CULTURA DA LIBERDADE;0
3847;FACULDADE BAIANA DE DIREITO E GESTAO;1
3848;FACULDADE GABRIELA GONCALVES;0
3849;FUNDACAO UNIVERSIDADE FEDERAL DO TOCANTINS;1
3850;FACULDADE CONTEMPORANEA UNC SALVADOR;0
3851;FACULDADE DO RECONCAVO UNR CRUZ DAS ALMAS;0
3852;FACULDADE DO RECONCAVO UNR CONCEICAO DO ALMEIDA;0
3853;CENTRO UNIVERSITARIO MAURICIO DE NASSAU DE NATAL;1
3854;FACULDADE IBRA DE BRASILIA;1
3855;FACULDADES INTERNACIONAIS SAN MARTIN DO BRASIL;0
3856;FACULDADE DE SANTO ANASTACIO;0
3857;FACULDADE GAUDIUM;0
3858;FACULDADE TOBIAS BARRETO DE MENEZES FATOB;0
3859;INSTITUTO SUPERIOR DE EDUCACAO TECNOLOGICA DO NORTE FLUMINENSE;0
3860;FACULDADE TRIUNFO;0
3861;FACULDADE DE TECNOLOGIA E NEGOCIOS CONTEMPORANEO FATEC;0
3862;FACULDADE LUCIANO FEIJAO;1
3863;FACULDADE COOPER1 DE GOIANIA;0
3864;CENTRO UNIVERSITARIO UNIRB ALAGOINHAS;1
3865;FACULDADES INTEGRADAS PADRE HUMBERTO;0
3866;FACULDADE BRASILEIRA DE EDUCACAO E CULTURA;1
3867;CENTRO UNIVERSITARIO MAUA DE BRASILIA;1
3868;INSTITUTO DE EDUCACAO SUPERIOR DO ALTO PARANAIBA;0
3869;INSTITUTO FLORENCE DE ENSINO SUPERIOR;1
3870;INSTITUTO DE ESTUDOS DE NEGOCIOS INTERNACIONAIS;0
3871;ESCOLA DE ADMINISTRACAO FAZENDARIA;0
3872;FACULDADE DE TECNOLOGIA SAO CARLOS;0
3873;FACULDADE DE TECNOLOGIA DE BRUMADO;0
3874;FACULDADE PROJECAO DE PLANALTINA;0
3875;CENTRO UNIVERSITARIO DA FUNDACAO EDUCACIONAL GUAXUPE;1
3876;FACULDADE UNYLEYA;1
3877;FACULDADE MAUA DE GOIAS;1
3878;FACULDADE DECISION DE NEGOCIOS;1
3879;CENTRO UNIVERSITARIO MAURICIO DE NASSAU DE CAMPINA GRANDE;1
3880;INSTITUTO SOCIAL DE EDUCACAO;0
3881;CENTRO UNIVERSITARIO FIS;1
3882;INSTITUTO DE ENSINO SUPERIOR DE FORMACAO PROFISSIONAL;0
3883;FACULDADE EVANGELICA LOGOS FAEL;0
3884;CESB CENTRO DE EDUCACAO SUPERIOR DA BAHIA;0
3885;FACULDADES INTEGRADAS DA TERRA PAULISTA FATERRA;0
3886;FACULDADE AGUA BOA;0
3887;FACULDADE DE CIENCIAS JURIDICAS E GERENCIAIS;0
3888;ESCOLA SUPERIOR DE ADMINISTRACAO E NEGOCIOS DE CURITIBA;0
3889;FACULDADE DE IGARAPAVA;0
3890;FACULDADE MARQUES GUIMARAES;0
3891;SOCIEDADE EDUCACIONAL ALBERTI TOLENTINO;0
3892;FACULDADE DE CIENCIAS SOCIAIS J G MELO;0
3894;UNIESP UNIAO DAS INSTITUICOES EDUCACIONAIS DO ESTADO DE SAO PAULO;0
3895;INSTITUTO DE EDUCACAO SUPERIOR ALBERTI TOLENTINO;0
3896;FACULDADE PAULISTA DE COMUNICACAO;1
3897;FACULDADE BUSCA VIDA;0
3898;SLCSA FACULDADE SANTA INES;0
3899;FACULDADE DE RIBEIRAO DAS NEVES;0
3901;FACULDADES PROEDUC;0
3902;FUNDACAO ESCOLA DO MINISTERIO PUBLICO DO ESTADO DO PARANA FEMPAR;0
3903;INFAMILIA INSTITUTO BRASILEIRO DE SAUDE DA FAMILIA;0
3904;FACULDADE DE CIENCIAS GERENCIAIS DE CATAGUASES;0
3905;FACULDADE DE DIREITO DOCTUM DE BELO HORIZONTE;0
3906;FACULDADE DE CIENCIAS AGRARIAS E DA TERRA DE TEOFILO OTONI;0
3907;FACULDADE DE SAPIRANGA;0
3908;FACOM FACULDADE COMUNITARIA DO BRASIL;0
3909;ISTITUTO DE ENSINO SUPERIOR PARAENSE;0
3910;INSTITUTO SUPERIOR DE EDUCACAO DE CATAGUASES;0
3911;FACULDADE DE TECNOLOGIA OXFORD DO BRASIL;0
3912;FACULDADE SUDOESTE PAULISTA BOTUCATU;0
3913;FACULDADE SUDOESTE PAULISTA TAQUARITUBA;0
3914;INSTITUTO SUPERIOR DE EDUCACAO DO VALE DO CAPIBARIBE;0
3915;INSTITUTO SUPERIOR DE EDUCACAO CARLOS JOEL;0
3916;FACULDADE DE CIENCIAS JURIDICAS E SOCIAIS DO PIAUI;0
3917;FACULDADE DE MERCADO AMPLO FAMA;0
3918;FACULDADE INTEGRADA EM CIENCIAS HUMANAS;0
3919;FACULDADE NOSSA SENHORA DO BOM CONSELHO;0
3920;FACULDADE DE TECNOLOGIA SENAI ROBERTO MANGE;1
3921;CENTRO UNIVERSITARIO ARNALDO HORACIO FERREIRA;1
3922;FACULDADE ARNALDO HORACIO FERREIRA;0
3923;FACULDADE SAO FRANCISCO;0
3924;FACULDADE DE IBIRACU;0
3925;FACULDADE DE TEOLOGIA DO BRASIL FATEB;0
3926;FACULDADE DE FILOSOFIA CIENCIAS E LETRAS DO ALTO SAO FRANCISCO;0
3927;FACULDADE DE CACERES;0
3928;FAESB FACULDADE DE ENSINO SUPERIOR DO BRASIL;0
3929;FACULDADES UNIDAS DE SETE LAGOAS;0
3930;INSTITUTO DE EDUCACAO SUPERIOR RAIMUNDO SA;1
3931;FACULDADE PRESBITERIANA ARMSTRONG;0
3932;FACULDADE DE EDUCACAO E TECNOLOGIA DE ITANHEM;0
3933;FACULDADE METODO DE SAO PAULO;1
3934;FACULDADE DA SAUDE;0
3935;FACULDADE DE EDUCACAO TEOLOGICA DO DISTRITO FEDERAL;0
3936;FACULDADE ANHANGUERA DE LIMEIRA;0
3937;FACULDADE ANHANGUERA DE INDAIATUBA;1
3938;FACULDADE DO NORTE DO MATO GROSSO DO SUL FANOR;0
3939;FACULDADE ALIANCA DE ITABERAI;1
3940;FACULDADE DE ENSINO SUPERIOR SANTA BARBARA;1
3941;FACULDADE COMUNITARIA DE SANTA BARBARA;0
3942;FACULDADE COMUNITARIA DE BAURU;0
3943;FASC TB FACULDADES ASSOCIADAS DE SC DE TUBARAO;0
3944;FACULDADE DE CIENCIAS DA SAUDE;0
3945;INSTITUTO DE EDUCACAO EXECUTIVA CATHO;0
3946;FACULDADE SENAC TUBARAO;1
3947;FACULDADE SENAC CHAPECO;1
3948;FACULDADE SENAC BLUMENAU;1
3949;CENTRO DE EDUCACAO SUPERIOR TECNOLOGICA DA TERRA PAULISTA CETERRA;0
3950;CENTRO DE CIENCIAS ETECNOLOGIA DETERESINA;0
3951;FACULDADE DE TECNOLOGIA LUIZ ADELAR SCHEUER;0
3952;FACULDADE VILAVELHENSE;0
3953;FACULDADE DE ODONTOLOGIA;0
3954;FACULDADE EDUCACIONAL JURIDICA E GERENCIAL DE OLIVEIRA;1
3955;FACULDADES INTEGRADAS DE CATAGUASES;0
3956;ASSOCIACAO EDUCACIONAL CENTRAL DE CRISTALINA;0
3957;INSTITUTO SUPERIOR DE EDUCACAO;0
3958;FACULDADE TECNOLOGICA DE MARILIA;0
3959;FACULDADE TECNOLOGICA AMERICA DO SUL;0
3960;FACULDADE TECNOLOGICA DE BIRIGUI;0
3961;FACULDADE DE TECNOLOGIA SANTA RITA DE CASSIA;0
3962;UNIVERSIDADE SENAI CIMATEC;1
3963;INSTITUTO SUPERIOR DE EDUCACAO CARLOS CHAGAS;0
3964;FACULDADE DE TECNOLOGIA PADRE ANCHIETA;0
3965;FACULDADE DE TECNOLOGIA ENG MARCELO SILVA GUIMARAES;0
3966;CENTRO UNIVERSITARIO DE CARATINGA;1
3967;INSTITUTO SUPERIOR DE EDUCACAO DE RORAIMA;0
3968;INSTITUTO SUPERIOR DE EDUCACAO DE RORAINOPOLIS;0
3969;INSTITUTO SUPERIOR DE SEGURANCA E CIDADANIA DE RORAIMA;0
3970;INSTITUTO SUPERIOR DE EDUCACAO DE PARAISOPOLIS;0
3971;INSTITUTO DE ENSINO SUPERIOR DE PORTO NACIONAL;0
3972;CENTRO SUPERIOR DE ENSINO E PESQUISA DE MACHADO;1
3973;FACULDADE DE TECNOLOGIA BANDEIRANTES;0
3974;UNIVERSIDADE DE RIO VERDE;1
3975;FACULDADE SAO FRANCISCO DE PIUMHI;0
3976;INSTITUTO SUPERIOR DE CIENCIAS HUMANAS E SOCIAIS APLICADAS DE ABAETE;0
3977;FACULDADE DE TECNOLOGIA DO AMAPA;1
3978;FACULDADE DE TECNOLOGIA PENTAGONO;1
3979;FACULDADE DE BAURU;0
3980;FACULDADE CCI;1
3981;FACULDADE DE CURITIBA;0
3982;FACULDADE DE TECNOLOGIA FAMEG FAMETEC;0
3983;CENTRO UNIVERSITARIO DE FORMIGA;1
3984;FUNDACAO UNIVERSIDADE FEDERAL DO VALE DO SAO FRANCISCO;1
3985;CENTRO UNIVERSITARIO SENAC;1
3986;FACULDADE INSTITUTO SUPERIOR DE EDUCACAO DO PARANA FAINSEP;1
3987;CENTRO UNIVERSITARIO GOYAZES;1
3988;FACULDADE UNIAO DE GOYAZES;0
3989;FACULDADE DE TECNOLOGIA DE JOAO PESSOA;0
3990;FACULDADE SAO BERNARDO DE TECNOLOGIA;0
3991;FACULDADE DE TECNOLOGIA SAO MATEUS;0
3992;FACULDADE JK PLANO PILOTO;0
3993;FACULDADE DE TECNOLOGIA CETEP;0
3994;FACULDADE DE TECNOLOGIA LATINO AMERICANO DE ANAPOLIS;0
3995;FACULDADE EVANGELICA CRISTO REI;0
3996;FACULDADE SENAC PERNAMBUCO;1
3997;FACULDADES DE JI PARANA;0
3998;INSTITUTO INFNET RIO DE JANEIRO;1
3999;CENTRO DE ENSINO SUPERIOR TECNOLOGICO DO INTERIOR PAULISTA;0
4000;FACULDADE DE ENSINO SUPERIOR DO INTERIOR PAULISTA;1
4001;FACULDADE DE ENSINO SUPERIOR DE UBERLANDIA;0
4002;INSTITUTO DE ENSINO SUPERIOR DA PARAIBA;0
4003;FACULDADE CENTRO OESTE;0
4004;FACULDADE CENECISTA DE ITUBERA;0
4005;FACULDADE CENECISTA DE SENHOR DO BONFIM;0
4006;FACULDADE DE TECNOLOGIA SENAC PELOTAS;1
4007;FATECE FACULDADE DE TECNOLOGIA CIENCIAS E EDUCACAO;1
4008;FACULDADE DE TECNOLOGIA SENAC PASSO FUNDO;0
4009;FACULDADE DE TECNOLOGIA ESTACIO DE CURITIBA;1
4010;CENTRO UNIVERSITARIO METODISTA;1
4011;UNI DORINHA FACULDADE DE CIENCIAS E TECNOLOGIA DE DORINHA;0
4012;UNI METROPOLITANA FACULDADES DE CIENCIAS HUMANAS E DE BIOTECNOLOGIA DA SAUDE;0
4013;FACULDADE ANHANGUERA DE RIO CLARO;1
4014;FACULDADE ASSOCIADA PAULISTA FAP;0
4015;FACULDADE DE TECNOLOGIA IBTA RIO DE JANEIRO;0
4016;INSTITUTO NACIONAL DE EDUCACAO DE SURDOS;1
4017;CENTRO UNIVERSITARIO PADRE ANCHIETA;1
4018;FACULDADE GAT DE GESTAO;0
4019;CENTRO DE EDUCACAO TECNOLOGIA RUI BARBOSA CETERB;0
4020;FACULDADE DE TECNOLOGIA DE BOTUCATU;1
4021;FACULDADE DE TECNOLOGIA DE GARCA;1
4022;FACULDADE DE TECNOLOGIA DE JUNDIAI;1
4023;FACULDADE DE TECNOLOGIA DE MAUA;1
4024;FACULDADE DE TECNOLOGIA DE MOCOCA;1
4025;FACULDADE DE TECNOLOGIA DE SAO JOSE DO RIO PRETO;1
4026;FACULDADE DE TECNOLOGIA ZONA LESTE;1
4027;INSTITUTO SUPERIOR DE ENSINO DE SAO PAULO;0
4028;FACULDADE DE ITAPECERICA DA SERRA;0
4029;FACULDADE DE SANTA BARBARA D'OESTE;1
4030;CENTRO UNIVERSITARIO FLUMINENSE;1
4031;INSTITUTO DE ENSINO SUPERIOR PROFESSORA ALMEIDA CESPMA;0
4032;FACULDADE DE CIENCIAS E TECNOLOGIA DE PAULISTA FACIT;0
4033;FACULDADE DE TECNOLOGIA FABRAI;0
4034;ASSOCIACAO EDUCACIONAL;0
4035;FACULDADE MAUA FAMA;0
4036;FACULDADE DE TECNOLOGIA DE CATALAO;0
4037;CENTRO UNIVERSITARIO ANHANGUERA DE FORTALEZA;1
4038;FACULDADE DE TECNOLOGIA CONSULTIME;0
4039;FACULDADE UNILIVRE;0
4040;ESCOLA AGROTECNICA FEDERAL DE UBERLANDIA;0
4041;FACULDADE DE IRARA FAIR;0
4042;FACULDADE JK BRASILIA RECANTO DAS EMAS;1
4043;FACULDADE TECNOLOGIA EDUVALE AVARE;0
4044;FACULDADE TECNOLOGIA EXPERT;0
4045;CENTRO UNIVERSITARIO UNICURITIBA;1
4046;ESCOLA FIEMG DE LIDERES EMPRESARIAIS;0
4047;FACULDADE TECNOLOGIA IBTA BELO HORIZONTE;0
4048;FCC FACULDADE CATOLICA DO CARIRI;0
4049;FACULDADE TEOLOGICA DA ASSEMBLEIA DE DEUS EM CURITIBA FATADC;0
4050;FAESP FACULDADE DE ENSINO SUPERIOR E PROFISSIONALIZANTE;0
4051;FACULDADE SILVIO ROMERO;0
4052;INSTITUTO BONDESPACHENSE PRESIDENTE ANTONIO CARLOS;0
4053;FACULDADE SKEMA BUSINESS SCHOOL;1
4054;INSTITUTO UNIFICADO DE ENSINO SUPERIOR OBJETIVO IUESO;0
4055;INSTITUTO BIBLICO DAS ASSEMBLEIAS DE DEUS DO ESTADO DO PARANA IBADEP;0
4057;FACISA FACULDADE DE CIENCIA DA SAUDE;0
4058;FACULDADE IPE;0
4059;FACULDADE DE SAUDE CIENCIAS E TECNOLOGIA FACESB;1
4060;CENTRO DE EDUCACAO TECNOLOGICA CENECISTA DE RIO NEGRINHO;0
4061;FACULDADE DE TECNOLOGIA DE BRASILIA;0
4062;FACULDADE ATHENIENSSE;0
4064;FACULDADE DE TECNOLOGIA FAMA;0
4065;FACULDADE DE TECNOLOGIA DO INSTITUTO BANDEIRANTE DE EDUCACAO E CULTURA;0
4066;FACULDADE BATISTA DO ESTADO DO RIO DE JANEIRO FABERJ;1
4067;FACIT FACULDADE INDEPENDENTE DE ITAPETINGA;0
4068;FACULDADE ICESP;1
4069;FACULDADE HORIZONTES;0
4070;ESCOLA AGROTECNICA FEDERAL DE SALINAS;0
4071;ESCOLA AGROTECNICA FEDERAL DE INCONFIDENTES;0
4072;ESCOLA AGROTECNICA FEDERAL DE IGUATU;0
4073;FACULDADE DE TECNOLOGIA IPIRANGA;0
4074;FACULDADE DELTA;0
4076;FACULDADE DE TECNOLOGIA PREVE;0
4077;FACULDADE QI BRASIL;1
4078;FACULDADE METROPOLITANA DE FORTALEZA;0
4079;FACULDADE TECNOLOGICA INAP;1
4080;FACULDADE DE PRUDENTOPOLIS;0
4081;FATEG FACULDADE DE TECNOLOGIA GALVAO;0
4082;IBEC INSTITUTO BRASILEIRO DE EDUCACAO SUPERIOR CONTINUADA;0
4083;MATEC CENTRO DE ENSINO TECNOLOGICO DO MARANHAO;0
4084;INSTITUTO DE ENSINO SUPERIOR DOS MILITARES;0
4085;FACULDADE ANCHIETA DE EDUCACAO A DISTANCIA;0
4086;FACULDADE DE TECNOLOGIA JARDIM;1
4087;FACULDADE DE EDUCACAO TECNOLOGICA FET DA CDL DE SOBRAL;0
4088;FACULDADE DE TECNOLOGIA DO INSTITUTO EDUCACIONAL PROFISSIONALIZANTE DE JALES;0
4089;FACULDADE DE SIDROLANDIA;0
4090;FACULDADE FLORIDA;1
4091;FACULDADE DE TECNOLOGIA AD1;0
4092;FACULDADE DE TECNOLOGIA PEDRO ROGERIO GARCIA;0
4093;CENTRO UNIVERSITARIO DE TECNOLOGIA DE CURITIBA;1
4094;FACULDADE ESTACIO DA PARAIBA;1
4095;FACULDADE DE TECNOLOGIA E CIENCIAS DO DISTRITO FEDERAL;0
4096;FACULDADE DE TECNOLOGIA FTEC DE PORTO ALEGRE;1
4097;CENTRO UNIVERSITARIO UNIFTEC BENTO GONCALVES;1
4098;INSTITUTO FEDERAL DE EDUCACAO CIENCIA E TECNOLOGIA FARROUPILHA;1
4099;ESCOLA AGROTECNICA FEDERAL DE BARBACENA;0
4100;FACULDADE DE TECNOLOGIA SENAI ITALO BOLOGNA;1
4101;FACULDADE DE TECNOLOGIA SENAI DE DESENVOLVIMENTO GERENCIAL;1
4102;FACULDADE DE TECNOLOGIA IBRATEC DE MACEIO;0
4103;FACULDADE METROPOLITANA;0
4104;ESCOLA SUPERIOR DE ENGENHARIA E GESTAO DE SAO PAULO ESEG;1
4105;FACULDADES COSTA BRAGA;0
4106;FAQ FACULDADE QUINZE;0
4107;FACULDADE DE TECNOLOGIA SENAI PORTO ALEGRE;1
4108;INSTITUTO CATOLICO DE ESTUDOS SUPERIORES DO PIAUI;1
4109;FACULDADE DE SAUDE E MEDICINA;0
4110;FACULDADE DE CIENCIAS GERENCIAIS DE GUARAPARI;0
4111;ESCOLA SUPERIOR DE ADMINISTRACAO MARKETING E COMUNICACAO DE FORTALEZA;0
4112;FACULDADE TECNOLOGICA FILADELFIA;0
4113;FACULDADE EVANGELICA DE CERES;1
4114;FACULDADE TEOLOGICA CRISTA DO BRASIL;0
4116;FACULDADE MAURICIO DE NASSAU JABOATAO;0
4117;FACULDADE MAURICIO DE NASSAU MACEIO;0
4118;CENTRO UNIVERSITARIO MAURICIO DE NASSAU PAULISTA;1
4119;FACULDADE MAURICIO DE NASSAU GARANHUNS;0
4120;FACULDADE MAURICIO DE NASSAU CARUARU;0
4121;CENTRO UNIVERSITARIO MAURICIO DE NASSAU DE ARACAJU;1
4122;CENTRO DE EDUCACAO TECNOCNOLOGICA RUI BARBOSA CETRB;0
4123;FACULDADE DE GESTAO E INOVACAO;1
4124;FACULDADE DOM HEITOR SALES;0
4125;FACULDADE BATISTA IDA NELSON;0
4126;FACULDADE DE CIENCIAS SOCIAIS APLICADAS E DE TECNOLOGIAS DE AGUA BOA;1
4127;ISEF INSTITUTO SUPERIOR DE EDUCACAO CENECISTA DE FARROUPILHA;0
4128;INSTITUTO DE EDUCACAO SUPERIOR DO PIAUI IESPI;0
4129;FACULDADE JOSE DE ANCHIETA;0
4130;FACULDADE DE TECNOLOGIA DE CIENCIAS HOLISTICAS;0
4131;FACULDADE DO DELTA DO PARNAIBA;0
4132;FACULDADE DE COLORADO FAC;0
4133;FACULDADE DE EDUCACAO TECNOLOGICA SANTA GEMA;0
4134;INEJ INSTITUTO NACIONAL DE ESTUDOS JURIDICOS;0
4135;FACULDADE UNINORTE;1
4136;FACULDADE CANDIDO RONDON DE RONDONOPOLIS;0
4137;INSTITUTO EVANGELICO SUPERIOR DE EDUCACAO CRISTO REI;0
4138;FACULDADE ANHANGUERA DE SANTA BARBARA;1
4139;FACULDADE COMUNITARIA DE SAO PAULO;0
4140;FACULDADE COMUNITARIA DE SAO JOSE DOS CAMPOS;0
4141;FACULDADE ANHANGUERA DE TAUBATE;1
4142;FACULDADE UNIAO DE EDUCADORES E ESTUDANTES DO ENSINO SUPERIOR DE BRASILIA UNESB;0
4143;FACULDADE EVANGELICA SHALOM;0
4144;FACULDADE INTEGRADA GAMALIEL;0
4145;CENTRO NACIONAL DE EDUCACAO A DISTANCIA;0
4146;FACULDADE DE CIENCIAS JURIDICAS DE ALAGOAS;0
4147;FACULDADE TEOLOGICA DE UBERLANDIA;0
4148;FACULDADE DE TECNOLOGIA SENAI SAO JOSE;0
4149;FACULDADE DE TECNOLOGIA SENAI ITAJAI;0
4150;FACULDADE DE TECNOLOGIA DE PIRACICABA;1
4151;FACULDADE BOAVENTURA;0
4152;FACULDADE MAURICIO DE NASSAU JOAO PESSOA;0
4153;CENTRO UNIVERSITARIO MAURICIO DE NASSAU DERBY;1
4154;FACULDADE MAURICIO DE NASSAU CAMPINA GRANDE;0
4155;FACULDADE JOAQUIM NABUCO CAMARAGIBE;0
4156;FACULDADE TECNOLOGICA DE SOORETAMA;0
4157;FACULDADE METROPOLITANA DE RIO DO SUL;1
4158;FACULDADE EVANGELICA DO MEARIM;0
4159;FACULDADE PIRATININGA;0
4160;FACULDADE DE TECNOLOGIA DO CEARA;0
4161;INSTITUTO DE ENSINO SUPERIOR CAETANO VELOSO;0
4162;FACULDADE SENAC GOIAS;1
4163;CENTRO UNIVERSITARIO BARRIGA VERDE;1
4164;FACULDADE EXODUS;0
4165;FACULDADE POTENCIA;0
4166;FACULDADE UNIBRASILIA DE MINAS GERAIS;1
4167;INSTITUTO DE ENSINO SUPERIOR DA FUPESP;1
4168;INSTITUTO DE ENSINO SUPERIOR DO TOCANTINS;0
4169;FACULDADE ESTACIO DE CARAPICUIBA;1
4170;FACULDADE INTEGRADA SAO PEDRO;0
4171;ISAG INSTITUTO SUPERIOR DE ADMINISTRACAO E GESTAO;0
4172;CENTRO DE ENSINO SUPERIOR DO SERVIDOR PUBLICO MARANHENSE CESPMA;0
4173;FACULDADE JK DE TECNOLOGIA;1
4174;FACULDADE DE ADMINISTRACAO DE EMPRESAS DE ENERGIA;0
4175;INSTITUTO UNIFICADO EUROPEU DO BRASIL IUNEBRASIL;0
4176;FACULDADE DE MARILIA;0
4177;FACULDADE DE TECNOLOGIA DE SANTA MARIA;0
4178;FACULDADE EVILASIO FORMIGA;0
4179;FACULDADE NAZARENA DO BRASIL;0
4180;FACULDADE HERRERO;0
4182;FACULDADE PRESBITERIANA SIMONTON IPES;0
4183;FACULDADE PRESBITERIANA SIMONTON DE SAPEZAL IPES;0
4184;INSTITUTO SUPERIOR DE EDUCACAO DE SERRANA;0
4185;FACULDADE PERUIBE;1
4187;ISEFAJIPA INSTITUTO SUPERIOR DE EDUCACAO DE JI PARANA;0
4188;FACULDADE IAPEDEM ANAMACO;0
4189;INSTITUTO DE EDUCACAO SUPERIOR SAO JUDAS;0
4190;UNIFOS UNIVERSO DE FORMACAO TECNICA E SUPERIOR;0
4191;INSTITUTO SUPERIOR METROPOLITANA ISUME;0
4192;FACULDADE METROPOLITANA DE TERESINA FAMET;0
4193;INSTITUTO SUPERIOR DE EDUCACAO DO BRASIL ISEB;0
4194;FACULDADE DO ALTO TIETE FAAT;0
4195;FACULDADE PROFETA ABRAAO FAPA;0
4196;INSTITUTO BRASILEIRO ACADEMICO SOCIAL DE PESQUISAS E ENSINO IBRASPE;0
4197;CENTRO UNIVERSITARIO MAURICIO DE NASSAU TERESINA SUL;1
4198;FACULDADE MORGANA POTRICH;1
4199;FACULDADE JK BRASILIA RECANTO DAS EMAS II;0
4200;FACULDADE DE COMUNICACAO SOCIAL DE PASSOS;0
4201;FACULDADES DE EDUCACAO GESTAO E SAUDE UNIFUTURO FACULDADE UNIFUTURO;1
4202;FACULDADE ALFA FAAL;0
4203;FACULDADE ABERTA DO BRASIL UNIABRA;0
4204;FACULDADE DE TECNOLOGIA E CIENCIAS DE MINAS GERAIS;0
4205;ESCOLA SUPERIOR DO MINISTERIO PUBLICO DA UNIAO ESMPU;0
4206;INSTITUTO DE ENSINO SUPERIOR DE TAGUATINGA;0
4207;NAP ODONTO SC LTDA;0
4208;FACULDADE DE TECNOLOGIA MONTEIRO LOBATO;0
4209;FACULDADE DE TECNOLOGIA CESAR LATTES;0
4210;ESCOLA SUPERIOR DE ADMINISTRACAO MARKETING E COMUNICACAO DO MORUMBI;0
4211;FACULDADE ESAMC SAO PAULO ESAMC;1
4212;FACULDADE DE TECNOLOGIA DE POUSO ALEGRE;0
4213;FACULDADE DE CACAPAVA;0
4214;INSTITUTO SUPERIOR PAULO FREIRE;0
4215;FACULDADE DE SAO JOSE DOS CAMPOS;0
4216;INSTITUTO MOINHOS DE VENTO;0
4217;FACULDADE DE TECNOLOGIA INSTITUTO POLITECNICO DO PARANA UNIDADE CURITIBA;0
4218;FACULDADE PEDRO LEOPOLDO;1
4219;INSTITUTO SUPERIOR DE EDUCACAO PROFESSORA NAIR FORTES ABUMERHY;1
4220;FACULDADE DE CIENCIAS GERENCIAIS DE BICAS;0
4221;INSTITUTO SUPERIOR DE EDUCACAO DE BICAS;0
4222;INSTITUTO SUPERIOR DE EDUCACAO DE MATIAS BARBOSA;0
4223;FACULDADE SANTOS;0
4224;FACULDADE DE ITAPECIRICA FACITA;0
4225;FACULDADE DE TECNOLOGIA LUIZ ADELAR SCHEUER;0
4227;FACULDADE DE TECNOLOGIA SENAC PASSO FUNDO PASSO FUNDO RS;0
4228;INSTITUTO DE EDUCACAO SUPERIOR MISSOES;0
4229;FACULDADE PARANTINGA FAP;0
4230;FACULDADE TECNOLOGICA UNIVERSAL DE FORMACAO TECNICA E SUPERIOR;0
4233;INSTITUTO METROPOLITANO DE ENSINO SUPERIOR;0
4234;SOCIEDADE EVOLUCAO DE TECNOLOGIA E EDUCACAO;0
4235;FACULDADE TRIANGULO MINEIRO;0
4236;FACULDADES INTEGRADAS DE SERRANA;0
4237;CENTRO FEDERAL DE EDUCACAO TECNOLOGICA DO AMAZONAS;0
4239;FACULDADE NACIONAL DE RIO DO SUL;0
4241;FACULDADE DE CIENCIAS HUMANAS SOCIAIS E TECNOLOGICAS;0
4243;FACULDADE DE CIENCIAS GERENCIAIS DA BAHIA;0
4244;FACULDADE DE TECNOLOGIA ENSITEC;0
4245;FACULDADE DE TECNOLOGIA DA AMAZONIA;0
4246;PROGRAMA DE POS GRADUACAO LATO SENSU DA FUNDACAO UNIMED;0
4247;FACULDADE DE CIENCIAS HUMANAS E SOCIAIS SAO PAULO;0
4248;INSTITUTO DE ENSINO PESQUISA E POS GRADUACAO;0
4249;FACULDADE DE CIENCIAS DE ALAGOAS FACAL;0
4250;FACULDADE DE CIENCIAS GERENCIAIS ALVES FORTES (JUIZ DE FORA);0
4251;FACULDADE ANHANGUERA DE TECNOLOGIA DE BELO HORIZONTE;1
4252;FACULDADE DE TECNOLOGIA EXPOENTE;0
4253;ESCOLA AGROTECNICA FEDERAL DE CONCORDIA;0
4254;FACULDADES INTEGRADAS DA TERRA DE BRASILIA;0
4255;CENTRO UNIVERSITARIO MAURICIO DE NASSAU DE RONDONIA;1
4256;CENTRO UNIVERSITARIO FIPMOC;1
4257;INSTITUTO DE FILOSOFIA E TEOLOGIA DE GOIAS;1
4258;FACULDADE PURIFICACAO LTDA;0
4259;CENTRO UNIVERSITARIO MAIS;1
4260;FACULDADE DE TECNOLOGIA DE SAO LEOPOLDO;0
4261;FACULDADE CMB;1
4262;FACULDADE DE TECNOLOGIA IDESC;0
4263;FACULDADE ESPIRITA RAMATIS;0
4264;INSTITUTO FIGUEIREDO DE EDUCACAO;0
4265;UNEPPSI UNIDADE DE ENSINO E PESQUISA EM PSICOLOGIA E PSICANALISE;0
4266;INSTITUTO GUERRA BIAGI INGB;0
4267;INSTITUTO SUPERIOR DE EDUCACAO DA AMERICA LATINA ISAL;0
4268;FACULDADE ISAG;0
4269;SOCIEDADE BRASILEIRA DE EDUCACAO;0
4270;FACULDADE LIBERTAS;0
4271;INSTITUTO SUPERIOR EM CIENCIAS DA HUMANIDADE;0
4272;INSTITUTO MODAL LTDA;0
4273;INSTITUTO SUPERIOR DE EDUCACAO SEESB;0
4274;INSTITUTO TEOLOGICO DA ASSEMBLEIA DE DEUS;0
4275;INSTITUTO DE ENSINO E PESQUISA EM ADMINISTRACAO;0
4276;IETEC;0
4277;FACULDADE ESTACIO DO AMAZONAS ESTACIO AMAZONAS;1
4278;FACULDADE INTEGRADA SANTA RITA;0
4279;FACULDADE DE TECNOLOGIA INSTITUTO POLITECNICO DO PARANA UNIDADE GUARAPUAVA;0
4280;FACULDADE INTEGRADA CIDADE DE PATOS DE MINAS LTDA;0
4281;FACULDADE AMBIENTAL DO PARANA;0
4282;FACULDADE PARA O DESENVOLVIMENTO DO ESTADO DE SAO PAULO FADESP;0
4283;FACULDADE IASOCIAL;0
4284;FACULDADE SAO FRANCISCO;0
4285;FUNDACAO INSTITUTO DE ADMINISTRACAO;0
4286;FACULDADE PRATA FAP;0
4287;FACULDADE DE CIENCIAS HUMANAS E SOCIAIS DO XINGU E AMAZONIA;0
4288;UNIED TECNOLOGIA EDUCACIONAL;0
4289;FACULDADE DO VALE ELVIRA DAYRELL FAVED;1
4290;FACULDADE DE ARTES INTEGRADAS;0
4291;IEMS INSTITUTO EDUCACIONAL MORADA DA SERRA DO MUNICIPIO DE CUIABA MT;0
4292;ITECSS INSTITUTO TIRADENTES DE EDUCACAO EM CIENCIAS SOCIAIS E DA SAUDE;0
4293;FACULDADE DE TIETE;1
4294;FACULDADE SENAC JARAGUA DO SUL;1
4295;FACULDADE DE TECNOLOGIA SENAI CETIND;0
4296;INSTITUTO BRASILEIRO DE CIENCIAS CRIMINAIS;0
4297;CENTRO DE ESTUDOS PROF JOSE BELMIRO DE CASTRO MOREIRA;0
4298;ESCOLA DE APERFEICOAMENTO PROFISSIONAL;0
4299;ASSOCIACAO BRASILEIRA DE ODONTOLOGIA RS;0
4300;ASSOCIACAO BRASILEIRA DE ODONTOLOGIA SECCAO PARAIBA;0
4301;ESCOLA DE APERFEICOAMENTO PROFISSIONAL ABO DF;0
4302;ASSOCIACAO CATARINENSE DE ODONTOLOGIA ESPECIALIZADA;0
4303;SOCIEDADE DOS CIRURGIOES DENTISTAS DE PERNAMBUCO ABO PE;0
4304;ESCOLA DE APERFEICOAMENTO PROFISSIONAL DA ABO RO;0
4305;ASSOCIACAO BRASILEIRA DE ODONTOLOGIA ES RVV;0
4306;ESCOLA DE APERFEICOAMENTO PROFISSIONAL DA ASSOCIACAO BRASILEIRA DE ODONTOLOGIA REGIONAL POUSO ALEGRE;0
4307;ASSOCIACAO BRASILEIRA DE ODONTOLOGIA SECAO CEARA;0
4308;ASSOCIACAO BRASILEIRA DE ODONTOLOGIA SECCAO AMAPA;0
4309;ASSOCIACAO BRASILEIRA DE ODONTOLOGIA SECAO TOCANTINS;0
4310;UNIS MG;0
4311;ESCOLA DE APERFEICOAMENTO PROFISSIONAL ABO AL;0
4312;ASSOCIACAO BRASILEIRA DE ODONTOLOGIA SAO PAULO REGIONAL CAMPINAS;0
4313;ASSOCIACAO BRASILEIRA DE ODONTOLOGIA SAOPAULO REGIONAL BIRIGUI;0
4314;ASSOCIACAO BRASILEIRA DE ODONTOLOGIA SAO PAULO REGIONAL LINS;0
4315;FACULDADE DE TEOLOGIA E CIENCIAS DA RELIGIAO;0
4316;FACULDADE DE TECNOLOGIA SANTOS DUMONT;0
4317;ESCOLA DE APERFEICOAMENTO PROFISSIONAL;0
4318;ASSOCIACAO BRASILEIRA DE ODONTOLOGIA SAO PAULO REGIONAL BAURU;0
4319;CAP ABORJ CENTRO DE APERFEICOAMENTO PROFISSIONAL DA ABO RJ;0
4320;ESCOLA DE POS GRADUACAO ASSOCIACAO BRASILEIRA DE ODONTOLOGIA REGIONAL DE CASCAVEL PR;0
4321;IETEC INSTITUTO DE CIENCIA E TECNOLOGIA;0
4322;ESCOLA DE APERFEICOAMENTO PROFISSIONAL;0
4323;ASSOCIACAO BRASILEIRA DE ODONTOLOGIA REGIONAL CARIRI;0
4324;FACULDADE GONZAGA DE PELOTAS;0
4325;EAP ABO MURIAE;0
4326;ESCOLA DE APERFEICOAMENTO PROFISSIONAL ASSOCIACAO BRASILEIRA DE ODONTOLOGIA REGIONAL JUIZ DE FORA;0
4327;ESCOLA DE APERFEICOAMENTO PROFISSIONAL;0
4328;ESCOLA DE APERFEICOAMENTO PROFISSIONAL;0
4329;FACULDADE DO CENTRO EDUCACIONAL MINEIRO FACEM;1
4330;FACULDADE EFICAZ;1
4331;ASSOCIACAO BRASILEIRA DE ODONTOLOGIA SAO PAULO REGIONAL ARACATUBA;0
4332;ASSOCIACAO BRASILEIRA DE ODONTOLOGIA SAO PAULO REGIONAL GUARULHOS;0
4333;ASSOCIACAO BRASILEIRA DE ODONTOLOGIA SAO PAULO REGIONAL ARARAQUARA;0
4334;ASSOCIACAO BRASILEIRA DE ODONTOLOGIA SAO PAULO REGIONAL SERTAOZINHO;0
4335;ASSOCIACAO BRASILEIRA DE ODONTOLOGIA SAO PAULO REGIONAL SAO JOSE DOS CAMPOS;0
4336;ASSOCIACAO BRASILEIRA DE ODONTOLOGIA SAO PAULO REGIONAL RIBEIRAO PRETO;0
4337;ASSOCIACAO BRASILEIRA DE ODONTOLOGIA SAO PAULO REGIONAL PRESIDENTE PRUDENTE;0
4338;ASSOCIACAO BRASILEIRA DE ODONTOLOGIA SAO PAULO REGIONAL CATANDUVA;0
4339;ASSOCIACAO BRASILEIRA DE ODONTOLOGIA SAO PAULO REGIONAL VALE DO PARAIBA;0
4340;FACULDADE DE ENSINO SUPERIOR DE VALENCA;0
4341;ASSOCIACAO MARINGAENSE DE ODONTOLOGIA AMO ABO REGIONAL MARINGA PR;0
4342;FACULDADE STAR;0
4343;ESCOLA DE APERFEICOAMENTO PROFISSIONAL DA ABO MS;0
4344;ESCOLA DE APERFEICOAMENTO PROFISSIONAL DA ABO PI;0
4345;ESCOLA DE APERFEICOAMENTO PROFISSIONAL DA ABO BA;0
4346;FACULDADE DE ENSINO SUPERIOR DE MIGUEL ALVES;0
4347;FACULDADE SERRA DOS PIRINEUS DE EDUCACAO DE CIENCIAS APLICADAS;0
4348;FACULDADE DE COMUNICACAO TECNOLOGIA E CIENCIA FACTEC;0
4349;ABO REGIONAL SETE LAGOAS;0
4350;E A B ASSOCIACAO BRASILEIRA DE ODOTOLOGIA RJ D DE CAXIAS;0
4351;ASSOCIACAO BRASILEIRA DE ODONTOLOGIA SECAO SAO PAULO;0
4352;ASSOCIACAO BRASILEIRA DE ODONTOLOGIA REGIONAL OSASCO;0
4353;ASSOCIACAO BRASILEIRA DE ODONTOLOGIA SAO PAULO REGIONAL ABC;0
4354;AFISVEC;0
4355;FACULDADES INTEGRADAS OSWALDO CRUZ;1
4356;FACULDADE DE CIENCIAS SOCIAIS DOS PALMARES;1
4357;FACULDADE QUALITTAS;1
4358;INSTITUTO FEDERAL DE EDUCACAO CIENCIA E TECNOLOGIA DO SUL DE MINAS GERAIS;1
4359;ESCOLA AGROTECNICA FEDERAL DE SATUBA;0
4360;ESCOLA AGROTECNICA FEDERAL DE MACHADO;0
4361;FACULDADE DE CIENCIAS GERENCIAIS DE SANTA LUZIA MG FAGESA;0
4362;FACULDADE ANHANGUERA DE BETIM;1
4363;INSTITUTO SANTA MONICA DE ESTUDOS E PESQUISAS;0
4364;FACULDADE QUASAR;0
4365;FABS FACULDADE DE BOM SUCESSO;0
4366;EAP ESCOLA DE APERFEICOAMENTO PROFISSIONAL;0
4367;FACULDADE TERRA NORDESTE;1
4368;ESCOLA DE APERFEICOAMENTO PROFISSIONAL;0
4369;ESCOLA DE APERFEICOAMENTO PROFISSIONAL EAP ABO RN;0
4370;SANTA CASA DE MISERICORDIA DE PONTA GROSSA;0
4371;FACULDADE PADRE ANCHIETA DE CAJAMAR;0
4372;U E P UNIDADE DE ENSINO PROFISSIONAL;0
4373;FACULDADE DE EDUCACAO CIENCIA E TECNOLOGIA DE REDENCAO;0
4374;CURSO DE TEOLOGIA E PASTORAL;0
4375;UNC SALVADOR UNIDADE AVANCADA DE POS GRADUACAO;0
4376;IBEG POS GRADUACAO;0
4377;ESCOLA DE APERFEICOAMENTO PROFISSIONAL EAP;0
4378;NUCLEO DE ESTUDOS ORTODONTICOS MBT BRASIL;0
4379;ASSOCIACAO DE CIRURGIOES DENTISTAS DO ESTADO DE SAO PAULO;0
4380;CENTRO DE QUALIFICACAO ODONTOLOGICA;0
4381;ACADEMIA NORTE RIO GRANDENSE DE ODONTOLOGIA;0
4382;ASSOCIACAO BRASILEIRA DE ODONTOLOGIA REGIONAL PETROPOLIS;0
4383;ASSOCIACAO BRASILEIRA DE ODONTOLOGIA SECCAO DE GOIAS;0
4384;CESVIA FACULDADE DE VIAMAO;0
4386;ESAB ESCOLA SUPERIOR ABERTA DO BRASIL;0
4387;NETT ODONTO NUCLEO DE ESPECIALIZACAO TREINAMENTO E TRATAMENTO ODONTOLOGICO S C LTDA;0
4388;IPEC INSTITUTO PAULISTA DE EDUCACAO CONTINUADA LTDA;0
4389;FACULDADE INTEGRADA CARAJAS DE MARABA;0
4390;ESCOLA DE APERFEICOAMENTO PROFISSIONAL DA ASSOCIACAO BRASILEIRA DE ODONTOLOGIA SECCAO SERGIPE;0
4391;ESCOLA DE APERFEICOAMENTO PROFISSIONAL;0
4392;FATEC DE CONTAGEM;0
4393;INSTITUTO SUPERIOR DE CIENCIAS DO COMPORTAMENTO;0
4394;FACULDADE DE EDUCACAO FISICA DE ARAGUAINA;0
4395;FACULDADE DE DIREITO DE ARAGUAINA;0
4396;CENTRO UNIVERSITARIO DE MINEIROS;1
4397;ESCOLA SUPERIOR DE ENSINO DA SEICHO NO IE;0
4398;INSTITUTO SUPERIOR DE EDUCACAO DE GOIANA;1
4399;CENTRO UNIVERSITARIO DE BALSAS;1
4400;INSTITUTO DE ESTUDOS DA SAUDE POS GRADUACAO EM CIENCIAS DA SAUDE;0
4401;FACULDADE DE APIAI;0
4403;FACULDADE DA ACADEMIA MEMORIAL DE ENSINO SUPERIOR DE PERNAMBUCO;0
4404;INSTITUTO SEDES SAPIENTIAE;0
4405;ASSOCIACAO BRASILEIRA DE ODONTOLOGIA REGIONAL DE FOZ DO IGUACU;0
4406;ASSOCIACAO BRAS DE ODONTO SEC DE GOIAS SUB SEC DE JATAI;0
4407;FACULDADE DE ENSINO SUPERIOR DA TERRA PAULISTA FATERRA;0
4408;ESCOLA DE APERFEICOAMENTO PROFISSIONAL ABO RN REGIONAL MOSSORO;0
4409;ASSOCIACAO INSTITUTO DE FOMENTO EDUCACIONAL FENIX;0
4410;CRDA POS GRADUACOES;0
4411;CENTRO UNIVERSITARIO ESTACIO DE JIPARANA;1
4412;FACULDADE VALE DO ARAGUAIA;0
4413;ASSOCIACAO VITA CARE;0
4414;INSTITUTO SUPERIOR DE EDUCACAO VALE DO ARAGUAIA;0
4415;FSD FACULDADE SAO DOMINGOS;0
4416;FACULDADE JK UNIDADE I GAMA;1
4417;FACULDADE DE ENFERMAGEM DE BELO JARDIM;0
4418;FACULDADE SAO BERNARDO;0
4419;INSTITUTO DE PESQUISA E ENSINO EM SAUDE ANIMAL IPESA;0
4420;CENTRO UNIVERSITARIO AESO BARROS MELO;1
4421;FACULDADE DE TECNOLOGIA SENAI BELO HORIZONTE;0
4422;FACULDADE DE TECNOLOGIA DO ABC;0
4423;FACULDADE ADVENTISTA DE ENFERMAGEM DO NORDESTE;0
4424;LIBERTAS CLINICA ESCOLA;0
4425;FACULDADE CORPO MENTE;0
4426;ASSOCIACAO BRASILEIRA DE ODONTOLOGIA REGIONAL ANAPOLIS;0
4427;FACULDADE DAS CIENCIAS MULTIPLAS E DO MEIOAMBIENTE;0
4428;FACULDADE PROFESSOR MIGUEL ANGELO DA SILVA SANTOS;1
4429;CENTRO UNIVERSITARIO UNIGRAN CAPITAL;1
4430;ITAL INSTITUTO DE TECNOLOGIA DE ALIMENTOS;0
4431;FACULDADE DE ENFERMAGEM NOVA ESPERANCA DE MOSSORO FACENE/RN;1
4432;FACULDADE GERACAO POSITIVA;0
4433;FAWEST FACULDADE WESTPHALIA;0
4434;INSTITUTO DE DIREITO ROMEU FELIPE BACELLAR;0
4435;FACULDADE SAO PAULO;0
4436;FACULDADE BIG MASTER;0
4437;CENTRO ODONTOLOGICO DE APERFEICOAMENTO PROFISSIONAL;0
4438;ACADEMIA BRASILEIRA DE DIREITO CONSTITUCIONAL;0
4439;COOENSINO COOPER1 DE ENSINO UNIVERSAL DOIS MIL;0
4440;FACULDADE DE MEDICINA NOVA ESPERANCA DE NATAL FAMENE RN;0
4441;SISTEMA EDUCACIONAL SUPERIOR UNIVERSITARIO;0
4442;ESCOLA SUPERIOR PAULISTA DE ADMINISTRACAO ESPA;0
4443;FACULDADE MERIDIONAL DE IJUI;1
4444;CBPEX POS GRADUACAO;0
4445;FACULDADE MEDIANEIRA;0
4446;FACULDADE CIDADE DE GUANHAES FACIG;0
4447;SOCIEDADE BRASILEIRA DE DIREITO PUBLICO;0
4448;SOCIEDADE BRASILEIRA DE DIREITO PUBLICO;0
4449;FACULDADE DE TECNOLOGIA DO NORTE DO PARANA;0
4450;CENTRO UNIVERSITARIO METROPOLITANO DA AMAZONIA;1
4451;FACULDADE TEOLOGICA E EDUCACIONAL AGAPE COMUNITARIA FATEAC;0
4452;CENTRO UNIVERSITARIO ANHANGUERA DE MARABA;1
4454;FACULDADE PITAGORAS DE NOVA LIMA;0
4455;GESTOS GRUPO DE ESTUDOS ORTODONTICOS E SERVICOS S C LTDA;0
4456;ASSOCIACAO BRASILEIRA DE ODONTOLOGIA;0
4457;INSTITUTO SUPERIOR DE EDUCACAO DE ITAPECIRICA DA SERRA;0
4458;INSTITUTO DE ENSINO SUPERIOR DE MACEIO IESMA;0
4459;INEES INSTITUTO DE EDUCACAO E ESPECIALIZACAO SUPERIOR;0
4460;FACULDADE DOM PEDRO II DE TECNOLOGIA;1
4461;FACULDADE DE TECNOLOGIA SENAI CESAR RODRIGUES;0
4462;ESCOLA DE GESTAO E CONTROLE FRANCISCO JURUENA;0
4463;GRUPO DE ESTUDO ODONTOLOGICO E SERVICOS;0
4464;FACULDADE LAGEANA;0
4465;CENTRO ODONTOLOGICO DE ESTUDOS E PESQUISAS COESP;0
4466;CENTRO DE ESTUDOS PROF DIRCEU VIEIRA;0
4467;IACE INSTITUTO AVANCADO DE CIENCIAS E EDUCACAO;0
4468;INSTITUTO APICE DE ENSINO;0
4469;FACULDADE HEXAGONO;0
4470;TVALLE ASSESSORIA E TREINAMENTO EDUCACIONAL;0
4471;FACULDADE DE TECNOLOGIA POLITEC;0
4472;CESDE BRASIL INTELIGENCIA EDUCACIONAL;0
4473;FACULDADE DE TECNOLOGIA ACCTIVA DE CIENCIA E TECNOLOGIA;0
4474;ESCOLA PAULISTANA DE ODONTOLOGIA;0
4475;ESCOLA CAPIXABA DE ODONTOLOGIA;0
4476;ESCOLA PAULISTA DE ODONTOLOGIA;0
4477;ENSINO A DISTANCIA SLMANDIC;0
4478;ESCOLA BRASILIENSE DE ODONTOLOGIA;0
4479;ESCOLA CHAPECOENSE DE ODONTOLOGIA;0
4480;ESCOLA CAMBORIU DE ODONTOLOGIA;0
4481;ESCOLA FLUMINENSE DE ODONTOLOGIA;0
4482;ESCOLA DO NORDESTE PAULISTA;0
4483;ESCOLA CEARENSE DE ODONTOLOGIA;0
4484;CENTRO DE PESQUISAS ODONTOLOGICAS SAO LEOPOLDO MANDIC;0
4485;ESCOLA FORENSE DE ODONTOLOGIA;0
4486;ESCOLA MINEIRA DE ODONTOLOGIA;0
4487;SOBRACURSOS CURSOS DE POS GRADUACAO;0
4488;ESCOLA METROPOLITANA DE ODONTOLOGIA;0
4489;ESCOLA SANTISTA DE ODONTOLOGIA;0
4490;FACULDADE SENADOR CANEDO;0
4491;FACULDADE TECNOLOGICA ITAI;0
4492;FACULDADE PASCHOAL DANTAS;1
4493;FACULDADE DE TECNOLOGIA CERTUS;0
4494;COORDENADORIA DE ENSINO A DISTANCIA;0
4495;FACULDADE ANHANGUERA JARAGUA DO SUL;1
4496;FACULDADE DE TECNOLOGIA DO VALE DO IVAI;1
4497;WP CENTRO DE PSICOTERAPIA COGNITIVO COMPORTAMENTAL;0
4498;CENTRO DE ENSINO TEORICO TECNICO DE TRANSITO;0
4499;CENTRO DE ENSINO TEORICO TECNICO DE TRANSITO;0
4500;FACULDADE DE TECNOLOGIA EM SAUDE DO PARA;0
4501;FACULDADE DE TECNOLOGIA ALTO TIETE;0
4502;FACULDADES INTEGRADAS CAMPOGRANDENSES;1
4503;UNIVERSIDADE FEDERAL DO RECONCAVO DA BAHIA;1
4504;FUNDACAO UNIVERSIDADE FEDERAL DA GRANDE DOURADOS;1
4505;FACULDADE FACISA;0
4506;CEFE CENTRO DE ESTUDOS DE FISIOLOGIA DO EXERCICIO;0
4507;INSTITUTO SUPERIOR XAVIER CORDEIRO;0
4508;FACULDADE DE ENSINO SUPERIOR DE FLORIANO PI;0
4509;INSTITUTO SUL BRASILEIRO DE ENSINO SUPERIOR INSBES;0
4510;FASOMA FACULDADE SOLUCAO MARANHENSE LTDA;0
4511;IPPEO INSTITUTO PARANAENSE DE PESQUISA E ENSINO EM ODONTOLOGIA;0
4512;FACULDADE AGUIAS DO DIREITO;0
4513;FATEB;0
4514;ESCOLA SUPERIOR DA MAGISTRATURA;0
4515;ABO REGIONAL DE TAGUATINGA;0
4516;INSTITUTO CHIAVENATO;0
4517;FACULDADE DE EDUCACAO DE CAMPINAS;0
4518;FACULDADE DO OESTE DE SANTA CATARINA;1
4519;OPEG FACULDADE DE TECNOLOGIA;0
4520;FACULDADE CENACAP;0
4521;FACULDADE DE CIENCIAS APLICADAS DE ITAPEVA FACITA;0
4522;CENTRO UNIVERSITARIO CATOLICO SALESIANO AUXILIUM;1
4523;FACULDADE DO INSTITUTO EDUCACIONAL PROFISSIONALIZANTE DE JALES;0
4524;INSTITUTO TECNOLOGICO DE AVALIACAO;0
4525;FACULDADE TECNOLOGICA DE EXCELENCIA EDUCACIONAL DO RIO GRANDE DO NORTE;0
4526;FACULDADES INTEGRADAS LAVOISIER;0
4527;FACULDADE DE URUACU;0
4528;IBEXP INSTITUTO BRASILEIRO DE EXECUTIVOS PROFISSIONAIS;0
4530;CENTRO UNIVERSITARIO DE MACEIO;1
4531;CENTRO UNIVERSITARIO ADVENTISTA DE ENSINO DO NORDESTE;1
4532;FACULDADE DE TECNOLOGIA SENAI CAMPO GRANDE;1
4533;FACULDADE SAO FRANCISCO DA PARAIBA;1
4534;FACULDADE HERRERO;1
4535;FACULDADE DA AMAZONIA FAMA;0
4536;IPEO MT;0
4537;INSTITUTO SUPERIOR DE EDUCACAO DO MARANHAO;0
4538;FACULDADE PARQUE;0
4539;FACULDADE DE TEOLOGIA E CIENCIAS HUMANAS;0
4540;FACULDADES CONE SUL;0
4541;CENTRO BAIANO DE ESTUDOS ODONTOLOGICOS CEBEO;0
4542;INSTITUTO BIOSFERA;0
4543;FACULDADE DE EDUCACAO E ESTUDOS SUPERIORES DE AREIA FAESA;0
4544;FACULDADE LIDER;0
4545;FACULDADE PARANATINGA FAP;0
4546;FACULDADE METODISTA UNIAO URUGUAIANA;0
4547;CENTRO DE ESTUDOS E APERFEICOAMENTO PROFISSIONAL;0
4548;CAP CENTRO DE APERFEICOAMENTO PROFISSIONAL;0
4550;INSTITUTO DE ENSINO PEDAGOGOS ASSOCIADOS INESPA;0
4551;FACULDADES ASSOC DE MONACO;0
4552;FACULDADE ECUMENICA LAYRA DE ALTO PARAISO;0
4553;FACULDADE MERIDIONAL;0
4554;FUNDACAO CARDIOVASCULAR SAO FRANCISCO DE ASSIS;0
4555;INSTITUTO DE EDUCACAO A DISTANCIA NORTE FLUMINENSE;0
4556;FACULDADE EVOLUCAO DE CIENCIAS E TECNOLOGIA FECET;0
4557;CLINICA INTEGRADA DE ODONTOLOGIA;0
4558;FACULDADE CENECISTA DE ALTA FLORESTA;0
4559;INSTITUTO SUPERIOR LAGEANO DE EDUCACAO A DISTANCIA ISLED;0
4560;FACULDADE DE SENHOR DO BOMFIM;0
4561;FACULDADE SANTO ANTONIO DE QUEIMADAS;0
4562;FACULDADE LUZ DE GUARABIRA;0
4563;FACULDADE DE TECNOLOGIA DO RIO DE JANEIRO;0
4564;FACULDADE SANTA RITA DE CASSIA FASARC;0
4565;INSTITUTO EDUCACIONAL SEMINARIO PAULOPOLITANO;0
4566;ESTACIO FATERN FACULDADE ESTACIO DO RIO GRANDE DO NORTE;1
4567;FACULDADE CENTRO MATOGROSSENSE;1
4568;FACULDADE ECA DE QUEIROZ SAO PAULO;0
4569;ESCOLA DE APERFEICOAMENTO PROFISSIONAL DA APCD REGIONAL TAUBATE;0
4570;FACULDADE DE TEOLOGIA DE SELVIRIA;0
4571;INSTITUTO IPESP;0
4572;FACULDADE DE TEOLOGIA E EDUCACAO DE MINAS GERAIS FATEMIG;0
4573;IBTEC INSTITUTO BRASILEIRO DE TECNOLOGIA E CIENCIAS;0
4574;FACULDADE JACQUES COUSTEAU;0
4575;INSTITUTO DE CIENCIAS DO TRABALHO;0
4576;CENTRO DE ENSINO SUPERIOR LEOPOLDINENSE ALBERT EINSTEIN;0
4577;ISAE FGV PARANA INSTITUTO SUPERIOR DE ADMINISTRACAO E ECONOMIA DO PARANA FUNDACAO GETULIO VARGAS;0
4578;FACULDADE CARLOS CHAGAS FILHO;0
4579;FACULDADE DO SUDESTE;0
4580;FACULDADE REUNIDA DE ILHA SOLTEIRA MESMO QUE 1625;0
4581;CENTRO LUMEN DE EXTENSAO E POS GRAFUACAO;0
4582;FACULDADE CENTRO SUL DO PARANA;0
4583;FACULDADE PITAGORAS DE ITABUNA;0
4584;FACULDADE FACESE;0
4585;ESCOLA SUPERIOR DA MAGISTRATURA DE PERNAMBUCO;0
4586;FACULDADE UNIBRAS NORTE GOIANO;1
4587;FACULDADE UNIVERSAL DE FORMACAO TECNOLOGICA E SUPERIOR UNIFOS;0
4588;FACULDADE APOGEU;1
4589;FACULDADE DE DIREITO DO DISTRITO FEDERAL FDDF;0
4590;FACULDADE DE TECNOLOGIA FATEP;0
4592;FACULDADE DE OURO PRETO DO OESTE;0
4593;CENTRO EURO AMERICANO DE GESTAO E HOSPITALIDADE;0
4594;FACULDADE CATOLICA DE RONDONIA;1
4595;DEPARTAMENTO DE APERFEICOAMENTO PROFISSIONAL DAP;0
4596;FACULDADE REGES DE RIBEIRAO PRETO;1
4597;FACULDADE FUTURA;1
4598;FACULDADE DE JUNDIAI;0
4599;INSTITUTO EL SHADDAY DE TEOLOGIA E MISSOES;0
4600;FACULDADE DE TECNOLOGIA DE MACAPA FATEMA;0
4601;FACULDADE TECNOLOGICA CRISTO REI;0
4602;FUNDACAO ESCOLA SUPERIOR DO MPDFT;0
4603;INSTITUTO DE TECNOLOGIA EM SAUDE;0
4604;FWM FACULDADE TEOLOGICA E APOLOGETICA DR WALTER MARTIN;0
4605;FACULDADE DE CORNELIO PROCOPIO;0
4606;FACULDADE DE TECNOLOGIA CONTEC UNIDADE DE CARAPINA;0
4607;ESCOLA SUPERIOR KLYMUS;0
4608;FACULDADE 2001;0
4609;FATESP FACULDADE TEOLOGICA DE SAO PAULO;0
4610;FACULDADE DE TECNOLOGIA ASSESSORITEC;1
4611;FACULDADE PLANALTO;0
4612;ISEBES INSTITUTO BETH SHALOM;0
4613;CENTRO UNIVERSITARIO FAEMA;1
4614;FACULDADE APROVACAO;0
4615;ACADEMIA DE GESTAO FISCAL;0
4616;FACULDADE ANHANGUERA DE CAXIAS DO SUL;1
4617;ATAME POS GRADUACAO;0
4618;E A P ESCOLA DE APERFEICOAMENTO PROFISSIONAL ABO RJ REGIONAL DUQUE DE CAXIAS;0
4619;SINDICATO DOS ODONTOLOGISTAS DO ESTADO DE SAO PAULO;0
4620;FACULDADE EVANGELICA CEILANDIA;0
4621;FACULDADE EVANGELICA AGUAS CLARAS;0
4622;FACULDADE EVANGELICA TAGUATINGA;0
4623;FACULDADE LATINO AMERICANA DE TEOLOGIA INTEGRAL;0
4624;FACULDADE DE ODONTOLOGIA;0
4625;A C CONSULTING LTDA;0
4626;FACIDER II;0
4627;SAO JUDAS FACULDADES INTEGRADAS;0
4628;ESCOLA SUPERIOR VERBO JURIDICO;0
4629;FACULDADE INNOVARE;0
4630;FACULDADE DE TECNOLOGIA TECMED;0
4631;FACULDADE ANGLOAMERICANO DE JOAO PESSOA;0
4632;FACULDADE IDEAU DE CAXIAS DO SUL;1
4633;FACULDADE IDEAU DE PASSO FUNDO;1
4634;ESCOLA AGROTECNICA FEDERAL DE ALEGRE;0
4635;FACULDADE INTEGRADO DA COMCAM;0
4636;FACULDADES INTEGRADAS INTERAMERICANAS;0
4637;FACULDADE DE RELACOES INTERNACIONAIS SERGIO VIEIRA DE MELLO;0
4638;FACULDADE TEOLOGICA BATISTA EQUATORIAL;0
4639;FACULDADE IJUI;0
4640;ESCOLA DE TERAPIA MANUAL E POSTURAL S S LTDDA;0
4641;UNIDIDATICO;0
4642;FACULDADE UNIREAL;0
4643;INSTITUTO SAO PAULO DE ESTUDOS SUPERIORES;0
4644;UNIEXODOS FACULDADE DE TECNOLOGIA;0
4645;INSTITUTO BRASILEIRO DE CHI KUNG E TERAPIAS AFINS;0
4646;IPG INSTITUTO DE POS GRADUACAO;0
4647;FACULDADE DE REABILITACAO DO PLANALTO CENTRAL FARPLAC;0
4648;DEPARTAMENTO DE ENSINO E CULTURA;0
4649;JRK ESCOLA DE POS GRADUACAO EM ODONTOLOGIA LTDA;0
4650;FACULDADE DA AMAZONIA;0
4651;FACULDADES ANDEF;0
4652;FACULDADE ANHANGUERA DE SAO JOSE;1
4653;FACULDADE COMUNITARIA DE GUARATINGUETA;0
4654;FACULDADE COMUNITARIA DE BAURU;0
4655;FACULDADE ANHANGUERA DE SOROCABA;1
4656;FACULDADE ANHANGUERA DE PIRACICABA;1
4657;FACULDADE DE EDUCACAO E ENSINO SUPERIOR TECNOLOGICO FAEST;0
4658;3158 INSTITUTO SUPERIOR DE EDUCACAO ANGLO AMERICANO DE FOZ DO IGUACU ISEAAFI;0
4659;FACULDADE DE TEOLOGIA EDUCACAO E CIENCIAS FATEC;0
4660;UNIPESSOA;0
4661;UNIBF CENTRO UNIVERSITARIO;1
4662;INSTITUTO LATINO AMERICANO DE PESQUISA E ENSINO ODONTOLOGICO ILAPEO;0
4663;NAP INSTITUTO DE ENSINO SUPERIOR LTDA;0
4664;FAEPO NUCLEO DE POS GRADUACAO E PESQUISA EM ODONTOLOGIA;0
4665;SOCIEDADE DE EDUCACAO E CULTURA CAICARAS;0
4666;FACULDADE DE RONDONIA;0
4667;FACULDADE RIO SONO;0
4668;FACULDADE COMUNITARIA DE SUMARE;0
4669;FACULDADE DELTA;1
4670;FACULDADE DE ENSINO SUPERIOR E TECNOLOGIA;0
4671;IOCP CEPOS CENTRO DE ESTUDOS E POS GRADUACAO;0
4672;FACULDADE EMPREENDEDORA AURORA;0
4673;ESCOLA SUPERIOR DE TEOLOGIA E FILOSOFIA DO BRASIL;0
4674;FACULDADE PORTO DAS AGUAS;1
4675;JUSPODIVM;0
4676;SENAI DENDEZEIROS;0
4677;UNIVERSIDADE JOSE DO ROSARIO VELLANO UNIFENAS;0
4678;INSTITUTO DE DERMATOLOGIA MEDICINA E CIRURGIA ESTETICA;0
4679;FESPPAR FACULDADE EDUCACIONAL DE PINHAIS DO PARANA;0
4680;FEPPAR FACULDADE EDUCACIONAL DE PIRAQUARA DO PARANA;0
4681;FACULDADE CENTRO PAULISTANO;1
4682;FACULDADE INTEGRADA BRASILEIRA RENASCENCA;0
4683;PROJECTO CENTRO CULTURAL E DE FORMACAO;0
4684;BUSINESS SCHOOL CEDEPE;0
4685;FACULDADES INTEGRADAS PLURAL;0
4686;FACULDADE SAO BASILIO;0
4687;FACULDADE DE TEOLOGIA BRASILEIRA;0
4688;FACULDADE DE DIREITO;0
4689;INSTITUTO DE ENSINO SUPERIOR PASSIONISTA;0
4690;FACULDADE DE EDUCACAO SUPERIOR E TEOLOGICA MARANHENSE;0
4691;INSTITUTO PARANAENSE DE PESQUISA DESENVOLVIMENTO E POS GRADUACAO;0
4692;FACULDADE VITORIO BONACIN;0
4693;FACULDADE DE TECNOLOGIA DE NOVA ANDRADINA;0
4694;FACULDADE DE TEOLOGIA E CIENCIAS DA EDUCACAO;0
4695;UB FACULDADE TECNOLOGICA;0
4696;FASE FACULDADE DE TECNOLOGIA DO AMAZONAS;0
4697;MOUSE COM CURSOS PROFISSIONALIZANTES;0
4698;TECNOLOGIA RADIOLOGICA E RADIOTERAPICA;0
4699;FACULDADE NOROESTE;1
4700;FACULDADE NOVA ROMA;1
4701;FACULDADE CATOLICA DE CAMPINA GRANDE;0
4702;CENTRO UNIVERSITARIO BRASILEIRO;1
4703;INSTITUTO D ENSINO SUPERIOR CASTRO ALVES;0
4704;FACULDADE PONTE SERRADA;0
4705;FACULDADE UNIECO;0
4706;FACULDADE WELLINGTON;0
4707;NUCLEO DE EDUCACAO CONTINUADA NEC;0
4708;FACULDADE SINOPENSE DE ENSINO;0
4709;IRMANDADE DA SANTA CASA DE MISERICORDIA DE PORTO ALEGRE;0
4710;INSTITUTO CABRERA;0
4711;UNIDADE DE ENSINO SUPERIOR DE APUCARANA;0
4712;FACULDADES CASA DO SABER;0
4713;ASSOCIACAO DE ENSINO SUPERIOR EDUCARE EDUCARE;0
4714;FACULDADE DE ENSINO REGIONAL ALTERNATIVA;1
4715;BRIGADA AMBIENTAL DO MUNICIPIO DE SAO PEDRO DA ALDEIA;0
4716;FACULDADE DE MEDICINA DE MARABA;0
4717;INSTITUTO SUPERIOR DE EDUCACAO SANTA MARIA;0
4718;FACULDADE DE TECNOLOGIA SANTA MARIA;0
4719;FACULDADE DE TECNOLOGIA IJUI;0
4720;IBREAS INSTITUTO BRASILEIRO DE ESTUDOS AVANCADOS EM SAUDE;0
4721;ESCOLA DOMINICANA DE TEOLOGIA;0
4722;FACULDADES INTEGRADAS VIANNA JUNIOR;1
4723;ACADEMIA NACIONAL DE POLICIA;0
4724;FACULDADE DE CIENCIAS HUMANAS DO ESTADO DE SAO PAULO;1
4725;FACULDADE DE TECNOLOGIA EGIDIO JOSE DA SILVA;0
4726;FACULDADE EQUIPE;0
4727;FACULDADE DE EDUCACAO CIENCIA E TECNOLOGIA EM CAMOCIM;0
4728;FACULDADE CENECISTA DE QUISSAMA;0
4729;FACULDADE CENECISTA DE RIO BONITO;0
4730;FACULDADE LUSIADA DE JI PARANA;0
4731;FACULDADE MESSIANICA;1
4732;FACULDADE DE TECNOLOGIA E INOVACAO SENAC DF;1
4733;VITA CARE;0
4734;FACULDADES INTEGRADAS EDUCAR BRASIL;0
4735;FACULDADE ATENAS MARANHENSE FAMA;0
4736;MORAES BASTOS;0
4737;FAMEM FACULDADE DO MEDIO MEARIM;0
4738;INSTITUTO BIODELTA DE ENSINO E PESQUISA;0
4739;FACULDADE PRESBITERIANA AUGUSTO GALVAO;0
4740;FACULDADE DE TECNOLOGIA E CIENCIAS DO ALTO PARANAIBA;0
4741;FACULDADE CENECISTA DE MARICA FACMAR;0
4742;FACULDADE UNINASSAU OLINDA NASSAU OLINDA;1
4743;FACULDADE DE EDUCACAO INTEGRADA E TECNOLOGIA FACEI;0
4744;FACULDADE LITERATUS;0
4745;FACULDADE LITORANEA;0
4746;FACULDADE CATOLICA DO CARIRI;0
4747;FACULDADE REGIONAL DE RIACHAO DO JACUIPE;1
4748;FACULDADE DE BRUSQUE;0
4749;FACULDADE ACCTIVA DE CIENCIA E TECNOLOGIA;0
4750;FACULDADE SER;0
4751;CENTRO UNIVERSITARIO UNIFATECIE;1
4752;FACULDADE NOTARIAL E REGISTRAL DO BRASIL;0
4753;FACILETEC FACULDADES DE CIENCIAS LETRAS E DE TECNOLOGIA DE TURMALINA;0
4754;FACULDADES INTEGRADAS LUSO BRASILEIRA;0
4755;AMADO ASSOCIADOS IRH S C LTDA;0
4756;CENTRO UNIVERSITARIO MUNICIPAL DE SAO JOSE;0
4757;MASTER FACE CLINICA ODONTOLOGICA LTDA;0
4758;FACULDADE DE BAIXO GUANDU;0
4759;FACULDADE DE ITAPEMIRIM;0
4760;INSTITUTO DE ENSINO SUPERIOR BRASILIA;0
4761;CETAO CENTRO DE ESTUDOS TREINAMENTO E APERFEICOAMENTO EM ODONTOLOGIA S C LTDA;0
4762;FACULDADE IGUACUANO LEONARDO CARIELO;0
4763;FATERJ FACULDADE TEOLOGICA EVANGELICA DO RIO DE JANEIRO;0
4764;ESCOLA DE SAUDE PUBLICA DR JORGE DAVID NASSER;0
4765;FACULDADE ALFA UMUARAMA;1
4766;CENTRO UNIVERSITARIO UNA DE CONTAGEM;1
4767;FACULDADE QUALITAS;0
4768;INSTITUTO DE CIENCIAS GERENCIAIS;0
4769;FACULDADES EMPREZA;0
4770;J G MELO CURSOS DE ESPECIALIZACAO EDUCACIONAL;0
4771;FACULDADE BI CAMPINAS;0
4772;FACULDADE BI SOCIAL QUARESMA;0
4773;FACULDADE IBS;1
4774;INSTITUTO ELO;0
4775;ESCOLA DE APERFEICOAMENTO E FORMACAO PROFISSIONAL PROF PAULO SERODIO MELLO;0
4776;FACULDADE COMUNITARIA DE UBA;0
4777;FACULDADE KENNEDY DE BELO HORIZONTE;1
4778;FACULDADE CENECISTA DE TEUTONIA;0
4779;INSTITUTO NACIONAL DE PESQUISAS DA AMAZONIA INPA;0
4780;FACULDADE DE CIENCIAS DA SAUDE DE UNAI;1
4781;FACULDADE DE COMUNICACAO TECNOLOGIA E TURISMO DE OLINDA;0
4782;FACULDADE DE TECNOLOGIA OXFORD;0
4783;LIBERTAS CLINICA ESCOLA;0
4784;FACULDADE CDL;1
4785;INSTITUTO FEDERAL DE EDUCACAO CIENCIA E TECNOLOGIA DE RONDONIA;1
4786;INSTITUTO FEDERAL DE EDUCACAO CIENCIA E TECNOLOGIA DO TOCANTINS;1
4787;ESCOLA AGROTECNICA FEDERAL DE SAO JOAO EVANGELISTA;0
4788;INSTITUTO CENTRO DE ENSINO TECNOLOGICO CARIRI;0
4789;INSTITUTO CENTRO DE ENSINO TECNOLOGICO LIMOEIRO DO NORTE;0
4790;FACULDADE DE TECNOLOGIA CENTEC SOBRAL;0
4791;FACULDADE DE TECNOLOGIA CENTEC CARIRI;1
4792;FACULDADE DE TECNOLOGIA CENTEC LIMOEIRO DO NORTE;0
4793;FACULDADES INTEGRADAS VALE DO RIO VERDE;1
4794;ESCOLA SUPERIOR DE ENGENHARIA E GESTAO DE VALINHOS ESEG;0
4795;FACREI FACULDADE CRISTO REI;0
4796;FACULDADE DE CIENCIAS APLICADAS DE CAMARAGIBE FAC;0
4797;GOVERNADOR PAULO MALUF;0
4798;FCS FACULDADE DE CIENCIAS DA SAUDE;0
4799;CENTRO ODONTOLOGICO PIO XII;0
4800;FACULDADE DE TECNOLOGIA CENECISTA DE RIO NEGRINHO;0
4801;FACULDADE LITERATUS JAU;0
4802;FACULDADE LITERATUS PIRACICABA;0
4803;FACULDADE SENAI DE TECNOLOGIA;0
4804;SECONE SERVICOS DE CONSULTORIA EDUCACIONAL;0
4805;FACULDADE AMBIENTALISTA COMUNITARIA;0
4806;INSTITUTO DE EDUCACAO COELHONETENSE;0
4807;INSTITUTO SUPERIOR DE ODONTOLOGIA ISO;0
4808;FACULDADE ATHENEU;0
4809;INSTITUTO SUPERIOR DE EDUCACAO JK VALPARAISO;0
4810;FACULDADE ANTONIO MENEGHETTI;1
4811;FACULDADE SENAI DE TECNOLOGIA ROBERTO SIMONSEN;0
4812;FACULDADE SENAI DE TECNOLOGIA ROBERTO MANGE;0
4813;FACULDADE SENAI DE TECNOLOGIA GASPAR RICARDO JUNIOR;0
4814;FACULDADE DE TECNOLOGIA SENAI FELIX GUISARD;1
4815;FACULDADE DE TECNOLOGIA SENAI NADIR DIAS DE FIGUEIREDO;1
4816;FACULDADE SENAI DE TECNOLOGIA SUICO BRASILEIRA;0
4817;FACULDADE DE TECNOLOGIA SENAI ANCHIETA;1
4818;FACULDADE SENAI DE TECNOLOGIA HORACIO AUGUSTO DA SILVEIRA;0
4819;FACULDADE DE TECNOLOGIA SENAI MARIANO FERRAZ;1
4820;FACULDADE DE TECNOLOGIA SENAI ANTONIO ADOLPHO LOBBE;1
4821;FACULDADE PROMINAS DE MONTES CLAROS;1
4822;FACULDADE DE TEOLOGIA BATISTA BETEL FTBB;0
4823;FACULDADE DE TECNOLOGIA EVOLUCAO;1
4824;INSTITUTO LABOR1;0
4825;FACULDADE DE CIENCIAS E TECNOLOGIA DO MARANHAO;0
4826;FACULDADE ANHANGUERA DE CAMPINAS;1
4827;CENTRO AVANCADO DE ENSINOEDUCACAO E CULTURA CAEEC;0
4828;FACULDADE DE TECNOLOGIA CAMPIUOL;0
4829;ESCOLA SUPERIOR DE ARTES CELIA HELENA;1
4830;SEMINARIO MAIOR IMACULADO CORACAO DE MARIA;0
4831;FACULDADE DE TECNOLOGIA DE SAO JOSE DOS CAMPOS;0
4832;FACULDADE POLITECNICA DE TAUBATE;0
4833;FACULDADE DE TECNOLOGIA DE VALENCA FACTIVA;0
4834;INSTITUTO DE EDUCACAO MORUMBI;0
4836;FACULDADE DE EDUCACAO ACRIANA EUCLIDES DA CUNHA;1
4837;FACULDADE IESPLAC;0
4838;INSTITUTO SUPERIOR DE EDUCACAO MONTEIRO LOBATO;0
4839;FACULDADE DE CIENCIAS LETRAS E ARTES LUIZA DE MARILLAC;0
4840;HD HEALTH DENTAL ENSINO ODONTOLOGICOS;0
4841;FACULDADE WITTENBERG;0
4842;INSTITUTO RACINE EDITORA INDUSTRIAL E SERVICOS LTDA;0
4843;INSTITUTO DE TEOLOGIA PASTORAL E ENSINO SUPERIOR DA AMAZONIA ITEPES;0
4844;FTC EAD FACULDADE DE TECNOLOGIA E CIENCIAS ENSINO A DISTANCIA;0
4845;FACULDADE DA IGREJA MIISTERIO FAMA FAIFA;0
4846;CENTRO UNIVERSITARIO VERTICE;1
4847;CENTRO UNIVERSITARIO CATOLICA DO RIO GRANDE DO NORTE;1
4848;FACULDADE OBOE FACO;0
4849;CENTRO UNIVERSITARIO TOCANTINENSE PRESIDENTE ANTONIO CARLOS;1
4850;MUSEU DE ASTRONOMIA E CIENCIAS AFINS MAST;0
4851;FACULDADE E INSTITUTO SUPERIOR TECNOLOGICO E EDUCACIONAL FATEC PARACATU;0
4852;FACULDADE E INSTITUTO SUPERIOR TECNOLOGICO E EDUCACIONAL FATEC PATOS DE MINAS;0
4853;FACULDADE E INSTITUTO SUPERIOR TECNOLOGICO E EDUCACIONAL FATEC UBERABA;0
4854;FACULDADE RADIAL CURITIBA;0
4855;FACULDADE DO CENTRO DO RIO GRANDE DO SUL FACERGS;0
4856;FACULDADE DE ADMINISTRACAO CIENCIAS HUMANAS E SOCIAIS BOM JESUS GO;0
4857;IEST INSTITUTO DE EDUCACAO SUPERIOR DE TAGUATINGA SOCIEDADE SIMPLES;0
4858;ESCOLA SUPERIOR DE SAUDE DE ARCOVERDE;1
4859;FACULDADE DE TECNOLOGIA FAESA UNIDADE GUARAPARI;0
4860;CENTRO BRASILEIRO DE EXCELENCIA EM POS GRADUACAO NA SAUDE;0
4861;FACULDADE PITAGORAS DE POUSO ALEGRE;0
4862;FACULDADE PITAGORAS DE JUIZ DE FORA;0
4863;FACULDADE ANHANGUERA DE POCOS DE CALDAS;1
4864;FACULDADE PITAGORAS DE GOVERNADOR VALADARES;0
4865;FACULDADE ANHANGUERA DE SAO LUIZ;1
4866;FACULDADE PITAGORAS DE CONTAGEM;0
4867;FACULDADE ANHANGUERA DE GUARAPARI;1
4868;FACULDADE HSM;0
4869;FACULDADE DE TECNOLOGIA PITAGOTAS UNIDADE LONDRINA;0
4870;FACULDADE DE SOBRAL FASOL;0
4871;FACULDADE INTEGRADAS DO MEORENO EM CARUARU FIAMCA;0
4872;FACULDADE ETNIA;0
4873;FACULDADE INTEGRADA DE TAUBATE;0
4874;INSTITUTO DE EDUCACAO E CULTURA DO OESTE PAULISTA;0
4875;FACULDADES INTEGRADAS CIRCUITO DAS AGUAS;0
4876;FACULDADE TECNOLOGICA GERACAO;0
4877;FACULDADE MESSEJANA;0
4878;FACULDADE ANHANGUERA DE ITAPECERICA DA SERRA;1
4879;FUNDACAO PARA O DESENVOLVIMENTO CIENTIFICO E TECNOLOGICO DA ODONTOLOGIA;0
4880;FACULDADE DE DIREITO DE GUARANTA DO NORTE;0
4881;FACULDADE VILAVELHENSE;0
4882;FACULDADE DE IBIRACU;0
4883;FACULDADE DE MEDICINA DE MINAS GERAIS;0
4884;FACULDADE ATENAS MARANHENSE DE IMPERATRIZ MA;0
4885;FACULDADE PORTO SEGURO;0
4886;INSTITUTO SUPERIOR DE EDUCACAO PORTO SEGURO;0
4887;FACULDADE DO CIRCUITO DAS AGUAS PAULISTA FAC AP;0
4888;CURSO NACIONAL DE ATUALIZACAO EM NUTROLOGIA;0
4889;FACULDADE CONECTADA FACONNECT;1
4890;FACULDADE DO FUTURO;0
4891;FACULDADE DE TEOLOGIA INTEGRADA;0
4892;FUNDACAO DE ADMINISTRACAO E PESQUISA ECONOMICO SOCIAL;0
4893;FACULDADE DE GESTAO E TECNOLOGIA ASSUMPCAO;0
4894;INSTITUTO DE ENSINO E PESQUISA;0
4895;ESCOLA DE APERFEICOAMENTO PROFISSIONAL ABO REGIONAL DE UBERLANDIA;0
4896;INSTITUTO FLEURY;0
4897;PROCEAD PROMOTORA DE CURSOS LTDA;0
4898;FACULDADE DE EDUCACAO E ARTES SAO GERALDO;0
4899;FACULDADE DE CIENCIAS MEDICAS DA BAHIA;0
4900;FACULDADE VALE DO OURO;0
4901;CENTRO UNIVERSITARIO FASIPE;1
4902;FACULDADE BATISTA PIONEIRA;1
4903;FACULDADE MONITOR;0
4904;FACULDADE SENAI DE TECNOLOGIA EUVALDO LODI;0
4905;FACULDADE SENAI DE TECNOLOGIA;0
4906;FACULDADE SENAI DE TECNOLOGIA MARCELINO CORRADI;0
4907;FACULDADE SENAI DE TECNOLOGIA JOSE FAGUNDES NETTO;0
4908;FACULDADE SENAI DE TECNOLOGIA DE UBERLANDIA;0
4909;FACULDADE SENAI DE TECNOLOGIA FIDELIS REIS;0
4910;FACULDADE DO TRABALHO;1
4911;CEPAEM CENTRO PARANAENSE DE ESTUDOS MEDICOS LTDA;0
4912;FACULDADE EXPOENTE;0
4913;FACULDADE SAO VICENTE DE LAVRAS;0
4914;SENSU CONSULTORIA ORGANIZACIONAL LTDA;0
4915;FACULDADE ESTACIO DE CASTANHAL;1
4916;FACULDADE CATOLICA DO SUL DO MARANHAO CASUMA;0
4917;FACULDADE ANGLO;0
4918;FACULDADE CENECISTA DE JARDIM DO SERIDO;0
4919;FACULDADE UNIPROCESSUS;0
4920;FACULDADE DO ENSINO SUPERIOR DO MUNICIPIO DE LINHARES;0
4921;FACULDADE DE ALMIRANTE TAMANDARE;0
4922;FACULDADE INTEGRADA DAS CATARATAS EJOVEM;1
4923;INSTITUTO SABER;0
4924;CENTRO DE ESTUDOS AVANCADOS DA CONSERVACAO INTEGRADA;0
4925;FUNDACAO UNIVERSIDADE FEDERAL DO ABC;1
4926;FACULDADE DE TECNOLOGIA DE PRAIA GRANDE;1
4927;INSTITUTO SUPERIOR DE CIENCIAS DA SAUDE VERDE NORTE;0
4928;INSTITUTO SUPERIOR DE CIENCIAS SOCIAIS APLICADAS VERDE NORTE;0
4929;CESUC CENTRO DE ENSINO SUPERIOR DE CUIABA;0
4930;FACULDADE DE SAUDE DE PAULISTA;0
4931;INSTITUTO SUPERIOR DE EDUCACAO CECAP;0
4932;IES CEAJUFE INSTITUICAO DE ENSINO SUPERIOR;0
4933;FACULDADE POLITECNICA DE ALAGOAS;0
4934;FACULDADE DE ENSINO SUPERIOR DE CIENCIAS HUMANAS;0
4935;FACULDADE DO TRABALHO DA BAHIA;0
4936;INSTITUTO AGORA;0
4937;INSTITUTO LOGOS DE EDUCACAO SUPERIOR;0
4938;FACULDADE CLARETIANA DE TEOLOGIA;1
4939;FACULDADE 2 DE JULHO;0
4940;CENTRO DE ESTUDOS PESQUISAS E POS GRADUACAO EM ODONTOLOGIA CEPPO;0
4941;FACULDADES INTEGRADAS DE GUARAPARI;0
4942;FAEME FACULDADE EVANGELICA DO MEIO NORTE DE MARITUBA;0
4943;STRONG BUSINESS SCHOOL BS;1
4944;DENTAL PRESS CENTRO DE PESQUISA E POS GRADUACAO;0
4945;FACULDADES IPEDE;1
4946;FACULDADE DE AGRONOMIA E EDUCACAO TECNOLOGICA DE SOORETAMA FAETES;0
4947;FACULDADE VITORIA;0
4948;FACULDADES DAS AGUAS QUENTES;0
4949;FCA FACULDADE CIRCUITO DAS AGUAS;0
4950;FACULDADE AUM;1
4951;FACULDADE ABERTA DE CIENCIAS MODERNAS;0
4952;FACULDADE TEOLOGICA SULBRASILEIRA FATESUL;0
4953;CENTRO DE ESTUDOS E PESQUISAS EM ORTODONTIA;0
4954;ESCOLA DE ENSINO SUPERIOR ALTERNATIVO;0
4956;ESCOLA PAULISTA DA MAGISTRATURA;0
4957;FACULDADE BRASILEIRA DE CULTURA E EDUCACAO;0
4958;FACULDADE CORPOR1 CESPI;0
4959;FACULDADE ANHANGUERA DE FEIRA DE SANTANA;1
4960;FACULDADE DE TECNOLOGIA LAGOA DA PAMPULHA;0
4961;FACULDADE INTEGRADA DE ARAGUATINS;0
4962;CENTRO UNIVERSITARIO DE SETE LAGOAS;1
4963;FACULDADE PRESBITERIANA MACKENZIE;0
4964;CENTRO UNIVERSITARIO DE CIENCIAS E TECNOLOGIA DO MARANHAO;1
4965;FACULDADE VEZ DO MESTRE;0
4967;ESCOLA SUPERIOR DE DIREITO MUNICIPAL;0
4969;CENTRO UNIVERSITARIO ITOP;1
4970;FACULDADE FLORES DA CUNHA;0
4971;CENTRO DE ESTUDOS E TECNICAS ODONTOLOGICAS;0
4972;FACULDADE ALFREDO NASSER DE REMANSO;0
4973;FACULDADE SENAI DE TECNOLOGIA DE POCOS DE CALDAS;0
4974;INSTITUTO CATARINENSE DE ESTUDOS AVANCADOS;0
4975;FACULDADE OBOE;0
4976;INSTITUTO DE ESTUDOS SUPERIORES DO CEARA;0
4977;FACULDADE DE TECNOLOGIA APOENA FTA;0
4978;ALPHA SMILE CENTRO CURSOS PESQUISAS ODON COM LTDA;0
4979;FACULDADE DE LAVRAS DA MANGABEIRA;0
4980;CLIVO POS GRADUACAO;0
4981;FACULDADE UNICESP SAUDE;0
4982;FACULDADE METROPOLITANA DO PLANALTO NORTE;1
4983;FACULDADE IBRA DE TECNOLOGIA;1
4984;ASSOCIACAO DE ENSINO SUPERIOR BARAO DE JUNDIAI AESB;0
4985;FACULDADE PARA O DESENVOLVIMENTO SUSTENTAVEL DO NORDESTE;0
4986;CENTRO UNIVERSITARIO DA TERRA PAULISTA UNITERRA;0
4987;ESCOLA SUPERIOR DE APERFEICOAMENTO PROFISSIONAL;0
4988;FACULDADE DE TECNOLOGIA INED DE IPATINGA;0
4989;CITE CENTRO INTEGRADO DE TERAPIAS ENERGETICAS;0
4990;INSTITUTO DE DESENVOLVIMENTO TECNOLOGICO DO CENTRO OESTE;0
4991;FACULDADE DE TECNOLOGIA FAMEG FAMETEC;0
4992;FACULDADE DE TECNOLOGIA CENTEC SERTAO CENTRAL;1
4993;FACULDADE DE TECNOLOGIA DO IBRATE FAITEC;0
4994;FACULDADE LOURENCO FILHO;0
4995;FACULDADE EDUCAMAIS;1
4996;FACULDADE TECNOLOGICA DO ESTADO DO ESPIRITO SANTO FATEES;0
4997;FACULDADE DO AGRESTE SETENTRIONAL DE PERNAMBUCO FASPE;0
4998;FACULDADE DE TECNOLOGIA INESUL DO PARANA;0
4999;FACULDADE INTEGRADO DO MARANHAO;0
5000;FACULDADE AGORA ADMINISTRACAO EDUCACAO E CULTURA;1
5001;CENTRO UNIVERSITARIO AUTONOMO DO BRASIL UNIBRASIL;0
5002;SINDICATO DOS PROFESSORES DE SAO PAULO;0
5003;FACULDADE DE CIENCIAS MEDICAS DO PARA;0
5004;ABO SECAO CEARA;0
5005;CEUNI COMPLEXO EDUCACIONAL UNICIDADE;0
5006;FACULDADE REDENTOR DE CAMPOS;0
5007;FACULDADE ORTODOXA;0
5008;FACULDADES FAMEP;1
5009;FACULDADE DO AMAZONAS FAMA;0
5010;FACULDADE DENIZARD RIVAIL;0
5011;FACULDADE BATISTA DO CARIRI;0
5012;FACULDADE RELIGARE PIAUIENSE;0
5013;CENTRO UNIVERSITARIO ESTADUAL DA ZONA OESTE;0
5014;CENTRO TECNOLOGICO UNIVERSITARIO DO ESTADO DO RIO DE JANEIRO;0
5015;INSTITUTO SUPERIOR DE TECNOLOGIA EM HORTICULTURA;1
5016;FACULDADE DE EDUCACAO TECNOLOGICA DO ESTADO DO RIO DE JANEIRO FERNANDO MOTA;1
5017;FACULDADE DE EDUCACAO TECNOLOGICA DO ESTADO DO RIO DE JANEIRO FAETERJ;1
5018;INSTITUTO SUPERIOR DE EDUCACAO PROFESSOR ALDO MUYLAERT;1
5019;INSTITUTO SUPERIOR DE EDUCACAO DA ZONA OESTE;1
5020;FACULDADE DE EDUCACAO TECNOLOGICA DO ESTADO DO RIO DE JANEIRO FAETERJ;1
5021;FACULDADE DE EDUCACAO TECNOLOGICA DO ESTADO DO RIO DE JANEIRO FAETERJ;1
5022;FACULDADES INTEGRADAS PREVE;0
5023;FACULDADE SANTO AUGUSTO;0
5024;ESCOLA AGROTECNICA FEDERAL DE SERTAO;0
5025;FACULDADE UNINA;1
5026;UNIRATI INSTITUICAO DE ENSINO SUPERIOR IRATI S C LTDA;0
5027;FAPETRO FACULDADE DE PETROLEO E GAS LTDA;0
5028;IBEFIN INSTITUTO BRASILEIRO DE ESTUDOS EM FINANCAS E NEGOCIOS;0
5029;FAMA FACULDADE DE MARABA;0
5030;FACULDADE DE FILOSOFIA E CIENCIAS DO PLANALTO FAFICIP;0
5031;ESCOLA SUPERIOR NACIONAL DE SEGUROS DE SAO PAULO;0
5032;ILAPE POS GRADUACAO;0
5033;FACULDADE PRISMA;0
5034;EDUCC EDUCACAO PROF CAP E CONSULTORIA LTDA;0
5035;FACULDADE DA FUNDACAO UNIVERSITARIA DE CARDIOLOGIA;0
5036;INSTITUTO FEDERAL DE EDUCACAO CIENCIA E TECNOLOGIA CATARINENSE;1
5037;FUNDACAO DE APOIO AO INSTITUTO DE PESQUISAS TECNOLOGICAS;0
5038;FACULDADE DE CIENCIAS SOCIAIS APLICADAS DE MARABA;0
5039;FACULDADE DE PSICOLOGIA FUNFARME;0
5040;FACULDADE BAHIANA DE ENGENHARIA;0
5041;ITEP INSTITUTO DE TECNOLOGIA ENSINO E PESQUISA;0
5042;SEMINARIO NACIONAL ITEJ;0
5043;INSTITUTO SUPERIOR DE EDUCACAO DE CARAPICUIBA;0
5044;FACULDADE DE DIREITO DE GARANHUNS;0
5045;FACULDADE DE TECNOLOGIA PAULISTA;1
5046;FACULDADE POLIS DAS ARTES;0
5047;FACULDADE DO INTERIOR PAULISTA FIP;0
5048;FACULDADE DE TEOLOGIA DE SAO PAULO DA IGREJA PRESBITERIANA INDEPENDENTE DO BRASIL;1
5049;INSTITUTO DE ENSINO SUPERIOR SAO FRANCISO DE ASSIS DE TEOFILO OTONI;0
5050;FACULDADE ARAUTOS DO EVANGELHO;0
5051;FACULDADE DE EDUCACAO TECNOLOGICA DO ESTADO DO RIO DE JANEIRO FAETERJ;1
5052;FACULDADE DE EDUCACAO TECNOLOGICA DO ESTADO DO RIO DE JANEIRO FAETERJ;1
5053;FACULDADE DE EDUCACAO TECNOLOGICA DO ESTADO DO RIO DE JANEIRO;1
5054;INSTITUTO SUPERIOR DE EDUCACAO DO SERTAO DO PAJEU;1
5055;INSTITUTO LOBO PARA O DESENVOLVIMENTO DA EDUCACAO DA CIENCIA E DA TECNOLOGIA NAO IES;0
5056;FACULDADE DE TECNOLOGIA UNIBRATEC MACEIO;0
5057;FACULDADE SAO VICENTE DE PAULO FASVIP;0
5058;FACULDADE DE TECNOLOGIA PEDRO ROGERIO GARCIA;0
5059;INSTITUTO DO CORACAO DO DISTRITO FEDERAL;0
5060;FACULDADE DE TECNOLOGIA DO RIO DE JANEIRO;0
5061;FACULDADE NATAL FN;0
5062;FACULDADE DE PIRACICABA;0
5063;FACULDADE DE TECNOLOGIA INED UNIDADE TIMOTEO;0
5064;CENTRO DE FORMACAO TREINAMENTO E APERFEICOAMENTO;0
5065;FACULDADE CONSULTIME DO ESPIRITO SANTO;0
5066;FACULDADE PITAGORAS DE TECNOLOGIA DE CONTAGEM;0
5067;FACULDADE PITAGORAS DE UBERLANDIA;0
5068;FACEAR FACULDADE EDUCACIONAL ARAUCARIA;0
5069;FACULDADE PADRAO DE PORANGATU;0
5070;FACULDADE DE MEDICINA CARLOS CHAGAS;0
5071;FACULDADE NORTE CAPIXABA DE SAO MATEUS FAMAT;0
5072;ASSOCIACAO BRASILEIRA DE ODONTOLOGIA SECAO MARANHAO;0
5073;FACULDADE PITAGORAS DE DIVINOPOLIS;0
5074;INSTITUTO EDUCACIONAL DE ENSINO SUPERIOR FACLESTE;0
5075;ESCOLA AGROTECNICA FEDERAL DE CACERES;0
5076;BRAZIL GLOBAL;0
5077;UNIVERSIDADE ESTADUAL DE RORAIMA;1
5078;UNIPED;0
5079;FACULDADE EDUCACIONAL DE MATELANDIA;0
5080;CETEC LAGOS CENTRO DE CAPACITACAO TECNOLOGICA DA REGIAO DOS LAGOS LTDA;0
5081;DIFERENCIAL;0
5082;FUNETEC;0
5083;1344 ESCOLA SUPERIOR DE HOTELARIA;0
5084;FACIAC FACULDADE DE CIENCIAS APLICADAS DE CATANDUVAS;0
5085;FACULDADE REGIONAL DE TIMBO;0
5086;ESAMC ESCOLA SUPERIOR DE ADMINISTRACAO MARKETING E COMUNICACAO DE MACEIO;0
5087;ASSOCIACAO BRASILEIRA DE ODONTOLOGIA SECAO DISTRITO FEDERAL;0
5088;IBRAFA CENTRO DE ESTUDOS EM SAUDE;0
5089;FACULDADE DE TECNOLOGIA APOENA FTA;0
5090;FACULDADE DO PROFESSOR;0
5091;INSTITUTO DE ESTUDOS SUPERIORES E POS GRADUACAO IESP;0
5092;UNIVALE;0
5093;ASSOCIACAO BRASILEIRA DE ODONTOLOGIA SECCAO DO ESTADO DO RIO GRANDE DO NORTE;0
5094;FACULDADE EVOLUCAO ALTO OESTE POTIGUAR;0
5095;FIESU FACULDADE INTERNACIONAL DE ENSINO SUPERIOR;0
5096;ESCOLA AGROTECNICA FEDERAL DE ARAGUATINS;0
5097;FACULDADE VALE DOS CARAJAS;0
5098;FACULDADE CELEIRO;0
5099;FACULDADE DE TECNOLOGIA DE SAO BERNARDO DO CAMPO;1
5100;FACULDADE MACHADINHO;0
5101;FACULDADE CENTRO OESTE DO PARANA;0
5102;INSTITUTO NACIONAL DE ENSINO AVANCADO LTDA;0
5103;IEP INSTITUTO DE ESTUDOS PREVIDENCIARIOS;0
5104;ESAD ESCOLA DE ADMINISTRACAO E NEGOCIOS;0
5105;CENTRO UNIVERSITARIO INTERNACIONAL SIGNORELLI;1
5106;INSTITUTO DE GESTAO EDUCACIONAL SIGNORELLI;0
5107;FACULDADE SOGIPA DE EDUCACAO FISICA;1
5108;ASSOCIACAO INSTITUTO SAPIENTIAE;0
5109;ESCOLA SUPERIOR DE TERAPIA INTEGRAL;0
5110;FAINP FACULDADE DE INTEGRACAO DO NOROESTE PARANAENSE;0
5111;INSTITUTO DE ENSINO E PESQUISA E POS GRADUACAO EM EDUCACAO E SAUDE;0
5112;FACULDADE UNIAO ARARUAMA DE ENSINO SS LTDA;0
5113;FACULDADE UNIMAC;0
5114;INSTITUTO DE PESQUISAS EDUCACIONAIS PRAXIS LTDA;0
5115;FACULDADE EXPANSAO;0
5116;FACULDADE EVOLUCAO;0
5117;INSTITUTO DE EDUCACAO SUPERIOR DE SAO LOURENCO;0
5118;FACULDADE OMEGA;0
5119;FACULDADES MATISSE;0
5120;FACULDADE DINAMICA;0
5121;SEMINARIO BAIANO DE TEOLOGIA SEBATE;0
5122;INSTITUTO CIMAN DE EDUCACAO E ENSINO SUPERIOR;0
5123;ESCOLA DA MAGISTRATURA DO ESTADO DO RIO DE JANEIRO;0
5124;FACULDADE FACMIL;1
5125;INSTITUTO DE ENSINO E PESQUISA EM ODONTOLOGIA;0
5126;ESCOLA BRASILEIRA DE MEDICINA CHINESA;0
5127;FACULDADE SOCIAL DE SAO PAULO FASSP;0
5128;FACULDADE SANTO ANDRE FASA;0
5129;ESCOLA AGROTECNICA FEDERAL DE CERES;0
5130;CEDEFACE CENTRO DE PESQUISA E POS GRADUACAO;0
5131;FACULDADE SENAC CACADOR;1
5132;FACULDADE SENAC CONCORDIA;0
5133;FACULDADE SENAC SAO MIGUEL DO OESTE;1
5134;FACULDADE SENAC CRICIUMA;0
5135;CENTRO UNIVERSITARIO DE RIO PRETO UNIRP;0
5136;FACULDADE SAO BOAVENTURA DE EDUCACAO CONTINUADA;0
5137;FATEC FACULDADE DE TEOLOGIA E CIENCIAS;0
5138;INSTITUTO DELMIRENSE DE INSINO SUPERIOR;0
5139;FACULDADE SANTA MARIA;0
5140;IPEO MT;0
5141;ESCOLA AGROTECNICA FEDERAL ANTONIO JOSE TEIXEIRA;0
5142;FACULDADES TECNOLOGICAS DA SERRA GAUCHA;0
5143;FACULDADE LUTERANA DE TEOLOGIA;0
5144;UNIAO METROPOLITANA DE EDUCACAO E CULTURA S C LTDA;0
5145;SOCIEDADE DE ENSINO SUPERIOR CEDRO S S LTDA;0
5146;FACULDADE PETROLINA;0
5147;ACADEMIA CEARENSE DE ODONTOLOGIA;0
5148;ASSOCIACAO BRASILEIRA DE ODONTOLOGIA SECAO BAHIA;0
5149;ESCOLA SUPERIOR DE GESTAO E CIENCIAS DA SAUDE;0
5150;FACULDADE DE CIENCIAS SOCIAIS APLICADAS;0
5152;ESCOLA DA ADVOCACIA GERAL DA UNIAO;0
5153;CENTRO DE POS GRADUACAO ILADEM;0
5154;ASSSOCIACAO BRASILEIRA DE ODONTOLOGIA SECAO ALAGOAS;0
5155;ABO REGIONAL UMUARAMA PR;0
5156;UNIVERSIDADE CAMILO CASTELO BRANCO;0
5157;FACULDADES TECNOLOGICAS DA SERRA GAUCHA;0
5158;FACULDADE MARECHAL CANDIDO RONDON FAMAR;0
5159;CENTRO AVANCADO DE ORTODONTIA PAULO PICANCO;0
5160;FACULDADE COMUNITARIA DE PINDAMONHANGABA;0
5161;FACULDADE COMUNITARIA DE AMERICANA;0
5162;FACULDADE COMUNITARIA DO PLANALTO CENTRAL;0
5163;FACULDADE COMUNITARIA DE RIBEIRAO PRETO;0
5164;FACULDADE COMUNITARIA DE OSASCO;0
5165;ASSOCIACAO BRASILEIRA DE ODONTOLOGIA SECAO RIO GRANDE DO SU8L;0
5166;FACULDADE DE CIENCIAS DA SAUDE HIPOCRATES;0
5167;FACULDADE DOMINGOS OLIMPIO;0
5168;ESCOLA AGROTECNICA FEDERAL DE CATU;0
5169;UNICETREX POS GRADUACAO;0
5170;UNIVERCAPANEMA FACULDADES DE LETRAS CIENCIAS TECNOLOGIA E DE BIOTECNOLOGIA DA SAUDE DE CAPANEMA;0
5171;GRUPO DO RIO DE JANEIRO DE ESTUDOS DE ORTODONTIA PELA TECNICA DO STRAIGHT WIRE DE ANDREWS;0
5172;FACULDADE DE TECNOLOGIA CENTEC SAO GONCALO DO AMARANTE;0
5173;FACULDADE DE TECNOLOGIA DE PIRASSUNUNGA FATEPI;0
5174;BRAZILIAN BUSINESS SCHOOL;0
5175;FACULDADE IDAAM;0
5176;FACULDADE DE DIREITO VALE DO ASSU;0
5177;ASSOCIACAO BRASILEIRA DE ODONTOLOGIA SECAO MS;0
5178;MIRANDA E CARVALHO INSTITUTO DE PESQUISA POS GRADUACAO E SERVICOS EM ODONTOLOGIA LTDA;0
5179;FACULDADE SAINT PAUL;0
5180;FACULDADE DO POVO;0
5181;FACULDADE MOGIANA DO ESTADO DE SAO PAULO;0
5182;IRMANDADE DA SANTA CASA DE MISERICORDIA DE SAO PAULO;0
5183;INSTITUTO TECNOLOGICO DE ENSINO SUPERIOR BANDEIRANTES;0
5184;FACULDADE DE CIENCIAS E TECNOLOGIA DA BAHIA;0
5185;FACULDADE DO INSTITUTO NACIONAL DE POS GRADUACAO;0
5186;INSTITUTO ASSIS GURGACZ;0
5187;FAEJA FACULDADE ALBERT EINSTEIN DE JACIARA;0
5188;EXPANSAO GESTAO EM EDUCACAO E EVENTOS;0
5189;FACULDADE BAIANA DE DIREITO;0
5190;INSTITUTO CATUAI DE ENSINO SUPERIOR;0
5191;FAMAC FACULDADE DE MACHADINHO DO OESTE;0
5192;CENTES CENTRO TECNOLOGICO DE ENSINO SUPERIOR;0
5193;FEIT FACULDADE DE ENGENHARIA E INOVACAO TECNOLOGICA;0
5194;ESCOLA SUPERIOR DE TEOLOGIA E ESPIRITUALIDADE FRANCISCANA ESTEF;0
5195;FACULDADE DO VALE DO PAJEU;0
5196;INSTITUTO NOSSA SENHORA DO PILAR;0
5197;ASSOCIACAO BRASILEIRA DE ODONTOLOGIA SECCAO PIAUI;0
5198;UNIBRASILIA;0
5199;CENTRO AVANCADO DE ENSINOEDUCACAO E CULTURA;0
5200;FACULDADE DE TECNOLOGIA INED UNIDADE BETIM;0
5201;FACULDADE DE TECNOLOGIA INED UNIDADE BARREIRO;0
5202;FACULDADE INDEPENDENCIA FAI;0
5203;FACULDADE MONTESSORIANO DE SALVADOR;0
5204;INSTITUTO SUPERIOR DE EDUCACAO ANTONINO FREIRE ISEAF;1
5205;INSTITUTO DE EDUCACAO SUPERIOR SUL BRASILEIRO;0
5206;IMEN INSTITUTO DE METABOLISMO E NUTRICAO;0
5207;ATUALIZA POS GRADUACAO;0
5208;ASSOCIACAO BRASILEIRA DE ODONTOLOGIA SECAO ESPIRITO SANTO;0
5209;INSTITUTO DE POS GRADUACAO DO PETROLEO;0
5210;FATESMA FACULDADE DE TECNOLOGIA SANTA MARIA;0
5211;INSTITUTO SUPERIOR ISAG DE FORMACAO CONTINUADA;0
5212;COMISSAO CIENTIFICA SPP;0
5213;INSTITUTO FISIOMAR;0
5214;CENTRO DE ESTUDOS ODONTOLOGICOS DO IPSEMG;0
5215;CENTRO UNIVERSITARIO PADRE ALBINO;1
5216;FACULDADE ANHANGUERA DE EDUCACAO CIENCIAS E TECNOLOGIA DE SOROCABA;0
5217;FACULDADES INTEGRADAS PAULISTA;1
5218;FACULDADE DE TECNOLOGIA PROFESSOR WALDOMIRO MAY;0
5219;INSTITUTO SUPERIOR DE ENSINO EM FONOAUDIOLOGIA;0
5220;INSTITUTO DE POSGRADUACAO E ATUALIZACAO EM ODONTOLOGIA;0
5221;FUNDACAO ANTARES DE ENSINO SUPERIOR POS GRADUACAO PESQUISA E EXTENSAO;0
5222;ESCOLA AGROTECNICA FEDERAL DE SOUSA;0
5223;COORDENACAO GERAL DE EDUCACAO DA ANDIMA;0
5224;CENTRO DE POS GRADUACAO ESTUDOS PESQUISA E EXTENSAO INSPIRAR;0
5225;IMEO INSTITUTO MINEIRO DE ESTUDOS ODONTOLOGICOS;0
5226;IMEO INSTITUTO MINEIRO DE ESTUDOS ODONTOLOGICOS;0
5227;SEPAI SERVICO DE PSICANALISE EM ATENCAO A INFANCIA COORDENACAO DE ASSUNTOS EDUCACIONAIS CAE;0
5228;FACULDADE RAIMUNDO MARINHO;1
5229;IPDR INSTITUTO DE POS GRADUACAO DAVID ROCHA;0
5230;INSTITUTO PRISMA;0
5231;LFG ESCOLA NACIONAL DE ESPECIALIZACAO LFG ENESP;0
5232;INSTITUTO TOCANTINENSE DE EDUCACAO A DISTANCIA;0
5233;FUNDACAO DE APOIO A PESQUISA E ESTUDO NA AREA DE SAUDE FAPES;0
5234;FASS SISTEMA DE ENSINO A DISTANCIA;0
5235;FACULDADE DE TECNOLOGIA IBRATEC;0
5236;CENTRO DE ESTUDOS SUPERIORES DA FUNDACOR;0
5237;INSTITUTO SUPERIOR DE FORMACAO CONTINUADA DOUGLAS ANDREANI;0
5238;INSTITUTO SAPIENTIA DE EDUCACAO SUPERIOR ISES;0
5239;SBAC CENTRO DE POS GRADUACAO;0
5240;ASSOCIACAO BRASILEIRA DE ODONTOLOGIA SECCAO DO PARANA REGIONAL DE PONTA GROSSA;0
5241;MUSEU PARAENSE EMILIO GOELDI;0
5242;UNIVERSIDADE ESTADUAL DE ALAGOAS UNEAL;1
5243;FACULDADE DE CIENCIAS JURIDICAS DE SANTOS DUMONT;0
5244;ASSOCIACAO DOS GESTORES DE CONHECIMENTO;0
5245;SOCIEDADE DE HIPNOSE MEDICA DO ESTADO DO RIO DE JANEIRO;0
5246;CENTRO DE ESTUDOS AVANCADOS EM SAUDE UNIMAGEM;0
5247;INAPOS INSTITUTO NACIONAL DE ENSINO SUPERIOR E POS GRADUACAO PADRE GERVASIO;0
5248;INAPOS INSTITUTO NACIONAL DE ENSINO SUPERIOR E POS GRADUACAO;0
5249;V F LIMA CURSOS AVANCADOS;0
5250;FACULDADE EVOLUTIVO;0
5251;INAPOS INSTITUTO NACIONAL DE ENSINO SUPERIOR E POS GRADUACAO PADRE GERVASIO;0
5252;INAPOS INSTITUTO NACIONAL DE ENSINO SUPERIOR E POS GRADUACAO PADRE GERVASIO;0
5253;INAPOS INSTITUTO NACIONAL DE ENSINO SUPERIOR E POS GRADUACAO PADRE GERVASIO;0
5254;INSTITUTO SUPERIOR DE ODONTOLOGIA FACIAL;0
5255;FACULDADE REGIONAL DE RIBEIRA DO POMBAL;0
5256;CENTRO DE ENSINO ESPECIAL SUPERIOR E PROFISSIONALIZANTE;0
5257;APROBATUM CENTRO NACIONAL DE QUALIFICACAO DE PESSOAL LTDA;0
5258;INSTITUTO SUPERIOR ORTHODONTIC INTERNACIONAL;0
5259;AGRICULTURA TROPICAL E SUBTROPICAL;0
5260;FACULDADE DE CRUZEIRO DO OESTE FACO;0
5261;CENTRO DE EDUCACAO DO HEMOCENTRO DE RIBEIRAO PRETO CEDUC HRP;0
5262;INSTITUICAO DE ENSINO UNIORKA;0
5263;CEU CENTRO DE EXTENSAO UNIVERSITARIA;0
5264;INSTITUTO SUPERIOR DO MINISTERIO PUBLICO;0
5265;FACULDADE METROPOLITANA SAO CARLOS;0
5266;INSTITUTO DE EDUCACAO SECULO XXI LTDA;0
5267;INSTITUTO EFICAZ CURSOS PROFISSIONALIZANTES DE MARINGA;0
5268;FACULDADE DE SAO JOAQUIM DA BARRA LTDA;0
5269;FACULDADE CRISTA;0
5270;ESCOLA NACIONAL DE SAUDE PUBLICA ENSP;0
5271;ESCOLA NACIONAL DE SAUDE PUBLICA;0
5272;INSTITUTO DE POS GRADUACAO PIO XII;0
5273;FACULDADE SANTA CRUZ;0
5274;INSTITUTO SUPERIOR CULTURAL BRASILEIRO ISCB;0
5275;FACULDADE DE CIENCIAS GERENCIAIS;0
5276;FACULDADE DOCTUM DE CARANGOLA;1
5277;FACULDADE FORTIUM;0
5278;FACULDADE ATUAL;0
5279;CRDA POS GRADUACOES;0
5280;FACULDADE DE EDUCACAO SUPERIOR COELHONETENSE;0
5281;FACULDADE DE EDUCACAO CIENCIA E TECNOLOGIA DO VALE DO ACARAU;0
5282;CENTRO DE ESTUDOS DE PESSOAL;0
5283;HD ENSINOS ODONTOLOGICOS;0
5284;FACULDADE PARA O ENSINO DAS CIENCIAS JURIDICAS INDEPENDENTEMENTE DE DISTANCIA FECJID;0
5285;FACULDADES INTEGRADAS DE TAQUARA;1
5286;INSTITUTO DE CIENCIAS SOCIAIS E ECONOMICAS LTDA;0
5287;NEO NUCLEO DE ESTUDOS ODONTOLOGICOS;0
5288;FACULDADE ANHANGUERA DE RIBEIRAO PRETO;1
5289;FACULDADE DE DIREITO DO ESTADO DE SAO PAULO;0
5290;FACULDADE ANHANGUERA DE CIENCIAS E TECNOLOGIA DE BRASILIA;1
5291;FACULDADE ARAUTOS DO EVANGELHO;0
5292;FACULDADE VIPACS;0
5293;FACULDADE ANHANGUERA DE SUMARE;0
5294;FACULDADE DINAMICA;0
5295;CEPEO CENTRO DE ENSINO E PESQUISA EM ODONTOLOGIA;0
5296;ESCOLA DA VILA ESPECIALIZACAO PEDAGOGICA;0
5297;ESCOLA NACIONAL DE ACUPUNTURA;0
5298;FACULDADE METAFISICA DE SAO PAULO;0
5299;FACULDADE NOVO ATENEU DE GUARAPUAVA;0
5300;FAKCEN;0
5301;FACULDADE RAIZES;0
5302;IDEAL POS GRADUACAO S S LTDA;0
5303;FACULDADE ANHANGUERA DE DOURADOS;1
5304;FACULDADE DE ENFERMAGEM DE SAO SEBASTIAO DO PARAISO;0
5305;FACULDADE DE CIENCIAS SOCIAIS APLICADAS E HUMANAS DE GARANHUNS;0
5306;INSTITUTO SUPERIOR DE CIENCIAS AGRARIAS;0
5307;FASES FACULDADE SHALOM DE ENSINO SUPERIOR;0
5308;IM T INSTUTO MUNDO TRABALHO;0
5309;CEPRENO CENTRO DE ESTUDOS PAULISTA DE REABILITACAO NEUROCLUSAL;0
5310;FACULDADE CIMAN;0
5311;FACULDADE GABARITO;0
5312;CENTRO UNIVERSITARIO UNIFAAT;1
5313;FACULDADES UNIFICADAS DE CATAGUASES;1
5314;FACULDADES DOCTUM DE GUARAPARI;1
5315;FACULDADES UNIFICADAS DE IUNA;1
5316;FACULDADES UNIFICADAS DE LEOPOLDINA;1
5317;FACULDADE PORTOALEGRENSE;0
5318;FACULDADE GUILHERME GUIMBALA;1
5319;INSTITUTO DE POS GRADUACAO AURELIO BUARQUE;0
5320;ESCOLA SUPERIOR DE ENSINO ANISIO TEIXEIRA;0
5321;FESMIP;0
5322;FUNDACAO UNIVERSIDADE FEDERAL DO PAMPA UNIPAMPA;1
5323;INSTITUTO DE EDUCACAO SUPERIOR OLIVEIRAS;0
5324;CIODONTO POS GRADUACAO SANTOS;0
5325;CIODONTO POS GRADUACAO SAO JOSE DOS CAMPOS;0
5326;CIODONTO POS GRADUACAO SALVADOR;0
5327;CIODONTO POS GRADUACAO SAO PAULO I;0
5328;CIODONTO POS GRADUACAO SERTAOZINHO;0
5329;CIODONTO POS GRADUACAO BELO HORIZONTE II;0
5330;CIODONTO POS GRADUACAO ITAJAI;0
5331;CIODONTO POS GRADUACAO RIO DE JANEIRO III;0
5332;CIODONTO POS GRADUACAO VITORIA II;0
5333;CIODONTO POS GRADUACAO VITORIA I;0
5334;CIODONTO POS GRADUACAO ERECHIM;0
5335;CIODONTO POS GRADUACAO FEIRA DE SANTANA;0
5336;CIODONTO POS GRADUACAO PORTO VELHO;0
5337;CIODONTO POS GRADUACAO PORTO ALEGRE;0
5338;CIODONTO POS GRADUACAO RECIFE;0
5339;CIODONTO POGRADUACAO CUIABA;0
5340;CIODONTO POGRADUACAO CAMPO GRANDE;0
5341;CIODONTO POS GRADUACAO MARINGA;0
5342;CIODONTO POS GRADUACAO PASSO FUNDO;0
5343;CIODONTO POS GRADUACAO FLORIANOPOLIS;0
5344;CIODONTO POS GRADUACAO GOIANIA;0
5345;CIODONTO POS GRADUACAO GUARULHOS;0
5346;CIODONTO POS GRADUACAO JOINVILLE;0
5347;CIODONTO POS GRADUACAO MACAPA;0
5348;CIODONTO POS GRADUACAO RIO DE JANEIRO I;0
5349;CIODONTO POS GRADUACAO BELO HORIZONTE I;0
5350;CIODONTO POS GRADUACAO CURITIBA I;0
5351;FACULDADE DE TECNOLOGIA INSTITUTO POLITECNICO DO PARANA UNIDADE GUARAPUAVA;0
5352;FACULDADE DE CIENCIAS E TECNOLOGIA DE NATAL;0
5353;FACULDADE DE TECNOLOGIA BANDEIRANTES;0
5354;FACULDADE CAL DE ARTES CENICAS;0
5355;FACULDADE DE CIENCIAS E DESENVOLVIMENTO DO VALE DO CAPIBARIBE;0
5356;FACULDADE FLUMINENSE DE ENGENHARIA;0
5357;FACULDADE DE CIENCIAS APLICADAS E TECNOLOGICAS DO LITORAL SUL;0
5358;FACULDADE INTEGRADO DE IMPERATRIZ;0
5359;FACULDADE PAULO SETUBAL;0
5360;FACULDADE PADRE ANCHIETA DE VARZEA PAULISTA;0
5361;FACULDADE PITAGORAS DE VOTORANTIM;0
5362;FACULDADE UNIRB ARACAJU;1
5363;INPET INSTITUTO NACIONAL DE PESQUISAS E ESTUDOS TRIBUTARIOS S S LTDA;0
5364;FACULDADE ESPECIALIZADA NA AREA DE SAUDE DO RIO GRANDE DO SUL;0
5365;INSTITUTO TAQUARITINGUENSE DE ENSINO SUPERIOR DOUTOR ARISTIDES DE CARVALHO SCHLOBACH;0
5366;CEOSP CENTRO DE ESTUDOS ODONTOLOGICOS SMILEPREV;0
5367;CIODONTO POS GRADUACAO JOAO PESSOA;0
5368;CIODONTO POS GRADUACAO RIO DE JANEIRO II;0
5369;FACULDADES INTEGRADAS ASMEC;1
5370;CENTRO UNIVERSITARIO DOCTUM DE TEOFILO OTONI;1
5371;CEFAC POS GRADUACAO EM SAUDE E EDUCACAO;0
5372;FACULDADE DE RONDONIA;0
5373;INSTITUTO NACIONAL DE ENSINO SUPERIOR E POS GRADUACAO PADRE GERVASIO;0
5374;FACULDADE BRASILEIRA DE ESTUDOS AVANCADOS FABEA;0
5375;ESCOLA SUPERIOR DE AVIACAO CIVIL;0
5376;FACULDADE UNIESP;0
5377;INSTITUTO INTEGRAL DE PESQUISA E ENSINO;0
5378;INSTITUTO DE MEDICINA TROPICAL;0
5379;INSTITUTO PAULISTA DE ESTUDOS SISTEMICOS IPES;0
5380;INSTITUTO DE CRIMINOLOGIA E POLITICA CRIMINAL ICPC;0
5381;NCD NUTROCLINICA CURSOS A DISTANCIA;0
5382;FACULDADE DE PINDAMONHANGABA;0
5383;AFIP ASSOCIACAO FUNDO DE INCENTIVO A PSICOFARMACOLOGIA;0
5384;IEN INSTITUTO SUPERIOR DE ENSINO DE NEUROPSICOLOGIA;0
5385;FACULDADE DO INSTITUTO DE EDUCACAO EM NEGOCIOS;0
5386;FACULDADES IBDI CAMBORIU;0
5387;FACULDADE IMPACTA;1
5388;FACULDADE SANTISTA FASAN;0
5389;INSTITUTO HELIOPOLIS;0
5390;FACULDADE METROPOLITANA SAO CARLOS BJI;0
5391;THUM INSTITUTO DE POS GRADUACAO E BIOPESQUISAS LTDA;0
5392;INSTITUTO DE PESQUISA E ENSINO ODONTOLOGICO LTDA;0
5393;INSTITUTO SOBRAIMO;0
5394;INSTITUTO DE ENSINO SUPERIOR INTEGRADOIESI;1
5395;INSTITUTO DE ENSINO SUPERIOR MICHELANGELO;0
5396;INSTITUTO SUPERIOR DA ASSOCIACAO FLUMINENSE DE AMPARO AOS CEGOS;0
5397;FACULDADE DE EDUCACAO E CULTURA DE VILHENA;0
5398;FACULDADE SUPERIOR DE ENSINO QUALIFICADO;0
5399;FACULDADE METROPOLITANA DE EDUCACAO E CULTURA;0
5400;FACULDADE FAMA DE SAO LUIS;0
5401;INSTITUTO SUPERIOR DE ENSINO E PESQUISA SAO RAFAEL;0
5402;FUNDACAO JOAQUIM NABUCO;0
5403;CENTRO UNIVERSITARIO OPET;1
5404;INSTITUTO BRASILEIRO DE THERAPIAS E ENSINO;0
5405;ARCA INSTITUTO DE POS GRADUACAO E SERVICOS EM ODONTOLOGIA LTDA;0
5406;INSTITUTO ORAL ESTHETIC DE POS GRADUACAO E APERFEICOAMENTO EM ODONTOLOGIA;0
5407;SISTEMA EDUCACIONAL CORPORATIVO;0
5408;INSTITUTO BRASILEIRO DE POS GRADUACAO IBPG;0
5409;ASSOCIACAO BRASILEIRA DE CIRURGIOES DENTISTAS;0
5410;ASSOCIACAO BRASILEIRA DE CIRURGIOES DENTISTAS;0
5411;ASSOCIACAO PAULISTA DE CIRURGIOES DENTISTAS;0
5412;CENTRO DE DESENVOLVIMENTO CIENTIFICO EM SAUDE;0
5413;FACULDADE DOTTORI;0
5414;ASSOCIACAO PAULISTA DE CIRURGIOES DENTISTAS;0
5415;FACULDADES UNIDAS DE PESQUISA CIENCIAS E SAUDE LTDA;0
5416;FACULDADE METROPOLITANA DE LAGES;0
5417;FACULDADE LA SALLE;0
5418;FACULDADE IBMEC DISTRITO FEDERAL;0
5419;FACULDADE EVANGELICA DE TAGUATINGA;0
5420;FACULDADE DE TECNOLOGIA IBDI BLU;0
5421;FACULDADE DE TECNOLOGIA IBDI;0
5422;FACULDADE DE TECNOLOGIA SENAI CUIABA;0
5423;GANEP GRUPO DE NUTRICAO HUMANA LTDA;0
5424;INSTITUTO LEGISLATIVO BRASILEIRO;0
5425;FACULDADE DE TECNOLOGIA EM SAUDE CIEPH;0
5426;IMES INSTITUTO MINEIRO DE EDUCACAO SUPERIOR;0
5427;FCETM FACULDADE DE CIENCIAS ECONOMICAS DO TRIANGULO MINEIRO;0
5428;FACULDADE ILAPE;0
5429;INSTITUTO SUPERIOR DE ENSINO DE ACREDITACAO E QUALIDADE EM SAUDE ISAQS;0
5430;FACULDADE DE TECNOLOGIA DE MINAS GERAIS FATEMIG;0
5431;CEOSP CENTRO DE ENSINO ODONTOLOGICO SMILE PREV LTDA;0
5432;SOCIEDADE EDUCACIONAL RIOGRANDENSE LTDA;0
5433;INSTITUTO BRASILEIRO DA FORMACAO E DO EMPREGO;0
5434;CENTRO HERMES DE EDUCACAO SUPERIOR;0
5435;FACULDADE DE TECNOLOGIA DO TRANSPORTE;0
5436;FACULDADE DO PROFESSOR;0
5437;FACULDADE PASSIONISTA DE EDUCACAO DE CURITIBA;0
5438;FACULDADE DE TECNOLOGIA DE ENSINO SUPERIOR;0
5439;CENTRO UNIVERSITARIO DO PLANALTO CENTRAL APPARECIDO DOS SANTOS;1
5440;FACULDADE SEAC;0
5441;POS GRADUACAO IREI;0
5442;FACULADE DE CIENCIAS JURIDICAS DE NOVA LIMA;0
5443;FACULDADE ANDREAS PALLADIO ARTES CIENCIAS;0
5444;FACULDADE DE EDUCACAO TECNOLOGIA E ADMINISTRACAO DE CAARAPO;0
5445;FACULDADE DE TECNOLOGIA SAINT PAUL;0
5446;FACULDADE NOBREGA;0
5447;FACULDADE PARA O DESENVOLVIMENTO DO SUDESTE TOCANTINENSE;0
5448;FACULDADE DE TECNOLOGIA FOCUS;0
5449;FACULDADE DE TECNOLOGIA DO NORTE PAULISTA;0
5450;FAT FUNDACAO DE APOIO A TECNOLOGIA;0
5451;FACULDADE ANHANGUERA DE BAURU;1
5452;EVOLUIR;0
5453;INSTITUTO DE POS GRADUACAO EM CIENCIAS DA SAUDE IZAMAR MILIDIU DA SILVA LTDA;0
5454;FACULDADES GESTAO BRASIL;0
5455;FACULDADE PORTO ALEGRENSE;0
5456;INSTITUTO DE ENSINO SUPERIOR DA AMAZONIA;0
5457;INSTITUTO SUPERIOR DE EDUCACAO DA SERRA;0
5458;ESCOLA DO MINISTERIO PUBLICO DE MARINGA;0
5459;FACULDADE DE PEDAGOGIA DA SERRA;0
5460;ESCOLA DO MINISTERIO PUBLICO DE CURITIBA;0
5461;ESCOLA DO MINISTERIO PUBLICO DE LONDRINA;0
5462;FACULDADE DE CIENCIAS DA SAUDE DA SERRA;0
5463;INSTITUTO SUPERIOR DA ASSOCIACAO FLUMINENSE DE AMPARO AOS CEGOS;0
5464;ETHOSFARMA INSTITUTO DE ENSINO;0
5465;CONTEMPORANEO INSTITUTO DE PSICANALISE E TRANSDISCIPLINARIDADE;0
5466;FACULDADE DE CIENCIAS JURIDICAS DE AIMORES;0
5467;INSTITUTO BENJAMIN CONSTANT;0
5468;ESCOLA EXISTENCIAL OTAVIO DE OLIVEIRA BRASIL;0
5469;INEPAD ESCOLA DE NEGOCIOS;0
5470;INSTITUTO SIGNOS DE EDUCACAO S S LTDA;0
5471;FACULDADE RIBEIRA DO POMBAL;0
5472;PROCESSUS FACULDADE DE DIREITO;0
5473;FACULDADE DE CIENCIAS E TECNOLOGIA DA BAHIA;1
5474;ESCOLA DE ULTRA SONOGRAFIA E RECICLAGEM MEDICA RIBEIRAO PRETO EURP;0
5475;INSTITUTO ANISIO TEIXEIRA;0
5476;EXCELLENCE BUSSINESS SCHOOL;0
5477;COLEGIO BRASILEIRO DE CIENCIAS MEDICAS;0
5478;INSTITUTO SUPERIOR DE EDUCACAO IRENE DA CUNHA COSTA;0
5479;SOCIEDADE PAULISTA DE ORTODONTIA;0
5480;SEITON CURSOS;0
5481;CLINICA DE IMAGENOLOGIA;0
5482;FEMPERJ FUNDACAO ESCOLA SUPERIOR DO MINISTERIO PUBLICO DO ESTADO DO RIO DE JANEIRO;0
5483;INSTITUTO DE PESQUISAS E EXPERIMENTOS EM ODONTOLOGIA DO PIAUI LTDA;0
5484;FACULDADE DE EDUCACAO E CULTURA DE JI PARANA;0
5485;FACULDADE DE TECNOLOGIA DIAGRAMA;0
5486;FACULDADE INSPIRAR;0
5487;FACULDADE DE TECNOLOGIA ALTO MEDIO SAO FRANCISCO;0
5488;FACULDADE AURELIO DA ESTANCIA TURISTICA DE EMBU;0
5489;FACULDADE FAMA DE IMPERATRIZ;0
5490;FACULDADE DE MEDICINA DR PAULO PRATA;0
5491;FACULDADE DO INSTITUTO ATLAS DE CIENCIA E TECNOLOGIA;0
5492;FACULDADE DE MEDICINA E DE ENFERMAGEM NOVA ESPERANCA DE NATAL;0
5493;FACULDADE DE TECNOLOGIA SENAI PAULO DE TARSO;0
5494;INSTITUTO JOSE ELIAS TAJRA;0
5495;FACULDADE MAURICIO DE NASSAU FORTALEZA;0
5496;FACULDADE MAURICIO DE NASSAU CABO;0
5497;FACULDADE DE TECNOLOGIA DO ISTITUTO EUROPEO DI DESIGN;0
5498;FACULDADE ORACULO;0
5499;FACULDADE EDUCACIONAL DE FRANCISCO BELTRAO;0
5500;FACULDADE ANGLOAMERICANO DE CHAPECO;0
5501;FACULDADES COC DE GOIANIA;0
5502;FACULDADES COC DE MACEIO;0
5503;FACULDADES COC DE BRASILIA;0
5504;FACULDADE UNIAO DE CAMPO MOURAO;0
5505;INSTITUTO HAHNEMANNIANO DO BRASIL;0
5507;CIODONTO POS GRADUACAO TERESINA;0
5508;CIODONTO POS GRADUACAO FORTALEZA;0
5509;CENTRO DE ENSINO REABILITACAO E TRATAMENTO ODONTOLOGICO;0
5510;FACULDADE DE TECNOLOGIA DE ALAGOAS;0
5511;CENTRO UNIVERSITARIO CAMPO REAL;1
5512;INSTITUTO NACIONAL DE PESQUISAS DA AMAZONIA;0
5513;CENTRO DE ESTUDOS E APERFEICOAMENTO ORTODONTICO PROFESSOR CARLOS TELLES CEAO CT;0
5514;CIODONTO POS GRADUACAO BELEM;0
5515;INSTITUTO SUPERIOR MENDES DE ALMEIDA;0
5516;INSTITUTO DE POS GRADUACAO MEDICA DO RIO DE JANEIRO LTDA;0
5517;INSTITUTO SOCRATES GUANAES ISG;0
5518;FACULDADE GUARAPUAVA;1
5519;IPE POS GRADUACAO LATO SENSU;0
5520;FACULDADE CATHEDRAL;1
5521;FACULDADE DE CIENCIAS E TECNOLOGIA DO VALE;0
5522;FACULDADE ANHANGUERA DE PINDAMONHANGABA;0
5523;FACULDADE DE TECNOLOGIA TECBRASIL UNIDADE NOVO HAMBURGO;0
5524;FACULDADE DE EDUCACAO E CULTURA DE BURITIS;0
5525;FACULDADE DE TECNOLOGIA LOURENCO FILHO;0
5526;FACULDADE DE TECNOLOGIA E DESENVOLVIMENTO DE COMPETENCIAS;0
5527;FACULDADE DE GOIANIA UNIDADE 1;0
5528;FACULDADE METROPOLITANA DE ANAPOLIS;0
5529;FACULDADE SAO FRANCISCO;0
5530;ESCOLA DE DIREITO DE BRASILIA;0
5531;FACULDADE INTER1 DE TECNOLOGIA E CIENCIAS;0
5532;FACULDADE DE TECNOLOGIA FINACI;0
5533;FACULDADE DE CIENCIAS CONTABEIS E ADMINISTR1S DE CACHOEIRO DE ITAPEMIRIM;0
5534;DINAMICO FACULDADE DE FLORIANO;0
5535;INSTITUTO UNIVERSAL DE MARKETING EM AGRIBUSINESS UMA;0
5536;FACULDADE DE TECNOLOGIA INED UNIDADE VENDA NOVA;0
5537;FACULDADES VALE DO CARANGOLA FAVALE;0
5538;GANEP NUTRICAO HUMANA;0
5539;FACULDADE DO CENTRO DO PARANA;0
5540;FACULDADE DE MUSICA SOUZA LIMA;0
5541;FACULDADE DE TECNOLOGIA SENAC MINAS UNIDADE MONTES CLAROS;0
5542;GANEP NUTRICAO HUMANA;0
5543;GANEP NUTRICAO HUMANA;0
5544;FACULDADE PRESIDENTE ANTONIO CARLOS;1
5545;FACULDADE IPANEMA;0
5546;FACULDADE PRINCESA DO OESTE;0
5547;FACULDADE DE MATO GROSSO;0
5548;FACULDADE VILLA LOBOS DO CONE LESTE PAULISTA;0
5549;IPOG INSTITUTO DE POS GRADUACAO E GRADUACAO;0
5550;FACULDADE ANHANGUERA DE ANAPOLIS;1
5551;INSTITUTO MUNICIPAL DE ENSINO SUPERIOR DE ASSIS;0
5552;FACULDADE DE TECNOLOGIA IBRATEC DE JOAO PESSOA;0
5553;UNIVERSIDADE HOLISTICA INTERNACIONAL;0
5554;FUNDACAO DE APOIO CEFET RJ;0
5555;FACULDADE ANHANGUERA DE JACAREI;1
5556;FACULDADE DO ENSINO DO ESTADO DO PARA;0
5557;FACULDADE DE ENFERMAGEM DO HOSPITAL ISRAELITA ALBERT EINSTEIN;0
5558;INSTITUTO DE POS GRADUACAO NIVALDO NUERNBERG;0
5559;FACULDADE DE ENGENHARIA DE MINAS GERAIS FEAMIG;0
5560;CENTRO DE APRENDIZAGEM E DESENVOLVIMENTO PROFISSIONAL;0
5561;ANGIOX;0
5562;FUNDACAO INSTITUTO DE PESQUISAS CONTABEIS ATUARIAIS E FINANCEIRAS FIPECAFI;0
5563;SINDICATO DOS ODONTOLOGISTAS DO ESTADO DE SAO PAULO;0
5564;FACULDADE DOM BOSCO DE CAPITAO LEONIDAS MARQUES;0
5565;FACULDADE INTEGRADO DO RIO GRANDE DO SUL;0
5566;FACULDADE DE TECNOLOGIA NORTE FLUMINENSE;0
5567;INSTITUTO DE ENSINO SUPERIOR FRANCISCANO;0
5568;PRAETORIUM INSTITUTO DE ENSINO PESQUISA E ATIVIDADES DE EXTENSAO EM DIREITO LTDA;0
5569;PRO RIM INSTITUTO DE EDUCACAO E PESQUISA EM SAUDE;0
5570;FUNDACAO GIRAMUNDO;0
5571;ADVANCE CURSOS DE POS GRADUCAO;0
5572;INSTITUTO DE ENSINO PESQUISA E EXTENSAO;0
5573;CENTRO DE PESQUISA E QUALIFICACAO TECNOLOGICA;0
5574;FACULDADE DE TECNOLOGIA DE IPATINGA;0
5575;FACULDADE SAO MARCOS FASAMAR;0
5576;FUNDACAO ESCOLA NACIONAL DE ADMINISTRACAO PUBLICA;0
5577;FACULDADE MAX PLANCK;0
5578;ASSOCIACAO BRASILEIRA DE NUTROLOGIA ABRAN;0
5579;ESCOLA RIOPRETENSE DE ACUPUNTURA;0
5580;AFYA FACULDADE DE CIENCIAS MEDICAS DE GARANHUNS;1
5581;CENTRO DE ESTUDOS DE CIENCIAS ODONTOLOGICAS IPIRANGA CECOI;0
5582;CURSOS SUI JURIS;0
5583;FACULDADE IGUAPENSE SANTO AUGUSTO;0
5584;PANAMERICANA FACULDADE DE ARTE E DESIGN;0
5585;FACULDADE DE TECNOLOGIA SENAC MINAS UNIDADE BELO HORIZONTE;0
5586;FACULDADE DE TECNOLOGIA SENAC MINAS UNIDADE BARBACENA;0
5587;CENTRO DE POS GRADUACAO DA FUNDACAO ESCOLA DE ADMINISTRACAO DA UFBA;0
5588;CENTRO DE POS GRADUACAO DA FUNDACAO ESCOLA DE ADMINISTRACAO DA UFBA;0
5589;INSTITUTO CAPITAL HUMANO;0
5590;ESCOLA DE SOCIOLOGIA E POLITICA DE SAO PAULO;0
5591;FACULDADES INTEGRADAS CAMOES;1
5592;CENTRO UNIVERSITARIO FUNORTE;1
5593;FACULDADE ADVENTISTA DE HORTOLANDIA;0
5594;FEMPTEC FUNDACAO DE EMPREENDIMENTOS PESQ E DESENV INST CIENT E TECNOL DO RIO DE JANEIRO;0
5595;FACULDADE DE FILOSOFIA DE PASSOS;0
5596;FACULDADE EVANGELICA DE SALVADOR;0
5597;INSTITUTO CHIAVENATO;0
5598;INSTITUTO DENTALIS ENSINO E PESQUISA LTDA;0
5599;LIBERTAS FACULDADES INTEGRADAS;1
5600;FACULDADES INTEGRADAS SAO JUDAS TADEU;1
5601;FUNDACAO GORCEIX;0
5602;ESCOLA SUPERIOR NEREU RAMOS;0
5603;HERNANDEZ ASSOCIADOS CONSULTORIA E TREINAMENTO;0
5604;PROFIS;0
5605;CENTRO DE ODONTOLOGIA E POS GRADUACAO SAO DOMINGOS LTDA;0
5606;FACULDADE DE DIREITO DAMASIO DE JESUS;0
5607;CENTRO DE ESTUDOS MONTESSORIANOS MENINO JESUS;0
5608;CEU CENTRO DE ESPECIALIZACAO UNIED;0
5609;FUNDACAO DE ESTUDOS AGRARIOS LUIZ DE QUEIROZ;0
5610;UNIVERSITAS PAULO FREIRE UNIFREIRE;0
5611;UNISAOPAULO UNIVERSIDADES IN COMPANY DE SAO PAULO;0
5612;ASSOCIACAO INSTITUTO ANCHIETA DE ENSINO E PESQUISA;0
5613;ASSOCIACAO DE ENSINO DE CAMBE;0
5614;CAD CENTRO DE IDIOMAS E DESENVOLVIMENTO PROFISSIONAL LTDA;0
5615;AFARP;0
5616;ASSOCIACAO PAULISTA CIRURGIOES DENTISTAS;0
5617;GAPO GRUPO DE APOIO A PESQUISA ODONTOLOGICA;0
5618;ASSOCIACAO DE ASSISTENCIA A CRIANCA DEFICIENTE AACD;0
5619;ASSOCIACAO ODONTOLOGICA DE RIBEIRAO PRETO AORP;0
5620;NAZARE UNIVERSIDADE DA LUZ;0
5621;ACOES SOCIAIS EM SAUDE BUCAL E CIDADANIA B B INSTITUTO B B;0
5622;ORDEM DOS ECONOMISTAS DO BRASIL;0
5623;ASSOCIACAO DOS CIRURGIOES DENTISTAS DE CAMPINAS;0
5624;FACULDADE PARANAPANEMA;0
5625;SOCIEDADE BRASILEIRA DE OFTALMOLOGIA;0
5626;UNIVERSA ESCOLA DE GESTAO;0
5627;FACULDADE DE TECNOLOGIA DE PRESIDENTE PRUDENTE;1
5633;FACULDADE DE TECNOLOGIA DE BRAGANCA PAULISTA;1
5663;FACULDADE DE VARGEM GRANDE PAULISTA;0
5664;FACULDADE DE CIENCIAS HUMANAS E SOCIAIS DE ARARIPINA FACISA;1
5665;FACULDADE CAPIXABA DE NOVA VENECIA;0
5668;FACULDADE ANHANGUERA DE JOINVILLE;1
5669;CENTRO UNIVERSITARIO ETEP;1
5670;CENTRO UNIVERSITARIO DO VALE DO ARAGUAIA;1
5671;CENTRO UNIVERSITARIO SAO JOSE DE ITAPERUNA;1
5680;FATEC CRUZEIRO PROF WALDOMIRO MAY;0
5682;FACULDADE DE TECNOLOGIA DE PIRACICABA;0
5683;FACULDADE DE TECNOLOGIA DA ZONA LESTE;0
5693;FACULDADE DE TECNOLOGIA DE ITAPETININGA PROF ANTONIO BELIZANDRO BARBOSA REZENDE;0
5701;UNIVERSIDADE DO ESTADO DO AMAPA;1
5706;FACULDADE MUNICIPAL DE PALHOCA;1
5715;FACULDADE DE TECNOLOGIA DE LINS;0
5769;FACULDADE DE TECNOLOGIA DE JALES;0
5784;FACULDADE DE TECNOLOGIA ESTUDANTE RAFAEL ALMEIDA CAMARINHA MARILIA;0
6082;CENTRO UNIVERSITARIO MUNICIPAL DE SAO JOSE;0
6182;FACULDADE DE EDUCACAO TECNOLOGICA DO ESTADO DO RIO DE JANEIRO FAETERJ;0
6407;FACULDADE DE TECNOLOGIA DE BOTUCATU;0
6473;FACULDADE DE CIENCIAS E TECNOLOGIA DE BIRIGUI;0
6490;FACULDADE DE TECNOLOGIA DE MAUA;0
6512;FACULDADE DE TECNOLOGIA DE INDAIATUBA;0
6528;FACULDADE DE CIENCIAS APLICADAS DE LIMOEIRO;0
7952;FACULDADE DE TECNOLOGIA DE JACAREI;0
7977;FACULDADE DE TECNOLOGIA DE ITAQUERA;0
8049;FACULDADE DE TECNOLOGIA DE TAUBATE;0
8817;FACULDADE DE TECNOLOGIA DE SAO ROQUE;0
9500;FACULDADE DE TECNOLOGIA DE SAO CARLOS;0
9501;FACULDADE DE TECNOLOGIA SEBRAE;0
9578;FACULDADE DE TECNOLOGIA DE COTIA;0
9739;FACULDADE DE TECNOLOGIA DE CAMPINAS;0
9862;FACULDADE DE TECNOLOGIA DE BEBEDOURO;0
9863;FACULDADE DE TECNOLOGIA DE ASSIS;0
9864;FACULDADE DE TECNOLOGIA DE ITAPIRA;0
10009;FAMAC FACULDADE DE MACHADINHO DO OESTE;0
10016;FACULDADE OBOE FACO;0
10020;INSTITUTO LOGOS DE EDUCACAO SUPERIOR;0
10058;FACULDADE DA FRATERNIDADE DE VALENCA;1
10059;FACULDADE DE TECNOLOGIA DE ENSINO SUPERIOR FATEC;0
10071;FACULDADE DE TEOLOGIA E CIENCIAS HUMANAS;1
10116;FACULDADE DE TECNOLOGIA SENAI MATO GROSSO;1
10251;FACULDADE METODISTA CONEXIONAL;1
10323;FACULDADE SAO PAULO TECH SCHOOL;1
10349;FACULDADE DE TECNOLOGIA IPPEO;1
10385;INSTITUTO SAO PAULO DE ESTUDOS SUPERIORES;1
10418;FACULDADE DE SANTA RITA DO PASSA QUATRO;0
10478;FACULDADE DE TECNOLOGIA DE SANTANA DE PARNAIBA;0
10588;FACULDADE UNINABUCO SAO LOURENCO DA MATA;0
10613;FACULDADE FASUP;1
10685;FACULDADE MULTIVIX SAO MATEUS;1
10836;FACULDADE UNIAO ARARUAMA DE ENSINO S/S LTDA.;1
10846;FACULDADE DE INOVACAO DO PARANA;0
10921;FACULDADE DE CIENCIAS E TECNOLOGIA DO MARANHAO;0
10923;FACULDADE DE TECNOLOGIA DO TRANSPORTE;0
10929;FACULDADE SANTO ANDRE;0
10950;FACULDADE MARECHAL CANDIDO RONDON;0
11007;FACULDADE CENTRO OESTE DO PARANA;0
11058;FACULDADE ITOP;0
11095;ACADEMIA MILITAR DAS AGULHAS NEGRAS;0
11206;ESCOLA DE EDUCACAO FISICA DO EXERCITO;0
11289;ESCOLA SUPERIOR NACIONAL DE SEGUROS DE SAO PAULO;1
11308;FACULDADE ANHANGUERA DE SUMARE;1
11376;FACULDADE VILLALOBOS DO CONELESTE PAULISTA;0
11384;FACULDADE ANHANGUERA DE RIBEIRAO PRETO;0
11428;FACULDADE DE TECNOLOGIA ALTO MEDIO SAO FRANCISCO;1
11429;FACULDADE ESPECIALIZADA NA AREA DE SAUDE DO RIO GRANDE DO SUL;1
11544;CENTRO UNIVERSITARIO METROPOLITANO DE EDUCACAO E CULTURA;1
11563;FACULDADE DE TECNOLOGIA DA SERRA GAUCHA CAXIAS DO SUL;0
11584;FACULDADE CAL DE ARTES CENICAS;1
11586;FACULDADES NETWORK CAMPUS SUMARE;1
11593;FACULDADE DE CIENCIAS DA AMAZONIA;1
11604;FACULDADE SANTA RITA DE CHAPECO;1
11644;FACULDADE PRESBITERIANA AUGUSTO GALVAO;0
11645;FACULDADE UNINASSAU VILHENA;1
11697;FACULDADE SERIGY;0
11748;FACULDADE DE EDUCACAO E CULTURA DE JIPARANA;0
11750;FACULDADE ANHANGUERA PITAGORAS VOTORANTIM;0
11751;FACULDADE PITAGORAS DE TECNOLOGIA DE BETIM;0
11752;FACULDADE SUDOESTE PAULISTA TATUI FSP;0
11807;ISTITUTO EUROPEO DI DESIGN;1
11817;FACULDADE DO POVO;0
11818;FACULDADE INSPIRAR;1
11841;FACULDADE EVOLUCAO ALTO OESTE POTIGUAR;1
11860;INSTITUTO NACIONAL DE ENSINO SUPERIOR E POSGRADUACAO PADRE GERVASIO;1
11861;FACULDADE DE CIENCIAS APLICADAS E TECNOLOGICAS DO LITORAL SUL;0
11862;FACULDADE ALFREDO NASSER DE REMANSO;1
11895;FACULDADE UNIBRAS BRASILIA;1
11902;FACULDADE DE TECNOLOGIA E DESENVOLVIMENTO DE COMPETENCIAS;1
11951;FACULDADE DO SERTAO BAIANO;1
12005;FACULDADE DE TECNOLOGIA INED UNIDADE VENDA NOVA;0
12052;FACULDADE DE TECNOLOGIA SENAI PAULO DE TARSO;0
12136;FACULDADE DE TECNOLOGIA DO RIO DE JANEIRO;0
12189;INSTITUTO DE EDUCACAO DE MONTES CLAROS;0
12229;FACULDADE DE TECNOLOGIA FAESA VILA VELHA;0
12247;INSTITUTO BRASILEIRO DE ENSINO DESENVOLVIMENTO E PESQUISA DE BRASILIA;1
12249;FACULDADE PADRE ANCHIETA DE VARZEA PAULISTA;0
12268;FACULDADE DE TECNOLOGIA DE CRUZEIRO DO OESTE;1
12338;FACULDADE DE TECNOLOGIA LA SALLE ESTRELA;1
12346;FACULDADE METROPOLITANA SAO CARLOS;0
12410;INSTITUTO SUPERIOR DO MINISTERIO PUBLICO;1
12415;FACULDADE MAURICIO DE NASSAU DE MACEIO;1
12416;FACULDADE BRASILIENSE DE NEGOCIOS;0
12421;FACULDADES COC DE SAO PAULO;0
12430;CENTRO UNIVERSITARIO SAO CARLOS;1
12522;FACULDADE MOGIANA DO ESTADO DE SAO PAULO;1
12523;FACULDADE DA SERRA GAUCHA DE BENTO GONCALVES;1
12533;FACULDADE DOM BOSCO DE CAPITAO LEONIDAS MARQUES;1
12547;FACITEN FACULDADE DE CIENCIAS E TECNOLOGIAS DE NATAL;1
12584;SUSTENTARE ESCOLA DE NEGOCIOS;1
12594;FACULDADE DE NEGOCIOS;0
12597;FACULDADE PASSIONISTA DE EDUCACAO DE CURITIBA;0
12601;FACULDADE BRASILEIRA DE ESTUDOS AVANCADOS;1
12611;FACULDADE DE MUSICA SOUZA LIMA;1
12620;FACULDADE SETE LAGOAS;1
12625;ESCOLA SUPERIOR DE AVIACAO CIVIL;1
12661;FACULDADE DE TECNOLOGIA SAINT PAUL;1
12718;FACULDADE UNICA DE TIMOTEO;1
12723;FACULDADE FINACI;1
12735;FACULDADE DE CIENCIAS HUMANAS E SOCIAIS DO XINGU E AMAZONIA;1
12748;FETAC FACULDADE DE EDUCACAO TECNOLOGIA E ADMINISTRACAO DE CAARAPO;1
12749;FACULDADES UNIDAS DE PESQUISA CIENCIAS E SAUDE LTDA;1
12754;FACULDADE CRISTA DE CURITIBA;1
12758;FACULDADE UNESCUNAMA;1
12766;FACULDADE UNIAO DE CAMPO MOURAO;1
12772;FACULDADE DE TECNOLOGIA SENAC MINAS UNIDADE BELO HORIZONTE;1
12784;FACULDADE DE TECNOLOGIA FTEC;1
12791;FACULDADE ANHANGUERA DE PINDAMONHANGABA;1
12803;FACULDADE IBMEC DISTRITO FEDERAL;0
12817;FACULDADE IMESP MONITOR;1
12829;FACULDADE EXITO;0
12847;FACULDADE EDUCACIONAL DE FRANCISCO BELTRAO;0
12848;FACULDADE DE TECNOLOGIA SENAC MINAS UNIDADE BARBACENA;1
12869;FACULDADES JOAO PAULO II;1
12899;FACULDADE IBRA DE MINAS GERAIS;1
12916;IPOG INSTITUTO DE POSGRADUACAO & GRADUACAO;1
12922;FACULDADE DE TECNOLOGIA E CIENCIAS DA BAHIA;1
12923;FACULDADE DE TECNOLOGIA IPANEMA;0
12928;FACULDADE CGESP GOIANIA;1
12946;FACULDADE DE MATO GROSSO;1
13014;FACULDADE DE TEOLOGIA DA ARQUIDIOCESE DE BRASILIA;1
13034;FACULDADE CORAM DEO;1
13040;FACULDADE DE CIENCIAS MEDICAS DO PARA;1
13073;FACULDADE DE TECNOLOGIA AEROTD;1
13106;FACULDADE MULTIVERSA DE TECNOLOGIA;1
13133;FACULDADE ANHANGUERA DE GOIANIA;1
13238;INSTITUTO BRASILEIRO DE EDUCACAO SUPERIOR CONTINUADA;0
13300;FACULDADE ADJETIVO CETEP;1
13359;FACULDADE IDEAU DE BAGE;1
13417;FACULDADE PRINCESA DO OESTE;1
13452;FACULDADE DE TECNOLOGIA FUNDACAO UNIVERSITARIA DE CARDIOLOGIA;0
13466;GRUPO DE NUTRICAO HUMANA;1
13467;FACULDADE PRAKTOS;1
13476;FACULDADE SAO BASILIO MAGNO;1
13481;FACULDADES INTEGRADAS RIO BRANCO GRANJA VIANNA;1
13484;FACULDADE EUROPEIA DE VITORIA;1
13486;FACULDADE FACTUM;1
13488;FACULDADE SEQUENCIAL;1
13498;FACULDADE DE TECNOLOGIA DE BARRETOS;0
13527;FACULDADE CANCAO NOVA;1
13538;FACULDADE CARAGUA;0
13620;FACULDADE ANHANGUERA DE PORTO ALEGRE;1
13625;FACULDADE DE TECNOLOGIA NOVA PALHOCA;0
13630;ESCOLA SUPERIOR DO MINISTERIO PUBLICO DA UNIAO;0
13631;FACULDADE DE CIENCIAS EDUCACAO SAUDE PESQUISA E GESTAO;1
13643;FACULDADES EVANGELICAS INTEGRADAS CANTARES DE SALOMAO;1
13648;FACULDADE DE SAO MARCOS;1
13657;FACULDADE UNIATENEU;0
13663;FACULDADE ISEIB DE BETIM;1
13666;FACULDADE DE DIREITO DE CONTAGEM;1
13674;FACULDADE DE TECNOLOGIA SENAI TELEMACO BORBA;0
13677;FACULDADE DE TECNOLOGIA SENAI CIC;1
13684;FACULDADE ANHANGUERA DE CONTAGEM;1
13695;ESCOLA DE MATEMATICA APLICADA;1
13696;FACULDADE IBCMED;0
13716;FACULDADE DE TECNOLOGIA GAP;1
13717;FACULDADES DO VALE DO ARARANGUA FVA;1
13724;PANAMERICANA FACULDADE DE ARTE E DESIGN;0
13728;FACULDADE DOS CARAJAS;1
13735;FACULDADE DE TECNOLOGIA CAPACITACAO E GESTAO INTEGRAL;0
13743;FACULDADE ANHANGUERA DE GOVERNADOR VALADARES;1
13749;FACULDADE EDUCACIONAL ARAUCARIA;1
13752;FACULDADE METROPOLITANA DE GUARULHOS;1
13758;ESCOLA DE ADMINISTRACAO DE BRASILIA;0
13764;FACULDADE DE TECNOLOGIA DE AMPERE;0
13775;FACULDADE DE TECNOLOGIA IBRATE;1
13782;FACULDADE DE SANTA CRUZ DA BAHIA;1
13783;FACULDADE ESTACIO DE FEIRA DE SANTANA;1
13784;FACULDADE DO PLANALTO CENTRAL;1
13792;INSTITUICAO DE ENSINO SUPERIOR DE CACOAL;1
13796;FACULDADE DE PORTO FELIZ;1
13805;FACULDADE ADVENTISTA DA AMAZONIA;1
13809;FACULDADE SANTO AGOSTINHO DE SETE LAGOAS;1
13811;TREVISAN ESCOLA SUPERIOR DE NEGOCIOS;0
13812;ESCOLA SUPERIOR ABERTA DO BRASIL;0
13818;FACULDADE LA SALLE CAXIAS;0
13828;FACULDADE ISEIB DE BELO HORIZONTE;1
13832;FACULDADE SAGRADA FAMILIA;1
13845;ESCOLA DIEESE DE CIENCIAS DO TRABALHO;1
13856;FACULDADE FACCENTRO;0
13865;FACULDADE SISTEMA DE ENSINO GAUCHO;0
13873;FACULDADE FINOM DE PATOS DE MINAS;1
13878;FATEC FACULDADE SENAI DE TECNOLOGIA;0
13883;FACULDADE MURIALDO;1
13889;FACULDADE ITAPURANGA;1
13890;FACULDADE DE TECNOLOGIA BSGU;0
13897;FACULDADE LABORO;1
13903;FACULDADE DE CIENCIAS GERENCIAIS DE SANTOS DUMONT;0
13938;FACULDADE DE MARILIA;1
13944;FACULDADE DE ADMINISTRACAO E NEGOCIOS;1
13971;INSTITUTO DE ENSINO SUPERIOR INTEGRADO;0
13982;CENTRO UNIVERSITARIO DA AMAZONIA BELEM;1
13993;CENTRO UNIVERSITARIO DE PATOS DE MINAS;0
14002;FACULDADE DOS GUARARAPES;0
14005;INSTITUTO SUPERIOR DE CIENCIAS HUMANAS E SOCIAIS APLICADAS DE ABAETE;0
14027;FACULDADE PRESIDENTE ANTONIO CARLOS DE MATOZINHOS;0
14028;CENTRO UNIVERSITARIO UNA DE BETIM;1
14029;FACULDADE PRESIDENTE ANTONIO CARLOS DE AIMORES;1
14032;FACULDADE PRESIDENTE ANTONIO CARLOS DE BELO HORIZONTE;0
14069;FACULDADE DE TECNOLOGIA PORTO SUL;1
14090;FACULDADE BETIM;0
14095;FACULDADE DE TECNOLOGIA FUTURO;0
14097;FACULDADE REFIDIM;1
14098;FACULDADE PRESIDENTE ANTONIO CARLOS DE ALMENARA;0
14101;FACULDADE PRESIDENTE ANTONIO CARLOS DE BAEPENDI;1
14114;FACULDADE PRESIDENTE ANTONIO CARLOS DE MUTUM;0
14115;FACULDADE PRESIDENTE ANTONIO CARLOS DE PONTE NOVA;1
14117;FACULDADE PRESIDENTE ANTONIO CARLOS DE PIRANGUINHO;0
14118;FACULDADE PRESIDENTE ANTONIO CARLOS DE RAUL SOARES;0
14119;FACULDADE PRESIDENTE ANTONIO CARLOS DE SAO FRANCISCO;0
14121;FACULDADE PRESIDENTE ANTONIO CARLOS DE SAO JOAO NEPOMUCENO;1
14122;FACULDADE PRESIDENTE ANTONIO CARLOS DE BELO ORIENTE;0
14123;FACULDADE PRESIDENTE ANTONIO CARLOS DE BOM SUCESSO;0
14124;FACULDADE PRESIDENTE ANTONIO CARLOS DE BURITIS;0
14125;FACULDADE PRESIDENTE ANTONIO CARLOS DE CAMPOS ALTOS;0
14126;FACULDADE PRESIDENTE ANTONIO CARLOS DE SAO LOURENCO;0
14127;FACULDADE PRESIDENTE ANTONIO CARLOS DE CAMPO BELO;0
14128;FACULDADE PRESIDENTE ANTONIO CARLOS DE VAZANTE;0
14129;FACULDADE PRESIDENTE ANTONIO CARLOS DE CURVELO;0
14130;FACULDADE PRESIDENTE ANTONIO CARLOS DE VARZEA DA PALMA;0
14131;FALCULDADE PRESIDENTE ANTONIO CARLOS DE DIVISA ALEGRE;0
14132;FACULDADE PRESIDENTE ANTONIO CARLOS DE ITANHANDU;0
14133;FACULDADE PRESIDENTE ANTONIO CARLOS DE LAMBARI;0
14134;FACULDADE PRESIDENTE ANTONIO CARLOS DE ABRE CAMPO;0
14135;FACULDADE PRESIDENTE ANTONIO CARLOS DE SAO GOTARDO;0
14147;FACULDADE PRESIDENTE ANTONIO CARLOS DE BARAO DE COCAIS;0
14148;FACULDADE PRESIDENTE ANTONIO CARLOS DE MARIANA;1
14149;FACULDADE PRESIDENTE ANTONIO CARLOS DE BOCAIUVA;0
14150;FACULDADE PRESIDENTE ANTONIO CARLOS DE MONTES CLAROS;0
14151;FACULDADE PRESIDENTE ANTONIO CARLOS DE NOVA LIMA;1
14152;FACULDADE PRESIDENTE ANTONIO CARLOS DE PIUMHI;0
14153;FACULDADE PRESIDENTE ANTONIO CARLOS DE PORTEIRINHA;0
14154;FACULDADE PRESIDENTE ANTONIO CARLOS DE RAPOSOS;0
14155;FACULDADE PRESIDENTE ANTONIO CARLOS DE SABARA;0
14156;FACULDADE PRESIDENTE ANTONIO CARLOS DE TEOFILO OTONI;1
14157;FACULDADE DE EDUCACAO E ESTUDOS SOCIAIS DE UBERLANDIA;1
14158;FACULDADE DE TECNOLOGIA DE NOVO CABRAIS;0
14159;FACULDADE PRESIDENTE ANTONIO CARLOS DE CARMO DO PARANAIBA;0
14160;FACULDADE PRESIDENTE ANTONIO CARLOS DE CARMOPOLIS;0
14161;FACULDADE UNICA DE CONTAGEM;1
14162;FACULDADE PRESIDENTE ANTONIO CARLOS DE GOVERNADOR VALADARES;1
14163;FACULDADE DE EDUCACAO E ESTUDOS SOCIAIS DE GOVERNADOR VALADARES;0
14165;FACULDADE TRES PONTAS;1
14166;FACULDADE PRESIDENTE ANTONIO CARLOS DE ITABIRA;0
14167;FACULDADE PRESIDENTE ANTONIO CARLOS DE LAJINHA;0
14169;FACULDADE PRESIDENTE ANTONIO CARLOS DE ITAMBACURI;0
14170;FACULADE PRESIDENTE ANTONIO CARLOS DE NEPOMUCENO;0
14171;FACULDADE PRESIDENTE ANTONIO CARLOS DE PERDOES;0
14172;FACULDADE PRESIDENTE ANTONIO CARLOS DE POTE;0
14173;FACULDADE PRESIDENTE ANTONIO CARLOS DE RIBEIRAO DAS NEVES;0
14174;FACULDADE PRESIDENTE ANTONIO CARLOS DE SAO GONCALO DO RIO ABAIXO;0
14178;FACULDADE PRESIDENTE ANTONIO CARLOS DE ITAOBIM;0
14181;ESCOLA SUPERIOR DO COOPERATIVISMO;1
14183;FACULDADE PRESIDENTE ANTONIO CARLOS DE SAO JOAO DEL REI;0
14189;FACULDADE PRESIDENTE ANTONIO CARLOS DE MARIANA;0
14191;FACULDADE PRESIDENTE ANTONIO CARLOS DE TEOFILO OTONI;0
14192;FACULDADE PRESIDENTE ANTONIO CARLOS DE NANUQUE;0
14194;FATEC FACULDADE DE TEOLOGIA E CIENCIAS DE VOTUPORANGA;1
14199;INSTITUTO SUPERIOR DE EDUCACAO DO ALTO SAO FRANCISCO;0
14201;INSTITUTO SUPERIOR DE CIENCIAS AGRARIAS;0
14204;FACULDADE PRESIDENTE ANTONIO CARLOS DE ARCOS;0
14205;FACULDADE PRESIDENTE ANTONIO CARLOS DE BAMBUI;0
14206;FACULDADE PRESIDENTE ANTONIO CARLOS DE ELOI MENDES;0
14207;FACULDADE PRESIDENTE ANTONIO CARLOS DE JUATUBA;0
14208;FACULDADE PRESIDENTE ANTONIO CARLOS DE LAGOA DOS PATOS;0
14209;FACULDADE PRESIDENTE ANTONIO CARLOS DE LAGOA SANTA;0
14210;FACULDADE PRESIDENTE ANTONIO CARLOS DE MARIA DA FE;0
14211;FACULDADE PRESIDENTE ANTONIO CARLOS DE NAZARENO;0
14212;FACULDADE PRESIDENTE ANTONIO CARLOS DE SAO ROMAO;0
14213;FACULDADE PRESIDENTE ANTONIO CARLOS DE SETUBINHA;0
14214;FACULDADE PRESIDENTE ANTONIO CARLOS DE ALVARENGA;0
14215;FACULDADE PRESIDENTE ANTONIO CARLOS DE BARROSO;0
14216;FACULDADE PRESIDENTE ANTONIO CARLOS DE DIVINO;0
14217;FACULDADE PRESIDENTE ANTONIO CARLOS DE LADAINHA;0
14218;FACULDADE PRESIDENTE ANTONIO CARLOS DE LUMINARIAS;0
14219;FACULDADE PRESIDENTE ANTONIO CARLOS DE LIBERDADE;0
14220;FACULDADE PRESIDENTE ANTONIO CARLOS DE PIRAUBA;0
14221;FACULDADE PRESIDENTE ANTONIO CARLOS DE SAO DOMINGOS DO PRATA;0
14222;FACULDADE PRESIDENTE ANTONIO CARLOS DE SENHORA DOS REMEDIOS;0
14223;FACULDADE PRESIDENTE ANTONIO CARLOS DE CENTRAL DE MINAS;0
14224;FACULDADE PRESIDENTE ANTONIO CARLOS DE CONCEICAO DAS ALAGOAS;0
14225;FACULDADE PRESIDENTE ANTONIO CARLOS DE FELIXLANDIA;0
14226;FACULDADE PRESIDENTE ANTONIO CARLOS DE JABOTICATUBAS;0
14227;FACULDADE PRESIDENTE ANTONIO CARLOS DE RECREIO;0
14228;FACULDADE PRESIDENTE ANTONIO CARLOS RIO NOVO;0
14229;FACULDADE PRESIDENTE ANTONIO CARLOS DE SAO VICENTE DE MINAS;0
14230;FACULDADE PRESIDENTE ANTONIO CARLOS DE TOCANTINS;0
14231;FACULDADE PRESIDENTE ANTONIO CARLOS DE URUANA DE MINAS;0
14232;FACULDADE PRESIDENTE ANTONIO CARLOS DE VESPASIANO;0
14236;FACULDADE DE CIENCIAS GERENCIAIS;0
14237;INSTITUTO SUPERIOR DE EDUCACAO DE CLAUDIO;0
14241;FACULDADE PRESIDENTE ANTONIO CARLOS DE ANDRE DA SILVEIRA;0
14242;FACULDADE CONEXAO;1
14243;FACULDADE PRESIDENTE ANTONIO CARLOS DE ITABIRITO;1
14244;FACULDADE PRESIDENTE ANTONIO CARLOS DE MONTE CARMELO;0
14245;FACULDADE PRESIDENTE ANTONIO CARLOS DE CAMPINA VERDE;0
14246;FACULDADE PRESIDENTE ANTONIO CARLOS DE UBERABA;1
14247;FACULDADE PRESIDENTE ANTONIO CARLOS DE TUPACIGUARA;0
14248;FACULDADE PRESIDENTE ANTONIO CARLOS DE UBERLANDIA;1
14249;FACULDADE PRESIDENTE ANTONIO CARLOS DE CONGONHAS;0
14258;INSTITUTO SUPERIOR DE ENSINO E PESQUISA DE CAMBUI;0
14261;FACULDADE PRESIDENTE ANTONIO CARLOS DE CONSELHEIRO PENA;0
14263;FACULDADE PRESIDENTE ANTONIO CARLOS DE ITAJUBA;0
14288;FACULDADE CATOLICA DE SANTA CATARINA;1
14297;FACULDADE UNIRB PARNAIBA;1
14303;FACULDADE PADRAO DE SENADOR CANEDO;1
14313;NOVA FACULDADE;1
14321;CENTRO UNIVERSITARIO MAURICIO DE NASSAU DE FORTALEZA;1
14326;FACULDADE DE TECNOLOGIA INSAEOS;0
14342;FACULDADE REDENTOR DE CAMPOS;0
14367;FACULDADE EFICAZ;0
14383;FACULDADE CNEC DE EDUCACAO DE UBERABA;1
14401;FACULDADE DE TECNOLOGIA PORTO DAS MONCOES;1
14403;CENTRO UNIVERSITARIO DO PARANA;1
14408;INSTITUTO FEDERAL DE EDUCACAO CIENCIA E TECNOLOGIA DE BRASILIA;1
14412;FACULDADE DE TECNOLOGIA SENAI PERNAMBUCO;1
14413;FACULDADE RENIL DO BRASIL;1
14429;FACULDADE ANHANGUERA DE MACEIO;1
14509;INSTITUTO FEDERAL DE EDUCACAO CIENCIA E TECNOLOGIA BAIANO;1
14609;FACULDADE DE TECNOLOGIA SENAI CONDE JOSE VICENTE DE AZEVEDO;1
14622;FACULDADE UNIFTB;1
14715;CENTRO UNIVERSITARIO PIAGET;1
14717;CENTRO UNIVERSITARIO MAURICIO DE NASSAU DE CARUARU;1
14718;FACULDADE ABRANGES;1
14724;INSTITUTO FEDERAL DE EDUCACAO CIENCIA E TECNOLOGIA DO PARANA;1
14727;FACULDADE PROGRESSO;1
14738;FACULDADE FELUMA SAUDE TECNOLOGIA E CIENCIA;0
14782;FACULDADE DE TECNOLOGIA SENAI CASCAVEL;0
14783;FACULDADE DE TECNOLOGIA SENAI TOLEDO;0
14784;FACULDADE DE TECNOLOGIA SENAI CURITIBA;1
14785;FACULDADE DE TECNOLOGIA SENAI MARINGA;0
14786;FACULDADE DE TECNOLOGIA SENAI LONDRINA;1
14858;FACULDADE DE TECNOLOGIA FRANCISCO MORATO;1
14860;FACULDADE UNIVERSUN NOCOES & SABERES;1
14869;FACULDADE FAIPE;1
14878;TREVISAN ESCOLA SUPERIOR DE NEGOCIOS;0
14879;FACULDADE DOURADO;0
14882;FACULDADE HORIZONTE;1
14890;FACULDADE PRAIA GRANDE;1
14892;FACULDADE DE CIENCIAS DA SAUDE DE BARRETOS DR. PAULO PRATA;1
14901;FACULDADE INTEGRADA CARAJAS;1
14914;FACULDADE TEOLOGICA EVANGELICA DO RIO DE JANEIRO;0
14927;FACULDADE UNICA DE FORMACAO E ENSINO;1
14947;FACULDADE DE CIENCIAS DO TOCANTINS;1
14951;CENTRO UNIVERSITARIO FEITEP;1
14961;FACULDADE DE TECNOLOGIA EM SAUDE IAHCS;1
14969;FACULDADE DE TECNOLOGIA EM SAUDE;1
14975;FACULDADE DO NORDESTE DA BAHIA;1
14996;FACULDADE DIPLOMATA;1
15001;UNIVERSIDADE FEDERAL DA INTEGRACAO LATINOAMERICANA;1
15015;UNIVERSIDADE ESTADUAL DO NORTE DO PARANA;1
15032;UNIVERSIDADE ALTO VALE DO RIO DO PEIXE;1
15053;CENTRO UNIVERSITARIO UNIVERSO GOIANIA;1
15054;CENTRO UNIVERSITARIO UNIVERSO RECIFE;1
15055;CENTRO UNIVERSITARIO UNIVERSO BELO HORIZONTE;1
15056;CENTRO UNIVERSITARIO UNIVERSO SALVADOR;1
15057;CENTRO UNIVERSITARIO UNIVERSO JUIZ DE FORA;1
15059;UNIVERSIDADE FEDERAL DO OESTE DO PARA;1
15079;FACULDADE MASTER DE PARAUAPEBAS FAMAP;1
15121;UNIVERSIDADE FEDERAL DA FRONTEIRA SUL;1
15133;FACULDADE JARDINS;1
15135;FACULDADE DE TECNOLOGIA SENAC AMAZONAS;1
15173;FACULDADE EVANGELICA DE JARAGUA;1
15236;FACULDADE PROFESSOR SERGIO SILVA;1
15272;FACULDADE DE TECNOLOGIA EDUCACAO SUPERIOR E PROFISSIONAL;1
15280;FACULDADE BRASILEIRA DE ENSINO PESQUISA E EXTENSAO;1
15351;FACULDADE CESURG MARAU;1
15355;FACULDADE PRESIDENTE ANTONIO CARLOS DE BOM DESPACHO;0
15357;FACULDADE PRESIDENTE ANTONIO CARLOS DE UBA;1
15382;FACULDADE AJES;1
15383;FACULDADE PARA O DESENVOLVIMENTO SUSTENTAVEL DA AMAZONIA;1
15401;FACULDADE FIPECAFI;1
15410;FACULDADE DE CIENCIAS HUMANAS E SOCIAIS DE SERRA TALHADA;1
15428;FACULDADE UNIRB NATAL;1
15433;FACULDADE CATOLICA DE MATO GROSSO;1
15445;FACULDADE DA INDUSTRIA CURITIBA;0
15447;CENTRO UNIVERSITARIO PRESIDENTE ANTONIO CARLOS DE BARBACENA;0
15448;CENTRO UNIVERSITARIO PRESIDENTE ANTONIO CARLOS JUIZ DE FORA;0
15449;CENTRO UNIVERSITARIO PRESIDENTE ANTONIO CARLOS DE ARAGUARI;0
15450;CENTRO UNIVERSITARIO UNICA;1
15451;FACULDADE DE DIREITO DE IPATINGA;1
15452;CENTRO UNIVERSITARIO UNA DE BOM DESPACHO;1
15453;FACULDADE PRESIDENTE ANTONIO CARLOS DE CONSELHEIRO LAFAIETE;1
15467;FACULDADE PRESIDENTE ANTONIO CARLOS DE VISCONDE DO RIO BRANCO;1
15468;FACULDADE PRESIDENTE ANTONIO CARLOS DE LEOPOLDINA;1
15497;UNIVERSIDADE DA INTEGRACAO INTERNACIONAL DA LUSOFONIA AFROBRASILEIRA;1
15500;FACULDADE LUSOCAPIXABA;0
15501;FACULDADE DE TECNOLOGIA SENAI ROBERTO SIMONSEN;1
15502;FACULDADE DE TECNOLOGIA SENAI SUICOBRASILEIRA PAULO ERNESTO TOLLE;1
15504;FACULDADE IRECE;1
15507;INSTITUTO FEDERAL DE EDUCACAO CIENCIA E TECNOLOGIA DO ACRE;1
15508;CENTRO DE ENSINO UNIFICADO DO PIAUI;1
15518;FACUDADE DE MORRINHOS;0
15520;INSTITUTO FEDERAL DE EDUCACAO CIENCIA E TECNOLOGIA DE MATO GROSSO DO SUL;1
15521;FACULDADE CATOLICA DE SAO JOSE DOS CAMPOS;0
15522;INSTITUTO FEDERAL DE EDUCACAO CIENCIA E TECNOLOGIA DO AMAPA;1
15526;FACULDADE UNIRB CEARA;1
15562;FACULDADE BATISTA DO CARIRI;1
15576;FACULDADE DE TECNOLOGIA DE MOGI DAS CRUZES;1
15581;FACULDADE DE TECNOLOGIA DE SAO JOSE DOS CAMPOS JESSEN VIDAL;1
15585;FACULDADE DE TECNOLOGIA SANTO ANDRE;1
15611;FACULDADE TECNOLOGICA LATINO AMERICANA;1
15639;FACULDADE DE TECNOLOGIA DE ITAQUAQUECETUBA;1
15667;FACULDADE UNIRB JUAZEIRO;1
15669;FACULDADE DE CIENCIAS EXATAS DE GARANHUNS;0
15680;FATEC CRUZEIRO PROF. WALDOMIRO MAY;1
15682;FACULDADE DE TECNOLOGIA DE PIRACICABA;1
15687;FACULDADE DE TECNOLOGIA DE PINDAMONHANGABA;1
15688;FACULDADE DE TECONOLOGIA DA ZONA SUL;1
15689;FACULDADE DE TECNOLOGIA DE BAURU;1
15693;FACULDADE DE TECNOLOGIA DE ITAPETININGA PROF.ANTONIO BELIZANDRO BARBOSA REZENDE;1
15695;FACULDADE DE TECNOLOGIA DOM AMAURY CASTANHO;1
15696;FACULDADE DE TECNOLOGIA DE SERTAOZINHO;1
15697;FACULDADE DE TECNOLOGIA DE ARACATUBA;1
15704;FACULDADE DE TECNOLOGIA DE CAPAO BONITO;1
15705;ESCOLA DE ADMINISTRACAO FAZENDARIA;0
15708;FACULDADE DE TECNOLOGIA DR. THOMAZ NOVELINO;1
15709;FACULDADE DE TECNOLOGIA DE OSASCO PREFEITO HIRANT SANAZAR;1
15714;FATEC ARTHUR AZEVEDO MOGI MIRIM;1
15715;FACULDADE DE TECNOLOGIA PROFESSOR ANTONIO SEABRA;1
15716;CENTRO EDUCACIONAL EM AERONAUTICA;1
15745;FACULDADE DE TECNOLOGIA DE SAO CAETANO DO SUL;1
15746;FACULDADE DE TECNOLOGIA DO IPIRANGA;1
15752;FACULDADE DE TECNOLOGIA DE GUARULHOS;1
15753;FACULDADE DE TECNOLOGIA NILO DE STEFANI JABOTICABAL;1
15757;FACULDADE DE TECNOLOGIA DE BARUERI;1
15769;FACULDADE DE TECNOLOGIA DE JALES;1
15775;FACULDADE DE TECNOLOGIA PROFESSOR FERNANDO AMARAL DE ALMEIDA PRADO;0
15777;FACULDADE SUDOESTE PAULISTAITAPETININGA;0
15784;FACULDADE DE TECNOLOGIA ESTUDANTE RAFAEL ALMEIDA CAMARINHA MARILIA;1
15791;FACULDADE DE RONDONIA;0
15792;FACULDADE DE RONDONIA;0
15793;FACULDADE DE TECNOLOGIA DE SAO SEBASTIAO;1
15803;FACULDADE DE TECNOLOGIA DE TATUI PROF. WILSON ROBERTO RIBEIRO DE CAMARGO;1
15833;FACULDADE 2001;0
15839;FACULDADE PITAGORAS UNOPAR DE JOAO PESSOA;1
15859;FACULDADE CATOLICA PAULISTA;1
15873;FACULDADE ITAQUA;1
15894;FACULDADE SOBRESP DE SANTA MARIA;1
15914;FACULDADE DO SERTAO BAIANO;0
15922;FACULDADE FABAD;1
15980;FG FACULDADE GLOBAL;1
16010;FACULDADE DE ENSINO SUPERIOR DE LINHARES;1
16037;INSTITUTO SUPERIOR DE CIENCIAS POLICIAIS;1
16107;FACULDADE PASSIONISTA DE EDUCACAO DE CURITIBA;0
16194;FACULDADE GRAN TIETE;1
16218;FACULDADE CLARETIANA DE BRASILIA;1
16225;FACULDADE REGIONAL DO JACUIPE;1
16245;FACULDADE ESCOLA DE NEGOCIOS EXCELLENCE;1
16395;FACULDADE DE TECNOLOGIA DE CARAPICUIBA;1
16410;FACULDADE DE TECNOLOGIA DE CATANDUVA;1
16437;FACULDADE DE CIENCIAS DA SAUDE;1
16453;FACULDADE UNIRB CEARA;1
16459;FACULDADE UNIRB SALVADOR;1
16502;FACULDADE AETOS;0
16525;FACULDADE DUARTE COELHO;1
16543;FACULDADE METROPOLITANA DO ESTADO DE SAO PAULO;1
16556;FACULDADE ALFAUNIPAC DE CAPELINHA;1
16559;FACULDADE SAO FRANCISCO DO CEARA;1
16602;FACULDADE DE EDUCACAO ELIA;1
16628;FACULDADE ANASPS;1
16654;FACULDADE UNIRB SERRINHA;1
16691;FACULDADE NETCOM;1
16725;FACULDADE DE EDUCACAO E TECNOLOGIA DO PARA;1
16728;AFYA FACULDADE DE CIENCIAS MEDICAS DE PALMAS;1
16759;FACULDADE DO BICO;1
16781;FACULDADE RIO SONO;0
16782;FACULDADE MARIO QUINTANA;1
16816;FACULDADE DO VALE;0
16849;FACULDADE MODAL;1
16864;FACULDADE CULTURA INGLESA;1
16879;FACULDADE DE MEDICINA DE OLINDA;1
16881;FACULDADE PARA O DESENVOLVIMENTO DO SUDESTE TOCANTINENSE;0
16894;FACULDADE INTERNACIONAL DE SAO LUIS;1
16895;INSTITUTO POLITECNICO DOCTUM DE VITORIA;1
16898;FACULDADE DE EDUCACAO E TECNOLOGIA DA AMAZONIA;1
16901;INSTITUTO EDUCATIE;0
16914;FACULDADE LEONARDO DA VINCI SANTA CATARINA;0
16918;FACULDADE CATOLICA DE FEIRA DE SANTANA;1
16934;FACULDADE MELIES;1
16943;FACULDADE UNINASSAU PARNAMIRIM;0
16948;FACULDADE 28 DE AGOSTO DE ENSINO E PESQUISA;1
16964;FACULDADE DE TECNOLOGIA DE HORIZONTE;0
16967;FACULDADE SENAI RIO;1
17014;CENTRO SUPERIOR DE ESTUDOS JURIDICOS CARLOS DRUMMOND DE ANDRADE;1
17025;FACULDADE DE EDUCACAO SUPERIOR DE PARAGOMINAS;1
17091;FACULDADE CERS;1
17109;FACULDADE ITPAC GARANHUNS;0
17115;FACULDADE TRES MARIAS;1
17116;FACULDADE DE CIENCIAS DE GOIANA;1
17118;FACULDADE DO NORTE DE MATO GROSSO;1
17138;CENTRO UNIVERSITARIO CATOLICA DE SANTA CATARINA EM JOINVILLE;1
17161;CENTRO DE FORMACAO TREINAMENTO E APERFEICOAMENTO;1
17165;FACULDADE UNILAGOS;0
17200;FACULDADE BRASILEIRA DE TRIBUTACAO;1
17224;FACULDADE CESMAC DO SERTAO;1
17226;FACULDADE CESMAC DO AGRESTE;1
17269;INSTITUTO DE EDUCACAO SUPERIOR E INOVACAO PERSONA;0
17277;FACULDADE SENAC CRICIUMA;1
17284;CENTRO UNIVERSITARIO MAURICIO DE NASSAU DE SAO LUIS;1
17288;FACULDADE TEOLOGICA BETANIA;1
17289;FACULDADE URIEL DE ALMEIDA LEITAO;1
17291;FACULDADE FAPAF;1
17322;FACULDADE ABERTA DO TOCANTINS;1
17326;FACULDADE GIANNA BERETTA;1
17348;FACULDADE ALIS DE ITABIRITO;1
17352;FACULDADE DE EDUCACAO MEMORIAL ADELAIDE FRANCO;1
17355;FACULDADE DE EDUCACAO EM CIENCIAS DA SAUDE;1
17382;FACULDADE IETEC;0
17394;FACULDADE 05 DE JULHO;1
17395;INSTITUTO EDUCACIONAL DAS AMERICAS;0
17400;FACULDADE MENINO DEUS;1
17401;FACULDADE DE TECNOLOGIA CNA;1
17403;FACULDADE ARI DE SA;1
17405;FACULDADE AFONSO MAFRENSE;1
17420;FACULDADE CESUMAR DE PONTA GROSSA;1
17433;FACULDADE SANTO AGOSTINHO DE VITORIA DA CONQUISTA;1
17438;FACULDADE CATOLICA CAVANIS DO SUDOESTE DO PARA;1
17460;FACULDADE PROFISSIONAL;1
17487;FACULDADE METROPOLITANA DO MARAJO;1
17490;FACULDADE JOAO PAULO II;1
17498;FACULDADE DE SAUDE SANTO AGOSTINHO DE VITORIA DA CONQUISTA;1
17499;FACULDADE VIDAL;1
17516;FACULDADE DE TECNOLOGIA DO SENAI HORACIO AUGUSTO DA SILVEIRA;1
17542;FACULDADE COMUNITARIA DE GUARAPARI;0
17553;FACULDADES FAMEP UNIDADE LAGO DA PEDRA MA;1
17558;FACULDADE SANTO ANDRE;1
17559;FACULDADE LOGOS;1
17563;FACULDADE DE TECNOLOGIA COESP;1
17565;FACULDADE DE CIENCIAS HUMANASEXATAS E DA SAUDE DO PIAUI;1
17587;FACULDADE HUMBOLDT;0
17590;FACULDADE ISAE BRASIL;1
17593;FACULDADE DE BOTUCATU;1
17598;FACULDADE PROF. WLADEMIR DOS SANTOS;1
17608;CENTRO UNIVERSITARIO FAEP;1
17612;DIRETORIA DE FORMACAO E DESENVOLVIMENTO PROFISSIONAL;1
17613;ACADEMIA NACIONAL DE POLICIA ANP;1
17614;ESCOLA DA ADVOCACIA GERAL DA UNIAO;0
17615;INSTITUTO SERZEDELLO CORREA;1
17616;ESCOLA DE INTELIGENCIA ESINT/ABIN;1
17617;ESCOLA NACIONAL DE ADMINISTRACAO PUBLICA;0
17622;FACULDADE UNINASSAU FORTALEZA SAVANAH;1
17628;CENTRO UNIVERSITARIO DO MACICO DE BATURITE;1
17631;FACULDADE SENAI DE TECNOLOGIA DE POCOS DE CALDAS;0
17632;FACULDADE CESUMAR DE LONDRINA;1
17633;CENTRO DE EDUCACAO SUPERIOR DA FOZ DO ITAJAI CESFI;0
17636;FACULDADE DA SERRA;0
17651;FACULDADE LIFE;1
17657;FACULDADE PROFESSOR DALTRO;0
17662;FACULDADE GALILEU;1
17666;FACULDADE ANHANGUERA UNIDADE PARAGOMINAS;1
17667;FACULDADE ANHANGUERA UNIDADE PARAUAPEBAS;1
17670;FACULDADE DE QUIXERAMOBIM;1
17672;INSTITUTO BRASILEIRO DE ENSINO DESENVOLVIMENTO E PESQUISA DE SAO PAULO;1
17674;FACULDADE DE EDUCACAO DE SAO MATEUS;1
17680;FACULDADE EVANGELICA DE SENADOR CANEDO;1
17688;FACULDADE FADAM;1
17690;FACULDADE DE TECNOLOGIA SENAI ROBERTO MANGE;1
17691;FACULDADE DE TECNOLOGIA SENAI GASPAR RICARDO JUNIOR;1
17701;FAPFACULDADE DE PINHEIROS;0
17704;FACULDADE RETAMA;0
17707;UNIVERSIDADE ESTADUAL DO NORTE DO PARANA;0
17708;FACULDADE ESTADUAL DE FILOSOFIA CIENCIAS E LETRAS DE UNIAO DA VITORIA;0
17715;FACULDADE DE EDUCACAO SUPERIOR DE PERNAMBUCO;1
17731;FACULDADE SESISP DE EDUCACAO;1
17738;FACULDADE CESGRANRIO;1
17744;FACULDADE ESTACIO DE MANAUS;0
17745;FACULDADE DE SAO CARLOS;0
17749;FACULDADE AMERICA;1
17758;FACULDADES FAMEP UNIDADE EUCLIDES DA CUNHA BA;1
17763;FACULDADE SENAI DA PARAIBA;1
17765;FACULDADE SANTA MARIA;0
17775;FACULDADE DE CIENCIAS DA SAUDE DE SERRA TALHADA;1
17777;FACULDADE SENAC CONCORDIA;1
17783;FACULDADE DE MEDIACAO IVIA CORNELI;1
17803;FACULDADE ESTACIO DE RIO PRETO;0
17816;FACULDADE UNINASSAU FEIRA DE SANTANA;0
17828;FACULDADE DO CENTRO LESTE CARIACICA;0
17830;FACULDADE CATOLICA DE ABAETETUBA;1
17831;FACULDADE UNIBRAS CATALAO;1
17839;FACULDADE DE DRACENA;1
17850;FACULDADE TECNOLOGICA SANTANNA;0
17854;CENTRO UNIVERSITARIO UNIFECAF;1
17874;FACULDADE DE EDUCACAO SUPERIOR DE TANGARA DA SERRA;1
17875;FACULDADE CATOLICA DE BELEM;1
17876;FACULDADE ESPIRITO SANTO;1
17882;FACULDADE ESCOLA POLITECNICA DE INOVACAO E CONHECIMENTO APLICADO;1
17886;FACULDADE DE EDUCACAO SUL DO PIAUI;1
17887;FACULDADE DE CIENCIAS MEDICAS DE SAO JOSE DOS CAMPOS;1
17889;FACULDADE IBG;1
17892;FACULDADE DE ESTUDOS BIBLICOS INTERDISCIPLINARES;0
17894;FACULDADE NECTAR;0
17896;FACULDADE BRASILEIRA DE TECNOLOGIA;1
17899;FACULDADE DE EDUCACAO E TECNOLOGIA DE SAO CARLOS;0
17902;FACULDADE ESAMC JUNDIAI;1
17926;FACULDADE DE ENSINO SUPERIOR PASCHOAL DANTAS;1
17928;FACULDADE ALIANCA EDUCACIONAL DO ESTADO DE SAO PAULO;1
17933;FACULDADE REDENTOR DE PARAIBA DO SUL;0
17942;FACULDADE DE TECNOLOGIA DO TATUAPE;1
17952;FACULDADE DE TECNOLOGIA DE JACAREI;1
17953;FACULDADE DE TECNOLOGIA DE POMPEIA SHUNJI NISHIMURA;1
17969;ACADEMIA JUDICIAL DO TRIBUNAL DE JUSTICA DE SANTA CATARINA;1
17972;FACULDADE DE GUAIRA;1
17977;FACULDADE DE TECNOLOGIA DE ITAQUERA;1
17982;FACULDADE RHEMA;1
17985;FACULDADE PRESBITERIANA QUINZE DE NOVEMBRO;1
18009;FACULDADE BSSP;1
18010;FACULDADE ESTACIO DE CUIABA;0
18019;FACULDADE DA EDUCACAO;1
18023;FACULDADE UNINASSAU PETROLINA;1
18025;FACULDADE DE EDUCACAO SUPERIOR DE CHAPECO;1
18033;FACULDADE DE TEODORO SAMPAIO;1
18034;CENTRO DE ENSINO SUPERIOR RIOGRANDENSE;1
18035;ESCOLA BRASILEIRA DE MEDICINA CHINESA;1
18036;FACULDADE DE EMPREENDEDORISMO E CIENCIAS HUMANAS;1
18038;FACULDADE DE TECNOLOGIA IPENO;0
18039;FACULDADE CAPACITAR;1
18046;FACULDADE ILAPEO;1
18048;FACULDADE VERTIX TRIRRIENSE;1
18049;FACULDADE DE TECNOLOGIA DE TAUBATE;1
18051;FACULDADES DE CIENCIAS E TECNOLOGIA DO NORDESTE LTDA;1
18059;FACULDADE SANTO ANTONIO DE QUEIMADAS;1
18062;FACULDADE MARECHAL RONDON;1
18064;CENTRO TECNOLOGICO POSITIVO;0
18065;CISNE FACULDADE DE QUIXADA;1
18066;FACULDADE DE CIENCIAS E TECNOLOGIA PASCHOAL DANTAS;1
18067;CISNE FACULDADE TECNOLOGICA DE QUIXADA;0
18072;FACULDADE DE DIREITO TECH DE SAO PAULO;1
18073;FACULDADE FASIPE CUIABA;1
18075;FACULDADE UNINASSAU JABOATAO DOS GUARARAPES;1
18077;FACULDADE COSMOPOLITA;1
18093;FACULDADE BRASIL INTELIGENTE;0
18099;FACULDADE DE TECNOLOGIA DE DIADEMA LUIGI PAPAIZ;1
18106;FACULDADES FAMEP UNIDADE IMPERATRIZ MA;1
18107;FACULDADE ESTACIO DE SAO MATEUS ESTACIO SAO MATEUS;0
18114;FACULDADE FASIPE MATO GROSSO;1
18115;FACULDADE ESTACIO DE GOIANIA;0
18117;FACULDADE ESTACIO DE MARINGA;0
18132;FACULDADE ESTACIO DE BARBACENA ESTACIOBARBACENA;0
18133;CENTRO UNIVERSITARIO FACUNICAMPS GOIANIA;1
18135;FACULDADE ESTACIO DE PERNAMBUCO ESTACIO PERNAMBUCO;0
18145;FACULDADE ESTACIO DE SAO JOSE DO RIO PRETO;0
18147;FACULDADE INTEGRADA DE PONTA GROSSA;1
18148;FACULDADE CONHECIMENTO & CIENCIA;1
18149;FACULDADE CESUMAR DE MARINGA;0
18152;FACULDADE INTEGRADA DE ARAPONGAS;0
18153;FACULDADE CESUMAR DE GUARAPUAVA;0
18154;FACULDADE INTEGRADA DE GUARAPUAVA;1
18158;FACULDADE MADALENA SOFIA;0
18160;FACULDADES INTEGRADAS TOLEDO DE TRES LAGOAS;0
18164;FACULDADE ESTACIO DE BAURU;0
18165;FUNDACAO UNIVERSIDADE VIRTUAL DO ESTADO DE SAO PAULO;1
18167;FACULDADE CEPEP;0
18201;FACULDADE SENAC PALHOCA;1
18208;FACULDADE DOCTUM DE IPATINGA;0
18209;FACULDADE MAURICIO DE NASSAU DE JABOATAO;0
18210;FACULDADE UNINASSAU OLINDA;0
18211;FACULDADE UNINASSAU CABO;1
18253;FACULDADE VALE DO ACO;1
18255;FACULDADE DE EDUCACAO E TECNOLOGIA DE ARARAQUARA;0
18257;FACULDADE HORUS SAO MIGUEL;0
18258;FACULDADE UNIFICADA DO ESTADO DE SAO PAULO;1
18260;FACULDADE ESTACIO DE IMPERATRIZ ESTACIO IMPERATRIZ;0
18266;FACULDADE SAINT GERMAIN SP;0
18267;FACULDADE INTEGRADA DE GESTAO E MEIO AMBIENTE;1
18276;FACULDADE CRIATIVO DE CIENCIAS APLICADAS;0
18288;FACULDADE LATINOAMERICANA;1
18289;FACULDADE INTEGRADA DE MARINGA;0
18290;FACULDADE INTEGRADA DE LONDRINA;0
18296;FACULDADE AGES DE TUCANO;1
18304;FACULDADE ARIANO SUASSUNA UNIVAS;1
18319;FACULDADES INTEGRADAS VITAL BRAZIL;1
18338;FACULDADE GAMALIEL;0
18362;FACULDADE DE TECNOLOGIA FATEC DE POMPEIA;0
18370;FACULDADE INOVA;0
18372;FACULDADE UNIBRAS PRUDENTE;1
18383;FACULDADE IPEL;0
18406;FACULDADE CAMPOS;0
18407;FACULDADE FRONTEIRA;0
18408;FACULDADE TABOAO;0
18440;UNIVERSIDADE FEDERAL DO SUL E SUDESTE DO PARA;1
18450;FACULDADE IDEAL DE ALTO HORIZONTE;0
18454;FACULDADE UNA DE SETE LAGOAS;1
18462;FACULDADE PROMOVE DE CURVELO;1
18463;FACULDADE UNIFAHE;1
18471;FACULDADES AGGEU MAGALHAES;1
18474;FACULDADE UNA DE CATALAO;1
18478;FACULDADE PAULO PICANCO;1
18490;INSTITUTO POLITECNICO DOCTUM DE GUARAPARI;0
18492;UNIVERSIDADE ESTADUAL DO PARANA;1
18497;FACULDADE MARANHENSE;1
18506;UNIVERSIDADE FEDERAL DO OESTE DA BAHIA;1
18509;FACULDADE SOLIDARIA DE SOBRADINHO;1
18516;FACULDADE MIRIENSE;1
18520;FACULDADE ALFAUNIPAC DE ARACUAI;1
18526;FACULDADE DE OSASCO;1
18616;FACULDADE AGORA FAG;1
18620;FACULDADE DA CONSTRUCAO E DO TRABALHO;0
18623;FACULDADE ALIANCA DO MARANHAO;1
18625;FACULDADE ANHANGUERA DE VITORIA DA CONQUISTA;1
18626;FACULDADE PITAGORAS DE ARAPIRACA;0
18627;FACULDADE PITAGORAS DE JOAO PESSOA;0
18628;FACULDADE PITAGORAS DE LUIS EDUARDO MAGALHAES;1
18631;FACULDADE DO VALE DO RIO ARINOS;1
18636;FACULDADE DA REGIAO SISALEIRA;1
18637;FACULDADE IMES;1
18639;FACULDADE PITAGORAS DE BACABAL;1
18642;FACULDADE UNINASSAU ANANINDEUA;0
18643;FACULDADE UNINASSAU MARACANAU;1
18646;FACULDADE DE SOBRAL;1
18647;FACULDADE DA AMAZONIA DE MARABA;1
18648;FACULDADE UNINASSAU ARAPIRACA;1
18649;FACULDADE UNINASSAU MOSSORO;1
18650;UNAMA FACULDADE DA AMAZONIA DE RIO BRANCO;1
18651;UNAMA FACULDADE DA AMAZONIA DE BOA VISTA;1
18652;FACULDADE UNIJUAZEIRO;1
18653;FACULDADE UNINASSAU GARANHUNS;1
18659;FACULDADE ANHANGUERA DO CEARA;1
18667;FACULDADE SANTO ANTONIO;1
18671;FACULDADE DA AMAZONIA DE PORTO VELHO;1
18672;UNAMA FACULDADE DA AMAZONIA DE MACAPA;1
18673;FACULDADE UNIVERITAS UNIVERSUS VERITAS DE GOIANIA;0
18675;FACULDADE UNIVERITAS UNIVERSUS VERITAS DE CAMPO GRANDE;0
18676;FACULDADE UNINASSAU PALMAS;1
18678;FACULDADE ESTACIO CACHOEIRO DE ITAPEMIRIM;0
18679;FACULDADE DE ADMINISTRACAO COMERCIO E EMPREENDEDORISMO;1
18681;FACULDADE VERBO EDUCACIONAL;1
18684;FACULDADE SANTA TERESA;1
18692;FACULDADE ALFAUNIPAC DE GUANHAES;1
18696;FACULDADE DYNAMUS DE CAMPINAS;1
18698;INSTITUTO RACINE DE EDUCACAO SUPERIOR;1
18700;FACULDADE AGES DE JEREMOABO;0
18703;ENSINO SUPERIOR ALBERT SABIN;1
18708;FACULDADE AGES DE SENHOR DO BONFIM;1
18711;FACULDADE INOVA MAIS DE SAO PAULO;1
18714;FACULDADE DE INOVACAO TECNOLOGICA DE PONTA GROSSA;0
18716;FACULDADE DE INOVACAO TECNOLOGICA DE LONDRINA;0
18719;FACULDADE DE EDUCACAO DE SANTA CATARINA;1
18726;FACULDADE DE INOVACAO TECNOLOGICA DE CURITIBA;1
18729;FACULDADES IPEDE;1
18734;FACULDADE DE MARTINOPOLIS;1
18735;FACULDADE ONE LEARNING;1
18736;ESCOLA SUPERIOR DE TECNOLOGIA & GESTAO DE SANTA CATARINA;0
18745;FACULDADE DE CIENCIAS APLICADAS PIAUIENSE;1
18749;FACULDADE DE ELESBAO VELOSO;1
18751;FACULDADE MALTA;1
18759;UNIVERSIDADE FEDERAL DO CARIRI;1
18764;ESCOLA SUPERIOR DE ADM MARKETING E COM DE PERDIZES;0
18799;FACULDADE ITATAIA;1
18800;ESCOLA SUPERIOR DO MINISTERIO PUBLICO;1
18812;UNIVERSIDADE FEDERAL DO SUL DA BAHIA;1
18814;FACULDADE IBIAPABA;1
18817;FACULDADE DE TECNOLOGIA DE SAO ROQUE;1
18826;FACULDADE FILOS;1
18874;FACULDADE RAIMUNDO MARINHO DE PENEDO;1
18880;SISTEMA EDUCACIONAL CORPORATIVO DA PETROBRAS;1
18896;SOBERANA FACULDADE DE SAUDE DE PETROLINA;1
18952;FACULDADE FAMART;1
18956;FACULDADE DE CIENCIAS E TECNOLOGIA DE JANAUBA;1
18958;FACULDADES INTEGRADAS QUALIS;0
18978;FACULDADE REBOUCAS DE CAMPINA GRANDE;1
18979;FACULDADE MULTIVIX VILA VELHA;1
19049;FACULDADE INTEGRADA DE VILA VELHA;0
19050;FACULDADE INTEGRADA DE CARIACICA;0
19130;FACULDADE SERRA GERAL;1
19171;FACULDADE DE TEOLOGIA FORTALEZA FATEFOR;1
19172;FACULDADES INTEGRADAS APARICIO CARVALHO VILHENA;1
19173;FACULDADES INTEGRADAS DO CEARA UNIFIC;1
19189;FIP FACULDADE DE IPORA PARANA;1
19196;FACULDADE IDD;1
19197;FACULDADE NIP DE CIENCIAS APLICADAS;1
19198;FACULDADE DE TECNOLOGIA E EDUCACAO DE GOIAS;1
19206;FACULDADE UNIRB FORTALEZA;1
19207;FACULDADE SUPREMO;1
19208;FACULDADE CAPIXABA DE CARIACICA;0
19210;FACULDADES INTEGRADAS DE TAGUAI;1
19214;FACULDADE NORTE E NORDESTE DO BRASIL;1
19215;ESCOLA DE CONTAS E CAPACITACAO PROFESSOR PEDRO ALEIXO;1
19216;FACULDADE GOYAZES DO DISTRITO FEDERAL;0
19219;FACULDADE FASIPE DF;1
19229;FACULDADE PRESBITERIANA MACKENZIE BRASILIA;1
19251;FACULDADE POLIS CIVITAS;1
19252;FACULDADE DE TECNOLOGIA ALPHA CHANNEL;1
19255;FACULDADE PITAGORAS DE BOM JESUS DA LAPA;0
19256;FACULDADE PITAGORAS DE BRUMADO;0
19257;FACULDADE UNA DE DIVINOPOLIS;1
19260;FACULDADE ANHANGUERA DE JEQUIE;1
19266;FACULDADE PITAGORAS DE SETE LAGOAS;0
19272;FACULDADE PITAGORAS DE CAMPINA GRANDE;0
19277;FACULDADE CAMPOS BELOS;0
19281;FACULDADE ATAME;1
19283;FACULDADE PITAGORAS DE JACOBINA;0
19284;FACULDADE BRASILEIRA DO RECONCAVO;1
19287;FACULDADE DO CENTRO MARANHENSE;1
19297;FACULDADE PIO DECIMO DE CANINDE DO SAO FRANCISCO;1
19298;FACULDADE PITAGORAS DE EUNAPOLIS;1
19299;FACULDADE PITAGORAS DE PETROLINA;0
19312;FACULDADE MARANATHA;1
19319;FACULDADE METROPOLITANA DE TERESINA;1
19320;ESCOLA DE POLITICAS PUBLICAS E GOVERNO DA FUNDACAO GETULIO VARGAS;1
19321;FACULDADES VALE DO PIANCO;0
19323;FACULDADE ANHANGUERA DE MARABA;1
19324;FACULDADE DE TECNOLOGIA SENAI DOURADOS;1
19325;FACULDADE DO CENTRO OESTE PAULISTA;1
19327;FACULDADE CESAR;1
19329;FACULDADE UNINABUCO JOAO PESSOA;1
19331;FACULDADE JOAQUIM NABUCO DE MACEIO;0
19332;FACULDADE UNINABUCO BELEM;0
19333;FACULDADE UNINASSAU FORTALEZA PARANGABA;0
19334;FACULDADE UNINASSAU BRASILIA;1
19335;FACULDADE UNIVERITAS UNIVERSUS VERITAS ANAPOLIS;0
19337;FACULDADE UNIFAMETRO MARACANAU;1
19342;FACULDADE UNINABUCO MANAUS;0
19343;FACULDADE MAURICIO DE NASSAU DE ITABUNA;0
19345;FACULDADE UNINABUCO NATAL;1
19348;FACULDADE DE TECNOLOGIA ICONE;1
19349;FACULDADE DO INSTITUTO PANAMERICANO;1
19352;FACULDADE PAULISTA DE GESTAO E SAUDE;0
19357;FACULDADE AFONSO SCHMIDT;0
19358;FACULDADE THIAGO FERREIRA;0
19369;FACULDADE CEAM;1
19371;FACULDADE ADELINA MOURA FAADEMA;1
19374;FACULDADE SANTA LUZIA;1
19375;FACULDADES INTEGRADAS CESUMAR;0
19404;FACULDADE INTEGRADA CESUMAR DE CURITIBA;1
19405;FACULDADES INTEGRADAS CESUMAR DE LONDRINA;0
19406;FACULDADES INTEGRADAS CESUMAR DE ARAPONGAS;0
19407;FACULDADES INTEGRADAS CESUMAR DE GUARAPUAVA;1
19408;FACULDADE AGES DE JACOBINA;1
19465;FACULDADE METROPOLITANA DE PETROLINA;0
19475;FACULDADE DOCKTOR;1
19476;EMGE ESCOLA DE ENGENHARIA;1
19500;FACULDADE DE TECNOLOGIA DE SAO CARLOS;1
19501;FACULDADE DE TECNOLOGIA SEBRAE;1
19512;CENTRO UNIVERSITARIO IMEPAC ARAGUARI;1
19517;FACULDADE DO CENTRO EDUCACIONAL SANTA ISABEL;1
19542;FACULDADES JOAO PAULO II CAMPUS PORTO ALEGRE;1
19551;CENTRO UNIVERSITARIO BARRIGA VERDE / UNIBAVE COCAL DO SUL;0
19554;FACULDADE PETRUS;1
19555;FAVENORTE DE PORTEIRINHA;1
19563;FACULDADE UMFG;1
19565;FACULDADE TECNOLOGICA DE PERNAMBUCO;1
19578;FACULDADE DE TECNOLOGIA DE COTIA;1
19586;FACULDADE UNITA;1
19587;FACULDADES JOAO PAULO II PELOTAS;1
19588;FACULDADE DE EDUCACAO TECNOLOGICA DO ESTADO DO RIO DE JANEIRO;1
19597;FACULDADE VIA SAPIENS;1
19607;FACULDADE SANTISSIMA TRINDADE;1
19632;FACULDADE DAMA;1
19635;FACULDADE DE ENSINO SUPERIOR PELEGRINO CIPRIANI;1
19670;FACULDADE DE CIENCIAS DA SAUDE MOINHOS DE VENTO;1
19674;FACULDADE DO VALE DO SAO FRANCISCO;0
19716;FACULDADE INTEGRAL DE JABOATAO DOS GUARARAPES;1
19727;FACULDADE REPUBLICANA;1
19733;FACULDADE RENOVACAO DE PONTA GROSSA;0
19735;FACULDADE RENOVACAO DE LONDRINA;0
19736;FACULDADE RENOVACAO DE ARAPONGAS;0
19737;FACULDADE RENOVACAO DE GUARAPUAVA;1
19739;FACULDADE DE TECNOLOGIA DE CAMPINAS;1
19780;FACULDADE PITAGORAS UNOPAR DE GUANAMBI;1
19781;FACULDADE PITAGORAS DE JUIZ DE FORA;1
19783;FACULDADE ANHANGUERA DE PARAGOMINAS;1
19785;FACULDADE ANHANGUERA DE RIBEIRAO DAS NEVES;1
19786;FACULDADE ANHANGUERA DE SERRA;1
19787;FACULDADE PITAGORAS DE TUCURUI;0
19788;FACULDADE ANHANGUERA DE PARAUAPEBAS;1
19791;FACULDADE PITAGORAS DE JABOATAO DOS GUARARAPES;0
19793;FACULDADE FADAM DE MARACANAU;1
19816;FACULDADE ALFFA DO BRASIL;1
19823;FACULDADE PORTO UNIAO;0
19838;FACULDADE LUSITANA DE PERNAMBUCO;1
19842;CENTRO DE ENSINO SUPERIOR DE BACABEIRA;1
19844;FACULDADE UNINASSAU SOBRAL;1
19846;FACULDADE AUTONOMA DO BRASIL CABO DE SANTO AGOSTINHO;0
19848;FACULDADE MAURICIO DE NASSAU DE JUIZ DE FORA;0
19849;FACULDADE UNIVERITAS UNIVERSUS VERITAS DE VITORIA;0
19850;FACULDADE MAURICIO DE NASSAU DE NITEROI;0
19851;FACULDADE MAURICIO DE NASSAU DE SAO JOSE DOS CAMPOS;1
19853;FACULDADE DOM BOSCO PARANA;1
19859;FACULDADE UNIFAMETRO CASCAVEL;1
19860;FACULDADE CONCEITO EDUCACIONAL;1
19861;FACULDADE DE SANTANA DE PARNAIBA;1
19862;FACULDADE DE TECNOLOGIA JORGE CARAM SABBAG;1
19863;FACULDADE DE TECNOLOGIA DE ASSIS;1
19864;FACULDADE DE TECNOLOGIA DE ITAPIRA;1
19865;FACULDADE UNA DE POUSO ALEGRE;1
19866;FACULDADE EDUCAREMT;1
19878;FACULDADE CATEDRAL;1
19879;FACULDADE IPESSP;1
19883;FACULDADE SUL PAULISTA DE ITANHAEM;1
19909;FACULDADE ICTQ/PGE;1
19910;FACULDADES PLANALTO CENTRAL;1
19913;FACULDADE ESTACIO DE JATAI ESTACIO JATAI;0
19914;FACULDADE MASTER;0
19943;FACULDADE UNISAPIENS;1
19945;ESCOLA SUPERIOR DE ENGENHARIA DE PORTO VELHO;0
19951;FACULDADE DE GESTAO E NEGOCIOS DE MACEIO;1
19952;FACULDADE DE GESTAO E NEGOCIOS DE CACHOEIRINHA;0
19956;FACULDADE UNIRB JOAO PESSOA;1
19957;FACULDADE UNIRB PARNAMIRIM;1
19958;FACULDADE DE GESTAO E NEGOCIOS DE TERESINA;0
19963;FACULDADE DE CIENCIAS ODONTOLOGICAS;1
19966;FACULDADE CAPITAL FEDERAL DE ITAPECERICA DA SERRA;0
20003;FACULDADE SERRANA DE SAUDE;0
20052;FACULDADE ABC DE GOIANIA;1
20053;FACULDADE UNIMED;1
20070;FACULDADE PRIMEIRO DE JANEIRO;1
20074;INSTITUTO BRASILEIRO DE COACHING;1
20090;FACULDADE REDENTOR METROPOLITANA;0
20096;FACULDADE INPG DE BLUMENAU;0
20098;FACULDADE INTEGRACAO;1
20099;FACULDADE DE DIREITO CIENCIAS E TECNOLOGIA SANTA MARIA MADA;1
20100;INSTITUTO LEYA DE EDUCACAO SUPERIOR;0
20105;FACULDADE DE CIENCIAS E SAUDE EDUFOR;1
20106;FACULDADE STBNB;1
20110;FACULDADE DE TECNOLOGIA E ADMINISTRACAO EDUFOR;1
20122;FACULDADE ATHENAS;1
20200;FACULDADE PADRE CICERO;0
20219;FACULDADE TIRADENTES DE FEIRA DE SANTANA;0
20291;FACULDADE DO VALE DO CAJU;1
20321;FACULDADE IMPACTO;1
20322;ESCOLA DE ENSINO SUPERIOR DO AGRESTE PARAIBANO;1
20328;FACULDADE DE ODONTOLOGIA DA APCD;1
20330;FACULDADE EDUCACIONAL ARAUCARIA;1
20340;FACULDADE PAULISTA DE CIENCIAS DA SAUDE;1
20342;FUNDACAO OSWALDO CRUZ;1
20406;FACULDADE JAGUAR INDAIA;0
20410;FACULDADE DE INDIARA;1
20438;FACULDADE INTERCULTURAL DA AMAZONIA;1
20455;FACULDADE DE GESTAO BSSP;1
20465;FACULDADE DE AGRONEGOCIOS DE HOLAMBRA;1
20476;FACULDADE ANCLIVEPA;1
20478;FACULDADE DE TECNOLOGIA DE SANTANA DE PARNAIBA;1
20481;FACULDADE DE BRAGANCA;1
20494;FACULDADE UNIFAMEC DE MACEIO;0
20497;FACULDADE ROBERTO MIRANDA;1
20499;FACULDADE DA POLICIA MILITAR;1
20530;FACULDADE MARQUES DE OLINDA;1
20532;FACULDADE METROPOLITANA DE HORIZONTE;1
20534;CENTRO DE ENSINO SUPERIOR RIOGRANDENSE GUAPORE;0
20537;FACULDADE BAIANA DO SENHOR DO BONFIM;1
20541;FACULDADE UNISE;1
20547;FACULDADE UNINTA ITAPIPOCA;1
20548;FACULDADE UNINTA TIANGUA;1
20556;FACULDADE JURIS;1
20561;FACULDADE SULAMERICA BRASILIA;0
20563;FACULDADES JOAO PAULO II RIO GRANDE;0
20570;FACULDADE ALPHA;1
20574;FACULDADE ANHANGUERA DE NOVA IGUACU;0
20584;FACULDADE SANTANA;1
20586;FACULDADE VAN GOGH;1
20587;FACULDADE PITAGORAS DE IRECE;1
20588;FACULDADE DE DIREITO DE URUGUAIANA ANHANGUERA;1
20591;FACULDADE UNIS POUSO ALEGRE;1
20605;FACULDADES SULAMERICA BAHIA;1
20606;FACULDADE DE TECNOLOGIA E CIENCIAS;1
20607;FACULDADE DE TECNOLOGIA E CIENCIAS FTC PETROLINA;1
20612;FACULDADE MAURICIO DE NASSAU DE BELO HORIZONTE;0
20615;FACULDADE DO SERTAO CENTRAL;1
20622;FACULDADE UNIRB CAMACARI;1
20636;FACULDADE TRILOGICA KEPPE & PACHECO;1
20643;FACULDADE UNIRB TERESINA;1
20651;FACULDADES IDAAM;1
20663;FACULDADE INNOVATE DE ANAPOLIS;0
20664;INSTITUTO DE EDUCACAO TECNOLOGICA EIRELI;1
20666;FACULDADE ELO;1
20667;UNETRI FACULDADES;1
20682;FACULDADE IDOR DE CIENCIAS MEDICAS;1
20685;FACULDADE HOSPITAL SAO PAULO DE MURIAE;0
20700;FACULDADE DE DESENVOLVIMENTO DO NORTE;1
20709;FACULDADE FECOMERCIO RORAIMA;0
20975;FACULDADE NOVO HORIZONTE;1
21088;FACULDADE RODOLFO TEOFILO;1
21095;ACADEMIA MILITAR DAS AGULHAS NEGRAS;1
21103;FIEP FACULDADE INTERNACIONAL DE EVOLUCAO PROFISSIONAL;1
21108;FACULDADE SAO JUDAS DE TERRA BOA;1
21112;FACULDADE XP EDUCACAO IGTI;1
21165;FACULDADE EASE BRASIL;1
21200;FACULDADE ISMD;1
21201;FTRB FACULDADE TEOLOGICA REFORMADA DE BRASILIA;1
21204;FACULDADE UNITERP;1
21206;ESCOLA DE EDUCACAO FISICA DO EXERCITO;1
21210;FACULDADE ESTRATEGO;1
21213;FACULDADE FAE ARAUCARIA;0
21215;FACULDADE DE ENSINO DE PESQUISA DO COOPERATIVISMO;1
21220;FACULDADE IBRA DE DIREITO;1
21224;FACULDADE INTERNACIONAL CIDADE VIVA;1
21226;FACULDADE SUDOESTE;1
21238;FACULDADE ANHANGUERA DE SAO JOSE DO RIO PRETO;1
21239;FACULDADE ANHANGUERA DE JAU;1
21240;FACULDADE UNIRB PIAUI;1
21261;FACULDADE CEDIN;0
21262;FACULDADE REGIONAL JAGUARIBANA;1
21266;FACULDADE ESTACIO DE PASSOS;0
21268;FACULDADE ESTACIO DE ANANINDEUA;1
21275;FACULDADE ANHANGUERA DE ERECHIM;0
21280;FACULDADE ANHANGUERA DE ALAGOINHAS;1
21281;FACULDADE PITAGORAS DE LUZIANIA;0
21287;FACULDADE ESTACIO DE CASCAVEL;0
21288;FACULDADE ESTACIO DE SAO JOSE DOS PINHAIS;0
21310;FACULDADE FARUS;0
21321;FACULDADE SENSU;1
21344;FACULDADE UNICPO;1
21355;FACULDADES DE INOVACAO E TECNOLOGIA DE MINAS GERAIS;1
21362;FACULDADE CENTRO OESTE CATANDUVAS;1
21364;FACULDADE UNIFAEL PORTO ALEGRE;1
21365;FACULDADE MAURICIO DE NASSAU DE FLORIANOPOLIS;0
21366;FACULDADE UNIFAEL CURITIBA;1
21367;FACULDADE MAURICIO DE NASSAU DE CAMPINAS;1
21368;FACULDADE MAURICIO DE NASSAU SAO BERNARDO DO CAMPO;1
21370;FACULDADE MAURICIO DE NASSAU DE DUQUE DE CAXIAS;0
21371;FACULDADE UNIVERITAS UNIVERSUS VERITAS DE JOINVILLE;0
21398;FACULDADE UNINASSAU IMPERATRIZ;1
21399;FACULDADE UNINASSAU PATOS;0
21408;FACULDADE INTEGRADA DE PALMEIRAS DE GOIAS;1
21411;FACULDADE UNINASSAU CUIABA;0
21412;FACULDADE UNIGUACU FOZ;1
21414;CENTRO DE ESTUDOS DE PESSOAL E FORTE DUQUE DE CAXIAS;1
21415;FACULDADE UNA DE NOVA SERRANA;0
21416;CENTRO DE INSTRUCAO DE AVIACAO DO EXERCITO;1
21417;CENTRO DE INSTRUCAO DE GUERRA ELETRONICA;1
21418;ESCOLA DE APERFEICOAMENTO DE OFICIAIS;1
21419;ESCOLA DE INSTRUCAO ESPECIALIZADA;1
21420;ESCOLA DE INTELIGENCIA MILITAR DO EXERCITO;1
21421;FACULDADE UNINABUCO SALVADOR;0
21426;FACULDADE NOVOESTE;1
21431;FACULDADE IBECO;1
21433;FACULDADE DINAMO EDUCACAO;0
21435;ESCOLA DE FORMACAO COMPLEMENTAR DO EXERCITO;1
21436;ESCOLA DE COMANDO E ESTADOMAIOR DO EXERCITO;1
21437;ESCOLA DE SAUDE DO EXERCITO;1
21438;FACULDADE WYDEN SAO PAULO;1
21439;ESCOLA DE ARTILHARIA DE COSTA E ANTIAEREA;1
21440;ESCOLA DE COMUNICACOES;1
21441;ESCOLA DE EQUITACAO DO EXERCITO;1
21442;FACULDADE MEGA;1
21444;FACULDADE AGAPE DE SAO FELIX;1
21445;FACULDADE REGIONAL DO CENTRO SUL DE SERGIPE;1
21446;INSTITUTO SUPERIOR DA CONVENCAO NAC. DAS ASSEMBLEIAS DE DEUS;1
21459;FACULDADE DOM BOSCO DE MARINGA;1
21463;FACULDADE DE ENSINO PORTAL;1
21485;FACULDADE DE ENSINO PASCHOAL DANTAS;1
21487;FACULDADE DE INOVACAO TECNOLOGICA DE CAMPO GRANDE;1
21488;ESCOLA DE ADMINISTRACAO E NEGOCIOS;1
21492;INSTITUTO DE POSGRADUACAO E ATUALIZACAO EM ODONTOLOGIA;0
21494;FACULDADES INTEGRADAS DE PATOS;1
21502;FACULDADES INTEGRADAS POTENCIAL;1
21503;COLEGIO PEDRO II;1
21505;FACULDADE PRISMA DE APUCARANA;0
21508;INSTITUTO LEGISLATIVO BRASILEIRO;0
21509;INSTITUTO DE ENSINO E PESQUISA DO HOSPITAL SIRIOLIBANES;1
21514;FACULDADE DO SERTAO DO SAO FRANCISCO;0
21519;FACULDADE ATITUS EDUCACAO PORTO ALEGRE;1
21537;FACULDADE DE SANTO ANGELO;1
21540;FACULDADE FREIRE DE ENSINO;1
21550;INSTITUTO MOINHOS DE VENTO;0
21552;FACULDADE ANHANGUERA DE RIO BRANCO;1
21553;FACULDADE ANHANGUERA DE SANTO ANTONIO DE JESUS;1
21554;FACULDADE ANHANGUERA DE ITAPEVA;1
21555;FACULDADE SION;1
21556;FACULDADE DE GOIANA;1
21557;FACULDADE DOS PALMARES;1
21573;FACULDADE ANA CAROLINA PUGA;1
21574;FACULDADE EGAS MONIZ;1
21577;FACULDADE FOCUS;1
21583;FACULDADE DE EDUCACAO SUPERIOR DE PERNAMBUCO;1
21586;FACULDADE MAURICIO DE NASSAU DE BETIM;0
21587;FACULDADE MAURICIO DE NASSAU DE UBERLANDIA;0
21589;FACULDADE MAURICIO DE NASSAU DE CAXIAS DO SUL;0
21590;FACULDADE MAURICIO DE NASSAU DE LONDRINA;0
21592;FACULDADE AMAZONAS;1
21593;FACULDADE PLUS;1
21614;FACULDADE POLITECNICA DE LONDRINA;0
21616;FACULDADE ATUALIZA;1
21631;FACULDADE SUPREMO REDENTOR;1
21636;FACULDADE TERRA BRASILIS;1
21638;FACULDADE PECEGE;1
21643;FACULDADE RUDOLF STEINER;1
21654;FACULDADE DE ENGENHARIA E AGRIMENSURA DE SAO PAULO;1
21669;FACULDADE KENNEDY DE IPATINGA;1
21670;FACULDADE PROMOVE DE SAO PAULO;1
21672;FACULDADE CERRADO;1
21674;FACULDADE PROMOVE DE ALFENAS;0
21675;FACULDADE CIDADE DE APARECIDA DE GOIANIA;1
21676;FACULDADE AVANTIS DE ITAPEMA;0
21680;FACULDADE CEAFI;1
21681;FACULDADE UNIVEST DE EDUCACAO;1
21685;FACULDADE GIL GAL;1
21687;FACULDADE ANHANGUERA ITABIRA;1
21691;FACULDADE PITAGORAS BELO JARDIM;0
21693;FACULDADE ANHANGUERA FRANCA;1
21713;FACULDADE DE TECNOLOGIA FATEC DE RIBEIRAO PRETO;1
21716;FACULDADE CESMA DE MARACANAU;1
21722;FORMACAO FACULDADE INTEGRADA;1
21757;FASUL EDUCACIONAL EAD;1
21764;FACULDADE DE CIENCIAS DA SAUDE IGESP;1
21788;INSTITUTO DE DESENVOLVIMENTO EDUCACIONAL;1
21808;FACULDADES METROPOLITANAS DE CUIABA;0
21811;FACULDADE TECNOLOGICA DE CAPACITACAO;1
21812;FACULDADE REGIONAL DE LEOPOLDINA;1
21814;INSTITUTO DE PESQUISAS ENSINO E GESTAO EM SAUDE;1
21816;FACULDADE UNINTA;1
21819;FACULDADE REGIONAL DO AMAZONAS;1
21821;FACULDADE DE TECNOLOGIA SENAC MARINGA;1
21822;FACULDADE FAVENI GUARULHOS;1
21826;FACULDADE SEBRAE;1
21827;INSTITUTO FRIBURGO DE ENSINO SUPERIOR;0
21833;FACULDADE ANHANGUERA DE MOGI GUACU;0
21834;FACULDADE ANHANGUERA DE MARILIA;0
21847;FACULDADE MEDUCAR;1
21850;INSTITUTO INTERNACIONAL DE ESTUDOS EM SAUDE;1
21857;FACULDADE TECNOLOGICA DE LIMOEIRO DO NORTE: LADISLAU PEREIRA;0
21861;FACULDADE UNIVERSO BRASILIA;1
21869;FACULDADE ANTROPUS;0
21871;FACULDADE BAHIANA DE ENGENHARIA E CIENCIAS SOCIAIS APLICADAS;1
21872;FACULDADE CENBRAP;1
21873;FACULDADE TECNOLOGICA FALCAO;1
21876;EJ FACULDADE DE TECNOLOGIA EM AVIACAO CIVIL;1
21877;FACULDADE INTEGRADA DA AMAZONIA;1
21878;FACULDADE METROPOLITANA DE FLORIANOPOLIS;1
21882;FACULDADE PITAGORAS DE ALTAMIRA;0
21885;FACULDADE IBAM;1
21886;FACULDADE PITAGORAS DE SERRINHA;0
21888;FACULDADE REHAGRO;1
21891;FACULDADE DO SERTAO DO ARARIPE;0
21892;CENTRO DE ENSINO SUPERIOR DE PALMAS;1
21893;FACULDADE MAURICIO DE NASSAU DE SANTO ANDRE;1
21894;FACULDADE MAURICIO DE NASSAU DE SOROCABA;1
21895;FACULDADE MAURICIO DE NASSAU DE CAMPOS DOS GOYTACAZES;0
21896;FACULDADE MAURICIO DE NASSAU DE DIVINOPOLIS;0
21897;FACULDADE MAURICIO DE NASSAU DE PONTA GROSSA;0
21898;FACULDADE MAURICIO DE NASSAU DE BLUMENAU;0
21899;FACULDADE MAURICIO DE NASSAU DE PELOTAS;0
21900;FACULDADE ANHANGUERA DE CATANDUVA;1
21903;FACULDADE PITAGORAS DE POUSO ALEGRE;1
21904;FACULDADE MAURICIO DE NASSAU DE VOLTA REDONDA;0
21906;FACULDADE METROPOLITANA DO CEARA;1
21907;FACULDADE PITAGORAS DE TIANGUA CE;0
21921;FACULDADE DE ENSINO SUPERIOR DE PARNAIBA;1
21924;FACULDADE ANHANGUERA DE ASSIS;0
21926;FACULDADE METROPOLITANA DE JOINVILLE;0
21928;FACULDADE GRAU S ENSINO SUPERIOR;1
21929;FACULDADE DOCTUM PRESIDENTE ITAMAR FRANCO;1
21931;FACULDADE UNA DE JATAI;1
21932;INSTITUTO UNA DE JATAI;0
21935;FUNDACAO ESCOLA LINCE KEMPIM;1
21937;FACULDADE INTEGRADA DE CAMPO GRANDE;1
21938;FACULDADE METROPOLITANA DE CAMAQUA;0
21939;FACULDADE METROPOLITANA DE NOVO HAMBURGO;0
21940;FACULDADE PHORTE DE EDUCACAO E TECNOLOGIA;1
21949;INSTITUTO DE EDUCACAO SUPERIOR LATINOAMERICANO;1
21950;FACULDADE TUCURUI;1
21951;FACULDADE POSITIVO JOINVILLE;0
21952;FGV / ESCOLA DE RELACOES INTERNACIONAIS;1
21953;INSTITUTO UNIAO DAS FACULDADES AMERICANAS;0
21955;FACULDADE METROPOLITANA DE ITAJAI;1
21956;FACULDADE METROPOLITANA DE PALHOCA;1
21957;FACULDADE METROPOLITANA DE LAGES;1
21977;FACULDADE POLIENSINO FP;0
21978;FACULDADE EDUFOR DE SALVADOR;1
21982;FACULDADE INTEGRADA CETE;1
21983;FACULDADE MORUMBI;0
21992;FACULDADE GUAIRACA DE PRUDENTOPOLIS;1
21993;FACULDADE UNINTA IGUATU;0
21995;FACULDADE DE TECNOLOGIA SENAC CURITIBA;1
21998;FACULDADE PANAMERICANA DE ADMINISTRACAO E DIREITO;1
21999;FACULDADE PRIME;1
22000;FACULDADE METROPOLITANA DO LITORAL RIO GRANDENSE;0
22015;FACULDADE MUNICIPAL DE EDUCACAO E MEIO AMBIENTE;1
22017;FACULDADE NOSSA SENHORA APARECIDA;1
22018;FACULDADE DE TECNOLOGIA DE SINOP;1
22020;ESCOLA MUNICIPAL DE GESTAO DO LEGISLATIVO;0
22021;FACULDADE SAO PAULO DE PRESIDENTE VENCESLAU;1
22022;INSTITUTO DE EDUCACAO MORUMBI;0
22028;FACULDADE CTA;1
22059;FACULDADE PITAGORAS DE MEDICINA DE EUNAPOLIS;1
22073;FACULDADE MACEDO DE AMORIM;1
22074;FACULDADE METROPOLITANA NORTE RIOGRANDENSE;1
22075;FACULDADE VALE DO PAJEU;1
22076;FACULDADE ESTACIO DE ALAGOINHAS;1
22084;MINAS FACULDADE;1
22086;FACULDADE DE EDUCACAO SOCIAL DA BAHIA;1
22088;AFYA FACULDADE DE CIENCIAS MEDICAS DE ITABUNA;1
22089;FACULDADE INSTED;1
22090;FACULDADE DE CIENCIAS DA SAUDE DO GRUPO HOSPITALAR CONCEICAO;1
22093;FACULDADE AGES DE MEDICINA;1
22095;FACULDADE CESUMAR DE CAMPO GRANDE;1
22096;FACULDADE SAO LEOPOLDO MANDIC DE ARARAS;1
22097;FACULDADE POLITECNICA DE CAMPO GRANDE;0
22098;FACULDADE ISMD;1
22099;FACULDADE BELAS ARTES DE SAO PAULO;0
22100;FACULDADE DE DIREITO 8 DE JULHO;1
22101;FACULDADE DE EDUCACAO DE PATOS DE MINAS;1
22102;FACULDADE DE TECNOLOGIA SENAC CURITIBA PORTAO;1
22103;FACULDADE DE SAUDE SANTA CASA BH;1
22104;AFYA FACULDADE DE CIENCIAS MEDICAS DE GUANAMBI;1
22107;FACULDADE PITAGORAS DE ITUMBIARA;0
22109;FACULDADE PITAGORAS DE PIRIPIRI;0
22112;FACULDADE PITAGORAS DE ARACATI;0
22113;FACULDADE PITAGORAS ANHANGUERA DE SANTA CRUZ DO SUL;0
22116;FACULDADE DE MIGUEL PEREIRA;1
22119;ESCOLA DE DIREITO FUCAPE;1
22121;FACULDADE DE CIENCIAS MEDICAS DE TRES RIOS;1
22123;FACULDADE DE CIENCIAS JURIDICAS ANHANGUERA DE ARAPIRACA;1
22124;FACULDADE PITAGORAS UNOPAR DE BRUMADO;1
22125;FACULDADE DE CIENCIAS JURIDICAS DE BOM JESUS DA LAPA;1
22126;FACULDADE DE CIENCIAS JURIDICAS DE MARABA;0
22127;FACULDADE DE CIENCIAS JURIDICAS DE JEQUIE;0
22128;FACULDADE DE CIENCIAS JURIDICAS DE CAMPINA GRANDE;0
22129;FACULDADE DE CIENCIAS JURIDICAS DE JUIZ DE FORA;0
22130;FACULDADE DE CIENCIAS JURIDICAS DE TUCURUI;0
22131;CENTRO DE ENSINO SUPERIOR DO TOCANTINS;1
22134;FACULDADE DE CIENCIAS JURIDICAS DE SERRA;0
22135;FACULDADE DE CIENCIAS JURIDICAS DE IRECE;0
22136;FACULDADE DE CIENCIAS JURIDICAS DE ITABIRA;0
22139;FACULDADE UNIFAMEC DE ITABUNA;1
22140;FACULDADE DE CIENCIAS JURIDICAS DE URUGUAIANA;0
22142;FACULDADE DE CIENCIAS JURIDICAS DE JABOATAO DOS GUARARAPES;0
22143;FACULDADE DE CIENCIAS JURIDICAS DE SAO JOSE DO RIO PRETO;0
22144;FACULDADE DE CIENCIAS JURIDICAS DE LUZIANIA;1
22145;FACULDADE DE CIENCIAS JURIDICAS DE ERECHIM;1
22146;FACULDADE DE CIENCIAS JURIDICAS DE JAU;1
22147;FACULDADE DE CIENCIAS JURIDICAS DE BELO JARDIM;1
22149;FACULDADE DE CIENCIAS JURIDICAS DE FRANCA;0
22150;FACULDADE DE CIENCIAS JURIDICAS DE RIBEIRAO DAS NEVES;0
22151;FACULDADE DE CIENCIAS JURIDICAS DE RIO BRANCO;0
22152;FACULDADE DE CIENCIAS JURIDICAS DE SANTO ANTONIO DE JESUS;0
22153;FACULDADE DE CIENCIAS JURIDICAS DE GUANAMBI;0
22154;FACULDADE DE CIENCIAS JURIDICAS DE JACOBINA;1
22155;FACULDADE DE CIENCIAS JURIDICAS DE TIANGUA;0
22157;FACULDADE DE CIENCIAS JURIDICAS DE SERRINHA;0
22158;FACULDADE ANHANGUERA DE PETROLINA;1
22161;FACULDADE DE CIENCIAS JURIDICAS DE ITUMBIARA;1
22168;FACULDADE UNOPAR DE CIENCIAS JURIDICAS DE SANTA CRUZ DO SUL;0
22169;FACULDADE DE CIENCIAS JURIDICAS DE MARILIA;0
22170;FACULDADE DE CIENCIAS JURIDICAS DE MOGI GUACU;0
22171;FACULDADE REGIONAL DE MINAS GERAIS;1
22173;FACULDADE UNINORTE BARCARENA;1
22174;FACULDADE UNINORTE ALTAMIRA;1
22175;FACULDADE SAO JOAQUIM DA BARRA;1
22176;FACULDADE ENAU;1
22177;FACULDADE UNIAO PAULISTANA;1
22178;FACULDADE PITAGORAS ANHANGUERA DE TRES LAGOAS;0
22179;FACULDADE PITAGORAS ANHANGUERA DE SAO JOAO DA BOA VISTA;0
22181;FACULDADE PITAGORAS DE RIO VERDE;0
22183;FACULDADE PITAGORAS DE CRUZ DAS ALMAS;0
22184;FACULDADE DE CIENCIAS JURIDICAS DE RIO VERDE;0
22185;FACULDADE DE CIENCIAS JURIDICAS DE CRUZ DAS ALMAS;0
22190;FACULDADE DE CIENCIAS JURIDICAS DE SAO JOAO DA BOA VISTA;0
22191;FACULDADE ESTACIO DE JARAGUA DO SUL;1
22193;FACULDADE SERRA DOURADA;1
22194;FACULDADE ATENAS SETE LAGOAS;1
22195;INSTITUTO SERRA DOURADA;1
22196;FACULDADE DE DIREITO SERRA DOURADA;1
22197;FACULDADE ATENAS PASSOS;1
22199;INSTITUTO DE EDUCACAO SUPERIOR SANTO AGOSTINHO;0
22202;FACULDADE ESTACIO DE JUAZEIRO;1
22204;FACULDADE DE MATUPA;1
22210;FACULDADE UNINASSAU SERRA TALHADA;1
22212;FACULDADE UNAMA DE PARAUAPEBAS;1
22213;FACULDADE UNAMA DE CASTANHAL;1
22214;FACULDADE UNIVERITAS UNIVERSUS VERITAS DE SAO GONCALO;0
22215;FACULDADE UNIVERITAS UNIVERSUS VERITAS DE NOVA IGUACU;0
22216;FACULDADE UNIVERITAS UNIVERSUS VERITAS DE OSASCO;1
22217;FACULDADE UNIVERITAS UNIVERSUS VERITAS DE RIBEIRAO PRETO;1
22218;FACULDADE UNIVERITAS UNIVERSUS VERITAS DE MONTES CLAROS;0
22219;FACULDADE UNIVERITAS UNIVERSUS VERITAS DE CONTAGEM;0
22222;FACULDADE UNIVERITAS UNIVERSUS VERITAS DE PIRACICABA;0
22224;FACULDADE UNIVERITAS UNIVERSUS VERITAS SAO JOSE DO RIO PRETO;1
22225;FACULDADE DE CIENCIAS JURIDICAS DE EUNAPOLIS;0
22226;FACULDADE DE CIENCIAS JURIDICAS DE PARAGOMINAS;0
22227;FACULDADE DE CIENCIAS JURIDICAS DE ALAGOINHAS;0
22228;FACULDADE DE CIENCIAS JURIDICAS DE CATANDUVA;0
22229;FACULDADE DE CIENCIAS JURIDICAS DE ITAPEVA;0
22232;FACULDADE DE CIENCIAS JURIDICAS DE ALTAMIRA;1
22235;FACULDADE DE CIENCIAS JURIDICAS DE POUSO ALEGRE;0
22236;FACULDADE UNOPAR DE CIENCIAS JURIDICAS DE SETE LAGOAS;1
22237;FACULDADE DE CIENCIAS JURIDICAS DE ASSIS;1
22239;FACULDADE INTEGRADA DE ADVOCACIA DA AMAZONIA;1
22245;FACULDADE DO CARIRI PARAIBANO;1
22246;FACULDADE MATIAS MACHLINE;1
22248;FACULDADE SUCESSO;1
22249;FACULDADE KEEP EDUC;1
22252;FACULDADE UNIBRAS DO PARA;0
22257;FACULDADE DE DIREITO UNIAVAN DE ITAPEMA;1
22260;FACULDADE MAIS DE ITABERAI;1
22262;FACULDADE MAIS DE PALMEIRAS DE GOIAS;1
22263;FACULDADE VANGUARDA;1
22264;FACULDADE DO VALE DO JAGUARIBE MOSSORO;1
22266;INSTITUTO DE DESENVOLVIMENTO TECNOLOGICO DA FGV;1
22267;FACULDADE HONPAR;1
22310;FACULDADE SANTO ANTONIO DE FEIRA DE SANTANA;0
22311;FACULDADE NOVE DE JULHO DE SAO BERNARDO DO CAMPO;1
22312;FACULDADE NOVE DE JULHO DE OSASCO;1
22313;FACULDADE NOVE DE JULHO DE BAURU;1
22314;FACULDADE NOVE DE JULHO GUARULHOS;1
22316;FACULDADE NOVE DE JULHO MAUA;1
22317;ESCOLA SUPERIOR DA AMAZONIA DE ABAETETUBA;1
22319;FACULDADE DE TECNOLOGIA DE ITATIBA;1
22321;INSTITUTO SANTO AGOSTINHO DE ENSINO SUPERIOR ISA;0
22325;FACULDADE CHRISTUS;1
22326;FACULDADE BRASILIA;1
22327;FACULDADE CTA DE NOVA LIMA;1
22329;FACULDADE UNINTA FORTALEZA;1
22405;SVT FACULDADE DE ENSINO SUPERIOR;1
22420;FACULDADE UNIRB MACEIO;1
22422;FUNDACAO DOM CABRAL;0
22424;FACULDADE ESAMC GOIANIA;0
22425;FACULDADE ESAMC FRANCA;0
22433;FACULDADES FAMEP UNIDADE PARNAIBA PI;0
22437;FACULDADE DA AMAZONIA LEGAL;1
22441;FACULDADE ENSIN.E;1
22443;FACULDADE ALFREDO NASSER DE CASA NOVA;1
22449;INSTITUTO SUPERIOR DE CIENCIAS DA SAUDE CARLOS CHAGAS;1
22452;FACULDADE ATITUDE DE EDUCACAO CONTINUADA;1
22453;FACULDADE UNINTESE;1
22455;FACULDADE LIBANO;1
22456;FACULDADE REALIZA;1
22462;FACULDADE UNIRB CIDADE DE FORTALEZA;1
22463;FACULDADE IMPACTO DE PORANGATU;1
22470;FACULDADE UNIVERSALIS;1
22472;FACULDADE ARQUIDIOCESANA DE PIRAPORA;1
22514;AFYA FACULDADE DE CIENCIAS MEDICAS DE JABOATAO DOS GUARARAPES;1
22521;FACULDADES FAMEP UNIDADE IRARA BA;1
22527;FACULDADE CLEBER LEITE;1
22533;FACULDADE NORTESUL;1
22566;FACULDADE METROPOLITANA DE ITACOATIARA;1
22578;FACULDADE CENSUPEG;1
22592;FACULDADES INTEGRADAS DA AMERICA DO SUL;1
22599;FACULDADE CECAPE;1
22603;FACULDADE ANCLIVEPA DE GESTAO E HUMANOLOGIA;1
22605;FACULDADE ANCLIVEPA SAO PAULO;1
22606;FACULDADE DAMASIO;1
22625;FACULDADE BOOKPLAY;1
22627;FACULDADE ABRANGE ABC;1
22628;CLARETIANO FACULDADE DE BOA VISTA;1
22629;CENTRO DE ESTUDOS EM DIREITO E NEGOCIOS;1
22634;FACULDADE FASIPE DE RONDONOPOLIS;1
22636;FACULDADE SAO FRANCISCO XAVIER;0
22640;FACULDADE METROPOLITANA DE COARI;1
22641;FACULDADE METROPOLITANA DE PARINTINS;1
22643;FACULDADE METROPOLITANA DE TEFE;1
22644;FACULDADE DO CEFI;1
22650;FACULDADE DO CENTRO EDUCACIONAL INTERDISCIPLINAR DO BRASIL;1
22651;INSTITUTO DE TECNOLOGIA E LIDERANCA;1
22659;FACULDADE HARVEN AGRIBUSINESS SCHOOL;1
22660;FACULDADE UNYPUBLICA;1
22684;FACULDADE UNICENTRAL;1
22685;CENTRO DE MEDICINA ESPECIALIZADA PESQUISA E ENSINO;0
22702;FACULDADE PITAGORAS UNOPAR DE CHAPECO;1
22703;FACULDADE PITAGORAS DE CONCORDIA;1
22707;FACULDADE PITAGORAS UNOPAR DE ITAJUBA;1
22710;FACULDADE ANHANGUERA DE QUIXERAMOBIM;1
22712;FACULDADE PITAGORAS UNOPAR DE MURIAE;1
22713;FACULDADE DO OESTE POTIGUAR;1
22715;FACULDADE PITAGORAS UNOPAR DE CANINDE;1
22716;FACULDADE PITAGORAS DE PENAPOLIS;1
22730;FACULDADE CETEM;1
22736;FACULDADE UNISUL DE ITAJAI;1
22738;FACULDADE PITAGORAS UNOPAR DE CALDAS NOVAS;0
22739;INSTITUTO SOCIESC DE ITAJAI;1
22741;FACULDADE MASTER DO PARA FAMAP XINGUARA;1
22742;FACULDADE MASTER DO PARA FAMAP TUCUMA;1
22746;FACULDADE FLEMING DE OSASCO;0
22747;FACULDADE PROF. LUIZ MARIO D'AVILA;1
22748;FACULDADES FAMEP;1
22753;FACULDADE RIO PARNAIBA;1
22758;FACULDADE UNA DE ITABIRA;1
22759;INSTITUTO UNA DE ITABIRA;1
22760;FACULDADE FLEMING CERQUILHO;1
22762;FACULDADE DE TECNOLOGIA E CIENCIAS FTC CARUARU;1
22763;FACULDADE SANTA CASA;1
22764;ESCOLA SUPERIOR DE EDUCACAO;1
22769;GAIA;1
22771;FACULDADE CRISTO REI;1
22775;FACULDADE GARCA BRANCA PANTANAL;1
22777;FACULDADE VALE DOS CARAJAS;1
22787;FACULDADE DE TECNOLOGIA E CIENCIAS FTC CAMACARI;1
22811;COMPLEXO DE ENSINO SUPERIOR DE PALMAS;1
22814;FACULDADE AUDEN EDUCACIONAL;1
22862;FRANKLINCOVEY BUSINESS SCHOOL;1
22866;FACULDADE ASSOCIADA BRASIL EAD;1
22872;FACULDADE UNIABA;1
22911;FACULDADE DO SERTAO CENTRAL EAD;1
22913;FACULDADE ESCOLA DE NEGOCIOS FUCAPE;1
22917;FACULDADE DE CIENCIAS MEDICAS DE MARICA;1
22930;CENTRO DE ENSINO E PESQUISA DO PRO CARDIACO;0
22932;FACULDADE UNIFAMEC;1
22939;FACULDADE DE TECNOLOGIA DE ARARAQUARA;1
22946;FACULDADE DE CIENCIAS JURIDICAS DE SANTA MARIA;1
22950;FACULDADE DO ESTADO DO RIO DE JANEIRO;1
22966;FACULDADE INSTITUTO BRASILEIRO DE ENSINO;1
22975;UNICORP FACULDADES;1
22985;FACULDADE TRILOGICA NOSSA SENHORA DE TODOS OS POVOS;1
22992;FACULDADE SENAI DE CONSTRUCAO;1
22996;FACULDADE DE TECNOLOGIA E CIENCIAS FTC PARNAMIRIM;1
22999;FACULDADE DE TECNOLOGIA E CIENCIAS FTC ITAPIPOCA;1
23000;FACULDADE DE TECNOLOGIA E CIENCIAS FTC CAUCAIA;1
23002;FACULDADE DE TECNOLOGIA E CIENCIAS FTC N. SRA. DO SOCORRO;1
23012;FACULDADE LIBER DE PORANGATU;1
23022;FACULDADE CETRUS SANAR;1
23023;FACULDADE TECNOLOGICA ANTHROPOS;1
23025;FACULDADE DE ENSINO SUPERIOR BRASILEIRA FACULDADE FEBRAS;1
23026;ESCOLA DE SARGENTOS DE LOGISTICA;1
23028;ESCOLA DE SARGENTOS DAS ARMAS;1
23030;FACULDADE COGNITIVO;1
23038;FACULDADE DE EDUCACAO E TECNOLOGIA DO ESPIRITO SANTO;1
23066;FACULDADE METROPOLITANA DE DIAS D'AVILA;0
23089;FACULDADE DE NOVA MUTUM;1
23090;INSTITUTO DE ENSINO SUPERIOR CAPIXABA;1
23095;INSTITUTO SOCIESC DE JARAGUA DO SUL;1
23096;FACULDADE SANTO ANTONIO SJC;1
23097;FACULDADE IBMEC DE BRASILIA;1
23099;FACULDADE ANHANGUERA DE PALMAS;1
23100;FACULDADE ANHANGUERA DE JUAZEIRO DO NORTE;1
23101;FACULDADE DE ENGENHARIA PITAGORAS DE SANTAREM;0
23102;FACULDADE ANHANGUERA DE SOBRAL;1
23107;FACULDADE DOM ADELIO TOMASIN;1
23109;FACULDADE DE CIENCIAS E TECNOLOGIA DE CHAPECO;1
23110;FACULDADES FAMEP UNIDADE TERESINA P;1
23117;FACULDADES FAMEP UNIDADE FORTALEZA CE;1
23118;IBPTECH FACULDADE DE CIENCIAS FORENSES E TECNOLOGIA;1
23123;FACULDADE AMERICAS INTERNATIONAL COLLEGE;1
23129;INSTITUTO DE DESENVOLVIMENTO E APRENDIZAGEM IDEA FORTALEZA;1
23130;INSTITUTO DE DESENVOLVIMENTO E APRENDIZAGEM IDEA SAO LUIZ;1
23139;BRAIN BUSINESS SCHOOL;1
23145;FACULDADE SEB LAFAIETE;1
23146;FACULDADE DOMINIUS;1
23147;FACULDADE DO COMERCIO DE SAO PAULO;1
23151;FACULDADE EDUCAR DA IBIAPABA;1
23155;FACULDADE UNEX;1
23159;FACULDADE BARAO DE JEQUIRICA;1
23162;CENTRO DE ENSINO SUPERIOR DE CONTAGEM;0
23163;FACULDADE DE EDUCACAO SUPERIOR DE DIVINOPOLIS;1
23164;CENTRO DE ENSINO SUPERIOR DE DIVINOPOLIS;1
23168;CENTRO DE ESTUDOS SUPERIORES DE JATAI;1
23169;ESCOLA SUPERIOR DE ITABIRA;1
23172;FACULDADE DE EDUCACAO SUPERIOR DE POUSO ALEGRE;1
23174;CENTRO DE ENSINO SUPERIOR DE NOVA SERRANA;0
23175;ESCOLA SUPERIOR DE POUSO ALEGRE;1
23176;FACULDADE DE EDUCACAO SUPERIOR DE SETE LAGOAS;1
23177;FACULDADE DE EDUCACAO SUPERIOR DE CATALAO;1
23178;CENTRO DE ENSINO SUPERIOR DE SETE LAGOAS;1
23179;CENTRO DE ENSINO SUPERIOR DE CATALAO;0
23180;ESCOLA SUPERIOR DE CATALAO;1
23181;FACULDADE INTERCONTINENTAL;1
23191;FACULDADE CENTRAL DO RECIFECENTRO;1
23194;FACULDADE PSICOLOG;1
23197;FACULDADE SOCIESC DE EDUCACAO DE JARAGUA DO SUL;1
23200;FACULDADE UNISUL DE EDUCACAO DE ITAJAI;1
23201;INSTITUTO DE EDUCACAO SUPERIOR UNISUL DE ITAJAI;1
23202;FACULDADE SOCIESC DE EDUCACAO DE SAO BENTO DO SUL;1
23203;CENTRO DE ENSINO SUPERIOR SOCIESC DE SAO BENTO DO SUL;0
23215;FACULDADE DO ESTADO DE SAO PAULO;1
23218;FACULDADE PARAISO FORTALEZA;1
23224;FACULDADE PRESIDENTE DUTRA;1
23228;FACULDADE SAO JUDAS DE GUARULHOS;1
23229;FACULDADE ALFREDO NASSER DE PONTALINA;1
23235;INSTITUTO UNIVERSITARIO SAO JUDAS DE GUARULHOS;1
23236;ESCOLA SUPERIOR SAO JUDAS DE GUARULHOS;1
23241;INSTITUTO UNIVERSITARIO SAO JUDAS DE SAO BERNARDO DO CAMPO;1
23242;ESCOLA SUPERIOR SAO JUDAS DE SAO BERNARDO DO CAMPO;1
23244;INSTITUTO UNIVERSITARIO UNA DE CONSELHEIRO LAFAIETE;1
23245;ESCOLA SUPERIOR UNA DE CONSELHEIRO LAFAIETE;1
23252;ESCOLA SUPERIOR UNA DE ITUMBIARA;1
23261;FACULDADE SAO JUDAS DE SAO BERNARDO DO CAMPO;1
23264;FACULDADE UNA DE CONSELHEIRO LAFAIETE;1
23273;FACULDADE UNA DE ITUMBIARA;1
23275;FACULDADE DE AGRONOMIA UNA DE CONSELHEIRO LAFAIETE;1
23278;FACULDADE DE AGRONOMIA UNA DE ITUMBIARA;1
23280;FACULDADE DE EDUCACAO SUPERIOR IESLA;1
23318;FACULDADE BRASILEIRA DE CACHOEIRO;1
23322;FACULDADE MENNA BARRETO;1
23331;ALFA FACULDADE DE TEOFILO OTONI;1
23332;FACULDADE ALFA DE TEOFILO OTONI;1
23333;FACULDADE DAMASIO EDUCACIONAL;1
23335;FACULDADE EMBU DAS ARTES;1
23342;FACULDADE AVANTIS DE FLORIANOPOLIS;1
23352;INSTITUTO PROFESSOR FLAVIO VELLINI;0
23358;CENTRO DE ENSINO SUPERIOR SOCIESC DE JARAGUA DO SUL;1
23381;FACULDADE DE GOVERNANCA ENGENHARIA E EDUCACAO DE SAO PAULO;1
23382;FACULDADE UNINORTE TAILANDIA;1
23383;FACULDADE NACIONAL;1
23389;FACULDADE UNIBRAS MARANHAO;1
23394;FACULDADE DE ENGENHARIA E ADMINISTRACAO PAULISTA;1
23400;FACULDADE FASIPE DE SORRISO;1
23409;FACULDADE UNICESP;1
23410;UNIVERSIDADE ESTADUAL DA REGIAO TOCANTINA DO MARANHAO;1
23438;FACULDADE DE TECNOLOGIA DE ARARAS;1
23454;FACULDADE ZARNS ITUMBIARA;1
23455;FACULDADE INTEGRADA INSTITUTO SOUZA;1
23459;FACULDADE DE TECNOLOGIA DE ADAMANTINA;1
23700;FACULDADE DE TECNOLOGIA DE FERRAZ DE VASCONCELOS;1
23703;FACULDADE DE PENEDO;1
23705;FACULDADE DE TECNOLOGIA DE FRANCO DA ROCHA;1
23707;FACULDADE DE TECNOLOGIA E EDUCACAO SUPERIOR E PROFISSIONALIZ;1
23713;FACULDADE DE EDUCACAO TECNOLOGICA BARRA MANSA;1
23723;FACULDADE VOLPE MIELE;1
23725;ESCOLA SUPERIOR DE GESTAO;0
23733;FACULDADE RIO GUARIBAS;1
23776;FACULDADE DE ENSINO SUPERIOR DO LAGO;1
23798;FACULDADE DE CIENCIAS E EDUCACAO EM SAUDE;1
23799;FACULDADE EXATA EDUCACIONAL;1
23817;FACULDADE DE CIENCIAS MEDICAS CEMEPE;1
23818;INSTITUTO SUPERIOR DA AFAC;1
23820;FACULDADE DUNAMIS;1
23821;FACULDADE VALE DO SORRISO;1
23841;FACULDADE ESAMC BRASILIA;1
23842;FACULDADE SENAC CEARA;1
23843;FACULDADE ITEC;1
23866;FACULDADE EBPOS;1
23867;FACULDADE DE TECNOLOGIA DE SUMARE;1
23868;LINK SCHOOL OF BUSINESS;1
23875;FACULDADE INSTITUTO DE ENSINO SUPERIOR;1
23876;FACULDADE MONSENHOR HIPOLITO;1
23877;FACULDADE HAYEK GLOBAL COLLEGE;1
23890;FACULDADE DO CENTRO EDUCACIONAL INTERDISCIPLINAR DO BRASIL CPA;1
23893;FACULDADE ANHANGUERA DE ITAPETININGA;1
23894;FACULDADE PITAGORAS DE BELEM;1
23895;FACULDADE ANHANGUERA DE CACHOEIRO DE ITAPEMIRIM;1
23896;FACULDADE ANHANGUERA DE CAMACARI;1
23897;FACULDADE ANHANGUERA DE CARUARU;1
23899;FACULDADE PITAGORAS DE MOSSORO;1
23908;FACULDADE SAO FRANCISCO DO CEARA CRATO;1
23912;FACULDADE SINPAIN;1
23923;FACULDADE ANHANGUERA DE ALVORADA;1
23924;FACULDADE ANHANGUERA DE SAO JOAO DE MERITI;1
23946;FACULDADE DE TECNOLOGIA E CIENCIAS FTC JUAZEIRO DO NORTE;0
23948;FACULDADES FAMEP UNIDADE URUCUI PI;1
23952;FACULDADE TEUTONIA;1
23973;CENTRO DE ENSINO SUPERIOR DE ALTAMIRA;1
23984;FACULDADE DO AMAZONAS;1
23991;FACULDADE THEMIS;1
24011;FACULDADE ARAGUAPAZ ITAMAR BERNADINO;1
24024;CENTRO DE ENSINO SUPERIOR DE LORENA;1
24025;CENTRO DE ENSINO SUPERIOR DE SERRA DOURADA;1
24026;INSTITUTO DE SERRA DOURADA;1
24030;FACULDADE DE CIENCIAS DA SAUDE PORTO DIA;1
24046;FACULDADE DA ASSOCIACAO MEDICA PAULISTA;1
24055;FACULDADE FASIPE DE PRIMAVERA;1
24056;FACULDADE DE SAUDE DO SERTAO DE PERNAMBUCO;1
24060;FACULDADE FASIPE NORTE;1
24066;FACULDADE CRISTA DA CIDADE;1
24072;FACULDADE MOGIANA;1
24074;FACULDADE DE GESTAO EDUCACAO E DE SAUDE;1
24160;INSTITUTO DE ENSINO SUPERIOR AGOSTINIANO CASA GAIA;1
24168;FACULDADE UNIDA DE SAO PAULO;1
24189;FACULDADE SAO FRANCISCO DA PARAIBA CAMPINA GRANDE;1
24190;FACULDADE BARROS MELO RECIFE;1
24191;FACULDADE UFAPE;1
24196;FACULDADE CLEBER LEITE EAD;1
24201;FACULDADE FISEPE;1
24205;FACULDADE SOBERANA DE ARAPIRACA;1
24208;FACULDADE DOCTUM DE ALMENARA;1
24209;FACULDADE SOBERANA DE JACOBINA;1
24211;INSTITUTO AMAZONICO DE ENSINO SUPERIOR;1
24213;INSTITUTO DE DESENVOLVIMENTO E APRENDIZAGEM IDEA DIREITO;1
24214;FACULDADE DOS GENIOS;1
24215;SOBERANA FACULDADE DE JUIZ DE FORA;1
24217;FACULDADE BRASILEIRA DE NEGOCIOS INOVADORES;1
24223;FACULDADE DE TECNOLOGIA DA AMAZONIA;1
24245;FACULDADE QUALITTAS EAD;1
24253;FACULDADE INVICTUS;1
24255;FACULDADE DE NOVA MUTUM;1
24257;INSTITUTO DE DIREITO DO NORTE IDN MANAUS;1
24259;FACULDADE ALFFA PRIME;1
24263;FACULDADE METROPOLITANA DO PARA;1
24268;FACULDADE UNINORTE MARABA;1
24275;FACULDADE UNIFICADA DO ESTADO DE SAO PAULO;1
24281;FACULDADE DE ENSINO E FORMACAO DA BAHIA;1
24282;FACULDADE BOA ESPERANCA;1
24286;FACULDADE URCI;1
24287;FACULDADE BIOPARK;1
24290;FACULDADE ANDREOTTI DE MARINGA;1
24300;FACULDADE UNIDA DE SAO PAULO EAD;1
24301;FACULDADE FUNORTE DE GOVERNADOR VALADARES;1
24325;FACULDADE W EDUCAR;1
24326;FACULDADE CONQUER;1
24356;FACULDADE VIRTUAL DO BRASIL;1
24365;FACULDADE PASCHOAL DANTAS EAD;1
24366;FACULDADE MARECHAL RONDON DE BAURU;1
24368;FACULDADE MARECHAL RONDON DE GUARULHOS;1
24369;FACULDADE MARECHAL RONDON DE MAUA;1
24376;FACULDADE DE TECNOLOGIA E CIENCIAS FTC TEIXEIRA DE FREITAS;1
24378;FACULDADE SENAC JOINVILLE;1
24381;FACULDADE GEORGINA;1
24382;FACULDADE UNINASSAU CARPINA;1
24383;FACULDADE NACIONAL DE NATUROPATIA ADMINISTRACAO E PEDAGOGIA;1
24387;ESCOLA SUPERIOR DE CIENCIA DO FOGO E DOS DESASTRES;1
24390;FACULDADE DE TECNOLOGIA E CIENCIAS FTC ALAGOINHAS;1
24391;FACULDADE DE EDUCACAO DA IBIAPABA;1
24392;FACULDADE DINAMICA;1
24399;FACULDADE ESCOLA SOBRAL DE OLIVEIRA;1
24400;FACULDADE MULTIVERSA DE SETE LAGOAS;1
24403;FACULDADE ATENAS SUL DE MINAS;1
24404;FACULDADE ATENAS CENTRO DE MINAS;1
24405;INSTITUTO DE DESENVOLVIMENTO EDUCACIONAL DA AMAZONIA;1
24410;FACULDADE CENTRO SUL;1
24412;FACULDADE EDUFOR;1
24437;FACULDADE MERITOS;1
24443;FACULDADE AGES DE MEDICINA DE IRECE;1
24446;FACULDADE DE MEDICINA DE ACAILANDIA;1
24457;FACULDADE PARAISO ARARIPINA;1
24459;FACULDADE TIRADENTES DE GOIANA;1
24462;CENTRO DE EDUCACAO TECNOLOGICO DA FUNDACAO INDAIATUBANA DE EDUCACAO E CULTURA;1
24463;FACULDADE VITORIA EM CRISTO;1
24464;FACULDADE DE CIENCIAS DA SAUDE PITAGORAS DE CODO;1
24465;ACADEMIA DE POLICIA MILITAR DO ESPIRITO SANTO;0
24470;FACULDADE DE MEDICINA DO SERTAO;1
24471;FACULDADE ATENAS VALENCA;1
24488;FACULDADE UNICESUMAR DE CORUMBA;1
24490;FACULDADE MAR ATLANTICO;1
24507;ESCOLA DE ENSINO SUPERIOR DA FIPE;1
24509;FACULDADE ESTACIO DE CANINDE;1
24511;FACULDADE DE TECNOLOGIA DO SUDOESTE DA BAHIA;1
24521;FACULDADES JURIS;1
24525;ILUM ESCOLA DE CIENCIA;1
24526;FACULDADE ENDEX;1
24527;FACULDADE DE ENSINO SUPERIOR REFFERENCIAL;1
24530;FACULDADE DA POLICIA MILITAR DE SANTA CATARINA;1
24547;AFYA FACULDADE DE CIENCIAS MEDICAS DE CRUZEIRO DO SUL;1
24548;AFYA FACULDADE DE CIENCIAS MEDICAS DE ITACOATIARA;1
24550;AFYA FACULDADE DE CIENCIAS MEDICAS DE SANTA INES;1
24551;AFYA FACULDADE DE CIENCIAS MEDICAS DE MANACAPURU;1
24553;FACULDADE VINCIT;1
24558;FACULDADE INBEC;1
24672;"FACULDADE DE TECNOLOGIA DE MATAO ""LUIZ MARCHESAN""";1
24675;FACULDADE DE ENERGIAS RENOVAVEIS E TECNOLOGIAS INDUSTRIAIS;1
24676;FACULDADE DE MEDICINA DE JIPARANA;1
24677;FACULDADE FACIENCIA;1
24679;FACULDADE HOLISTICA;1
24687;FACULDADE DE MEDICINA ESTACIO DE CASTANHAL;1
24689;FACULDADE BRASILIANA;1
24700;FACULDADE INSTITUTO RIO DE JANEIRO;1
24703;FACULDADE EDUCABRASIL NOEL DE MELLO;1
24709;INSTITUTO RACINE DE EDUCACAO SUPERIOR;1
24843;INSTITUTO DE ASSISTENCIA MEDICA AO SERVIDOR PUBLICO ESTADUAL;1
24847;FACULDADE DE TECNOLOGIA E CIENCIAS DE TERESINA;0
24861;FACULDADE ATENAS DO SUL BAIANO;1
24862;FACULDADE DE TECNOLOGIA SENAC CASCAVEL;1
24864;INSTITUTO DE EDUCACAO SUPERIOR E INOVACAO INVENIO;1
24881;FACULDADE FILADELFIA DE TECNOLOGIA;1
24884;FACULDADE INTERNACIONAL DE SAO PAULO;1
24894;FACULDADE PREMIER;1
24899;FACULDADE ANHANGUERA DO AMAZONAS;1
24909;FACULDADE PITAGORAS UNIDADE CARUARU;1
24920;FACULDADE DE DIREITO EDUCACAO E GESTAO;1
24922;FACULDADE SAO VICENTE DE IRATI;1
24960;FACULDADE SIM;1
24965;FACULDADE DE TECNOLOGIA E CIENCIAS DE CAMPINA GRANDE;0
24966;FACULDADE UNIAVAN RIO DO SUL;1
24968;FACULDADE PITAGORAS DE PARANAGUA;1
24979;INSTITUTO BRASIL DE ENSINO SUPERIOR;1
24980;FACULDADE DE TECNOLOGIA SENAC PONTA GROSSA;1
24981;FACULDADE DE TECNOLOGIA SENAC SAO JOSE DOS PINHAIS;1
24989;FACULDADE TERCEIRA VISAO;1
24990;FACULDADE DE EDUCACAO SUPERIOR DE CONCORDIA DO PARA;1
24991;FACULDADE DE EDUCACAO VALE DO PAJEU;1
24996;FACULDADE LIFE UNIC EDUCATION;1
25001;INSTITUTO GOIANO DE DIREITO;1
25123;FACULDADE VALE DO IGUACU CANOINHAS;1
25133;FACULDADE DE MINAS EAD;1
25148;ESCOLA SUPERIOR DE EDUCACAO E NEGOCIOS;1
25157;FACULDADE LUIZ MARIO MOUTINHO;1
25167;FACULDADE UNITBRASIL;1
25175;FACULDADE DE LUCAS DO RIO VERDE;1
25181;FACULDADE ALPHAVILLE;1
25182;FACULDADE ALCANCE ENSINO SUPERIOR EAD;1
25187;FACULDADE DE CIENCIAS E EMPREENDEDORISMO DE SIMOES FILHO;1
25205;FACULDADE MARECHAL RONDON DE OSASCO;1
25207;FACULDADE NOVE DE JULHO DE BOTUCATU;1
25222;FACULDADE ATENAS PORTO SEGURO;1
25223;FACULDADE ATENAS SORRISO;1
25261;AFYA FACULDADE DE CIENCIAS MEDICAS DE BRAGANCA;1
25274;UNIVERSIDADE FEDERAL DE CATALAO;1
25275;UNIVERSIDADE FEDERAL DO AGRESTE DE PERNAMBUCO;1
25277;UNIVERSIDADE FEDERAL DO DELTA DO PARNAIBA;1
25282;UNIVERSIDADE FEDERAL DE JATAI;1
25307;AFYA FACULDADE DE CIENCIAS MEDICAS DE ABAETETUBA;1
25313;FACULDADE FRAGA DE INTEGRACAO DA CULTURA EDUCACAO E PESQUISA;1
25334;FACULDADE CIDADE TEOLOGICA PENTECOSTAL;1
25348;FACULDADE CRISTA DE EDUCACAO SUPERIOR;1
25349;FACULDADE INTERNACIONAL DE SAO PAULO;1
25352;UNIVERSIDADE FEDERAL DE RONDONOPOLIS;1
25364;FACULDADE OURINHOS DE ENSINO SUPERIOR;1
25365;FACULDADE FAMEP UNIDADE PARAMBU CE;1
25377;FACULDADE INPRO;1
25387;FACULDADE GUERRA;1
25392;FACULDADE G8;1
25393;FACULDADE IDEAL TRENDS;1
25412;FACULDADE METROPOLITANA DE FRANCA;1
25424;ESCOLA DE COMUNICACAO MIDIA E INFORMACAO DA FUNDACAO GETULIO VARGAS;1
25425;FACULDADE TELOS DE CAMPINAS;1
25434;INSTITUTO NEUROSABER DE ENSINO;1
25439;FACULDADE REGIONAL DO VALLE;1
25440;FACULDADE OPUS 365;1
25441;FACULDADE PAULISTA DE BEM ESTAR E SAUDE;1
25444;SISTEMAS DE ENSINO EM CIENCIAS E TECNOLOGIAS;1
25445;ESCOLA SUPERIOR DO AR;1
25446;FACULDADE SIQUEIRA E COSTA;1
25450;FACULDADES INTEGRADAS DO SUL DE MINAS FISMINAS;1
25451;FACULDADE PREPARA;1
25452;FACULDADE BIOPARK;1
25453;FACULDADE ESPER;1
25455;FACULDADE BELAVISTA;1
25456;INSTITUTO NIKOLA TESLA;1
25466;FACULDADE DE ENSINO JURIDICO DE VITORIA;1
25467;FACULDADE ALURA.TECH;1
25469;FACULDADE UNIBRAS SANTA INES;1
25474;FACULDADE MICROLINS;1
25476;INSTITUTO DO SUL DE SANTA CATARINA;1
25478;ESCOLA SUPERIOR DO SUL DE SANTA CATARINA;1
25510;FACULDADES INTEGRADAS PLATON;1
25511;FACULDADE SANAR;1
25522;FACULDADE UNITBRASIL;1
25525;FACULDADE SANTA BARBARA;1
25536;FACULDADE OPEN EDUCACAO;1
25545;FACULDADE CENTROOESTE;1
25552;FACULDADE FASIPE PANTANAL;1
25575;FACULDADE VP;1
25576;FACULDADE TERZIUS;1
25577;FACULDADE IBE;1
25611;FACULDADE CADUCEU;1
25613;ACADEMIA DE POLICIA MILITAR DE MINAS GERAIS;1
25624;CEDDU CENTRO DE ENSINO SUPERIOR;1
25634;FACULDADE ATENAS CENTRO DE MATO GROSSO;1
25640;FACULDADE DE CIENCIAS EDUCACIONAIS E TECNOLOGIAS INTEGRADAS;1
25641;FENIAC;1
25647;FACULDADE FANORPI BANDEIRANTES;1
25655;FACULDADE SIRIUS;1
25656;INSTITUTO PLENITUDE EDUCACAO;1
25657;FACULDADE ITH;1
25665;FACULDADE FRACTAL;1
25712;FACULDADE CESPU EUROPA BRASIL;1
25714;FACULDADE FIZAP;1
25716;FACULDADE EXAME;1
25719;FACULDADE INPOS;1
25722;FACULDADE CANADENSES NO BRASIL;1
25745;FUNDACAO FACULDADE PARA AS ARTES EDUCACAO E COMUNICACAO;1
25763;FACULDADE LEONARDO DA VINCI DE BELO HORIZONTE;1
25764;FACULDADE LEONARDO DA VINCI DE JACOBINA;1
25772;FACULDADE ANCLIVEPA DE BELO HORIZONTE;1
25774;FACULDADE ANCLIVEPA BRASILIA;1
25776;L2 LABOR;1
25780;INSTITUTO MARIANO DE ESTUDOS E INOVACAO;1
25788;FACULDADE LEONARDO DA VINCI DE SAO GONCALO;1
25791;FACULDADE LEGALE;1
25806;FACULDADE ANCLIVEPA DE NATAL;1
25807;INSTITUTO DE POSGRADUACAO E ESTUDOS EM TECNOLOGIA DA SAUDE;1
25881;LCA LAW CONCEPT ACADEMY;1
25890;FACULDADE PEDREIRENSE DE EDUCACAO IPEDE;1
25903;FACULDADES REPUBLICA DE SAO PAULO;1
25907;CENAC CENTRO DE ENSINO NACIONAL;1
25934;FACULDADE FACULESTE EAD;1
25974;FACULDADE SALEM;1
25988;FACULDADE PHYSIO CURSOS;1
26005;FACULDADE SANTO IVO;1
26023;INSTITUTO EDUCACIONAL MONTE PASCOAL;1
26037;FACULDADE UCEFF DE FREDERICO WETSPHALEN;1
26038;FACULDADE UCEFF DE SAO MIGUEL DO OESTE;1
26044;ESCOLA DE ENSINO SUPERIOR LEC;1
26085;FACULDADE APM;1
26096;FACULDADE AOL LINS;1
26097;FACULDADE SOBERANA DE CACHOEIRO DO ITAPEMIRIM;1
26118;FACULDADE APRENDIZ;1
26121;FACULDADE GALICIA;1
26133;FACULDADE DA ZONA LESTE PAULISTANA;1
26135;FUNDACAO DOM CABRAL ENSINO SUPERIOR;1
26138;FACULDADE ALFAUNIPAC DE TEOFILO OTONI;1
26139;VOAS INSTITUTO DE APRENDIZAGEM SUPERIOR;1
26166;FACULDADE FASIPE DE LUCAS DO RIO VERDE;1
26170;FACULDADE DE ADMIN TECNOL. EDUC E DESENV. HUMANO;1
26171;FACULDADE ARIA;1
26201;FACULDADE POLITECNICA DE CORUMBA;1
26202;FACULDADE LEONARDO DA VINCI DE CHAPECO;1
26205;FACULDADE DE TECNOLOGIA ROCKETSEAT;1
26265;FACULDADE ITA EDUCACIONAL;1
26267;FACULDADE BRASILEIRA DE MEDICINA E SAUDE;1
26281;FACULDADE DE ENSINO SETE;1
26282;FACULDADE ELEVEN;1
26288;FACULDADE DO CENTRO DE MEDIADORES;1
26294;FACULDADE LIVRE DO BRASIL;1
26327;FACULDADE FAMABE;1
26328;FACULDADE PETRA;1
26338;FACULDADE LABPUB;1
26339;FACULDADE J&F;1
26341;FACULDADE DA FRONTEIRA OESTE;1
26342;FACULDADE GPI;1
26343;FACULDADE I9 EDUCACAO;1
26348;FACULDADE ISEP;1
26370;FACULDADE ASGARD;1
26376;FACULDADE SANTA JOANA;1
26377;FACULDADE FAVENORTE DE ESPINOSA;1
26383;FACULDADE CDPI;1
26394;FACULDADE MAXIMUS;1
26395;LEGACY FACULDADE INTERNACIONAL;1
26400;FACULDADE BATISTA LOGOS;1
26411;INSTITUTO DE ESTUDOS ESTRATEGICOS EM CIENCIAS SOCIAIS;1
26412;FACULDADE SCOLLA;1
26430;FACULDADE ALS;1
26443;INTERNATIONAL OROFACIAL ACADEMY RP;1
26519;FACULDADE FEX EDUCACAO;1
26529;ESCOLA DE COMUNICACAOMIDIA E INFORMACAO DE SAO PAULO DA FGV;1
26533;FACULDADE GOIAS;1
26541;INSTITUTO DE MATEMATICA PURA E APLICADA;1
26543;FACULDADE DE CIENCIAS DA SAUDE SIRIOLIBANES;1
26559;FACULDADE IPC;1
26562;FACULDADE DOS VALES FACUVALE;1
26579;FACULDADE DE IPATINGA;1
26581;FACULDADE MCPHERSON DE ARARAS;1
26582;FACULDADE ANCLIVEPA FIT;1
26583;FACULDADE COMUNIDADE DAS NACOES;1
26584;INSTITUTO APAE BRASIL DE ENSINO E PESQUISA;1
26591;LA FACULDADES;1
26606;FACULDADE ESP;1
26610;FACULDADE DE QUERENCIA;1
26617;LUMEN EDUCACIONAL;1
26618;FACULDADE AUCCE;1
26627;FACULDADE BAIANA DE CIENCIAS DA SAUDE DR. OSWALDO FORTINI;1
26629;FACULDADE VALE DO PAJEU JOAO ALFREDO;1
26656;FACULDADE FASIPE BRASILIA;1
26702;FACULDADE CATOLICA DO AMAZONAS;1
26709;ESCOLA SUPERIOR DE PESQUISA E DESENVOLVIMENTO;1
26717;FACULDADE SANTA TERESA DE BOA VISTA;1
26719;FACULDADE HUB EDUCACAO;1
26749;FACULDADE SABERES DO OESTE DA BAHIA;1
26833;FACULDADE LUTERANA CONCORDIA;1
26858;UNIMT FACULDADES INTEGRADAS;1
26859;QUALIN FACULDADE DE SAUDE;1
26874;FACULDADE IOA;1
26880;FACULDADE TECNOLOGICA DE CACU;1
26889;FACULDADE SAPIENS;1
26974;ESCOLA DO FUTURO DO ESTADO DE GOIAS EM ARTES BASILEU FRANCA;1
27012;FACULDADE ANCLIVEPA PORTO ALEGRE;1
27029;FACULDADE SAO LEOPOLDO MANDIC DE LIMEIRA;1
27052;FACULDADE EFAN;1
27057;FACULDADE UNA DE TUCURUI;1
27097;FACULDADE SENAC HUB ACADEMY;1
27103;UNIVERSIDADE DO DISTRITO FEDERAL;1
27145;FACULDADE SOCORRO SOARES;1
28500;FACULDADE MOTIM AZEVEDO;1
28502;FACULDADE SENAI DE MINAS GERAIS;1
28515;FACULDADE ESCOLA SUPERIOR DE ADVOCACIA DA OAB NACIONAL;1
28519;FACULDADE INTERCONTINENTAL;1
28539;FACULDADE MINEIRA EDUCACIONAL;1
28548;BP EDUCACAO ENSINO SUPERIOR EM SAUDE;1
28833;FACULDADE DE MEDICINA UNIDERP DE PONTA PORA;1
28985;FACULDADE DE TECNOLOGIA DE REGISTRO;1
28986;FACULDADE DE TECNOLOGIA DE BARRETOS;1
28988;FACULDADE DE TECNOLOGIA DE VOTORANTIM;1
29118;UNIVERSIDADE FEDERAL DO NORTE DO TOCANTINS;1
29927;COLEGIO TECNOLOGICO DO ESTADO DE GOIAS GOVERNADOR ONOFRE QUI;1
29928;COLEGIO TECNOLOGICO DO ESTADO DE GOIAS AGUINALDO DE CAMPOS N;1
29929;COLEGIO TECNOLOGICO DO ESTADO DE GOIAS GOVERNADOR OTAVIO LAG;1
9999999;INSTITUICAO NAO CADASTRADA;
